20180,2.54,3.02,-10.35,20180,0.14,-0.01,0.11
20190,2.46,2.92,-10.18,20190,0.1,0.02,0.12
20200,2.36,2.62,-9.88,20200,0.07,0.04,0.13
20210,2.36,2.53,-9.53,20210,0.02,0.05,0.12
20220,2.33,2.49,-9.36,20220,-0.05,0.05,0.12
20230,2.29,2.46,-9.01,20230,-0.09,0.04,0.12
20240,2.34,2.39,-9.08,20240,-0.08,0.02,0.13
20250,2.35,2.11,-9.16,20250,-0.06,0.01,0.13
20260,2.39,2.09,-9.46,20260,-0.02,0.01,0.13
20270,2.31,2.18,-9.46,20270,0.04,0.03,0.13
20280,2.36,2.29,-9.41,20280,0.04,0.03,0.13
20290,2.3,2.38,-9.08,20290,0.09,0.03,0.14
20300,2.33,2.44,-9.02,20300,0.07,0.01,0.15
20310,2.3,2.2,-9.03,20310,0.01,0.01,0.16
20320,2.35,2.22,-8.57,20320,0.01,-0.01,0.16
20330,2.31,2.34,-8.38,20330,0.06,-0.05,0.17
20340,2.32,2.22,-8.37,20340,0.08,-0.1,0.18
20350,2.32,2,-8.49,20350,0.04,-0.14,0.17
20360,2.36,2.16,-8.55,20360,0,-0.18,0.16
20370,2.36,2.64,-8.58,20370,-0.02,-0.22,0.17
20380,2.35,3.02,-8.67,20380,0.03,-0.26,0.21
20390,2.38,3.07,-8.78,20390,0.07,-0.31,0.26
20400,2.37,3.05,-9.45,20400,0.09,-0.35,0.31
20410,2.32,2.42,-10.11,20410,0.09,-0.36,0.34
20420,2.32,1.89,-11.01,20420,0.05,-0.35,0.33
20430,2.29,1.72,-11.41,20430,0.06,-0.3,0.32
20440,2.17,1.54,-11.23,20440,0.02,-0.24,0.28
20450,2.18,1.73,-11.01,20450,0.05,-0.2,0.25
20460,2.24,2.06,-11.17,20460,0.06,-0.18,0.24
20470,2.21,2.21,-11.33,20470,0.05,-0.14,0.24
20480,2.2,2.2,-11.33,20480,0.11,-0.1,0.25
20490,2.2,1.78,-11.5,20490,0.14,-0.05,0.26
20500,2.17,1.59,-11.56,20500,0.08,0.01,0.23
20510,2.23,1.84,-11.21,20510,0.05,0.07,0.21
20520,2.18,2.26,-10.97,20520,-0.02,0.12,0.2
20530,2.15,3.1,-10.53,20530,-0.18,0.16,0.21
20540,2.03,3.58,-10.26,20540,-0.4,0.19,0.24
20550,1.97,4.64,-9.36,20550,-0.6,0.19,0.3
20560,2.01,6.17,-8.97,20560,-0.79,0.16,0.41
20570,1.92,7.65,-8.77,20570,-0.97,0.12,0.61
20580,1.76,8.52,-8.3,20580,-1.06,0.05,0.91
20590,1.57,8.71,-8.3,20590,-1.03,-0.06,1.26
20600,1.38,7.74,-9.36,20600,-1.01,-0.17,1.61
20610,1.16,5.32,-10.67,20610,-1.09,-0.21,1.88
20620,1.36,3.01,-11.99,20620,-1.09,-0.2,2.05
20630,1.64,1.38,-13.76,20630,-1.02,-0.12,2.15
20640,2.23,-3.64,-16.21,20640,-0.9,0.03,2.16
20650,2.85,-10.66,-19.89,20650,-0.84,0.34,1.84
20660,3.46,-18.79,-24.44,20660,-0.89,0.94,1.12
20670,2.67,-28.04,-25.97,20670,-1.09,1.68,0.08
20680,1.03,-37.97,-25.95,20680,-0.88,2.4,-1.42
20690,-2.54,-39.23,-24.06,20690,0.2,3.05,-3.25
20700,-7.39,-38.3,-21.9,20700,1.79,3.52,-5.13
20710,-11.09,-21.85,-20.11,20710,3.67,3.73,-6.6
20720,-12.78,0.67,-19.71,20720,5.61,3.77,-7.18
20730,-11.81,22.18,-16.49,20730,7.18,3.67,-6.83
20740,-8.89,39.23,-10.31,20740,7.61,3.33,-5.73
20750,-5.39,39.23,0.4,20750,6.5,2.76,-4.19
20760,-2.6,39.23,13.31,20760,4.71,1.82,-2.47
20770,-1.93,39.23,24.27,20770,3.06,0.26,-0.85
20780,-1.82,36,21.41,20780,2.15,-1.36,0.14
20790,-0.77,37,7.87,20790,0.63,-2.49,0.9
20800,0.76,39.23,-5.01,20800,-0.73,-2.88,1.92
20810,0.81,39.23,-14.63,20810,-1.53,-2.76,3.46
20820,-1.78,39.23,-20.16,20820,-1.75,-2.3,5.25
20830,-6.09,39.23,-20.05,20830,-1.82,-1.72,6.84
20840,-12.08,32.66,-14.9,20840,-2.28,-1.35,8.25
20850,-18.46,23.93,-11.23,20850,-3.18,-1.3,8.73
20860,-24.09,10.98,-11.01,20860,-3.92,-1.56,8.73
20870,-26.95,-4.99,-12.08,20870,-3.69,-1.99,8.73
20880,-25.08,-39.23,-20.03,20880,-3.64,-2.36,8.73
20890,-15.77,-39.23,-31.91,20890,-2.98,-2.06,6.56
20900,-7.39,-39.23,-32.44,20900,-2.35,-1.33,3.23
20910,-3.93,-39.23,-29.81,20910,-1.07,-0.8,0.67
20920,-4.09,-39.23,-34.2,20920,0.29,-0.17,-1.77
20930,-6.05,-39.23,-34.82,20930,0.88,0.69,-4.07
20940,-8.92,-39.23,-36.49,20940,1.25,1.59,-5.96
20950,-12.74,-38.15,-38.13,20950,1.26,2.65,-7.47
20960,-17.27,-21.58,-33.95,20960,0.88,3.82,-8.54
20970,-19.87,-2.16,-23.19,20970,1.41,4.57,-8.73
20980,-19.72,14.42,-14.34,20980,3.25,4.63,-8.16
20990,-18.93,20.47,-8.44,20990,4.85,4.19,-7.36
21000,-15.45,31.51,-3.96,21000,6.01,3.5,-6.63
21010,-10.44,39.23,0.7,21010,5.96,2.68,-5.49
21020,-4.48,39.23,5.38,21020,4.02,1.76,-3.74
21030,-1.09,39.23,7.83,21030,1.38,0.88,-1.73
21040,0.58,39.23,7.56,21040,-0.79,0.02,0.09
21050,1.51,39.23,3.49,21050,-2.16,-0.66,1.65
21060,0.76,39.23,1.12,21060,-2.46,-1.12,3.31
21070,-1.74,39.23,-1.09,21070,-2.63,-1.45,4.93
21080,-6.02,38.38,-1.22,21080,-2.74,-1.67,6.38
21090,-12.55,31.13,0.45,21090,-3.27,-2.06,7.75
21100,-19.34,24.59,-0.04,21100,-3.71,-2.6,8.73
21110,-25.97,19.19,-3.76,21110,-3.78,-3.26,8.73
21120,-30.45,13.39,-11.63,21120,-2.86,-3.82,8.73
21130,-32.52,-8.39,-22.4,21130,-2.13,-3.93,8.73
21140,-28.66,-39.23,-34.22,21140,-2.17,-3.63,8.73
21150,-14.18,-39.23,-39.23,21150,-4.63,-2.69,5.99
21160,-8.95,-39.23,-39.23,21160,-8.24,-0.94,0.84
21170,-4.33,-39.23,-39.23,21170,-4.92,0.57,-2.22
21180,-5.45,-39.23,-39.23,21180,-0.95,1.69,-4.02
21190,-10.3,-39.23,-39.23,21190,3.18,2.28,-5.61
21200,-16.31,-37.95,-39.23,21200,5.26,3.13,-7.24
21210,-20.82,-21.09,-39.23,21210,4.95,4.06,-8.47
21220,-24.11,-3.22,-34.33,21220,4.36,4.92,-8.73
21230,-26.5,5.86,-24.94,21230,3.66,5.43,-8.73
21240,-26.24,20.45,-16.64,21240,3.67,5.54,-8.73
21250,-22.16,39.16,-3.14,21250,4.03,5.15,-8.18
21260,-14.33,39.23,9.59,21260,4.39,4.15,-6.61
21270,-7.36,39.23,18.54,21270,4.17,2.81,-4.62
21280,-2.26,39.23,27.83,21280,2.9,1.26,-2.71
21290,0.71,39.23,28.1,21290,0.78,-0.42,-0.84
21300,1.58,39.23,18.06,21300,-1.48,-1.86,1.22
21310,0.21,39.23,7.1,21310,-3.05,-2.65,3.13
21320,-3.06,39.23,-3.14,21320,-4.14,-3,5.09
21330,-8.49,39.23,-6.99,21330,-4.68,-3.07,6.86
21340,-15.47,35.6,-6.14,21340,-4.67,-3.27,8.3
21350,-23.68,27.66,-4.27,21350,-4.57,-3.7,8.73
21360,-30.69,19.71,-4.93,21360,-3.66,-4.38,8.73
21370,-34.36,2.37,-12.13,21370,-2.74,-5,8.73
21380,-33.47,-39.23,-27.07,21380,-2.72,-5.18,8.73
21390,-22.16,-39.23,-39.23,21390,-3.38,-4.41,7.51
21400,-9.19,-39.23,-39.23,21400,-4.73,-2.78,3.19
21410,-3.95,-39.23,-39.23,21410,-4.95,-0.88,-0.22
21420,-3.42,-39.23,-39.23,21420,-2.81,0.28,-1.98
21430,-5.31,-39.23,-39.23,21430,0.88,1.18,-3.26
21440,-7.85,-39.23,-39.23,21440,3.48,1.98,-4.6
21450,-13.33,-39.23,-39.23,21450,4.47,3.03,-6.19
21460,-18.42,-26.08,-39.23,21460,4.72,4.13,-7.59
21470,-22.28,-10.84,-31.63,21470,4.53,4.85,-8.45
21480,-24.95,6.47,-23.13,21480,4.39,5.22,-8.73
21490,-24.26,18.33,-10.89,21490,3.9,5.21,-8.54
21500,-20.24,30.99,0.38,21500,3.47,4.62,-7.95
21510,-14.73,39.23,7.36,21510,3.17,3.72,-6.88
21520,-8.68,39.23,15.61,21520,2.32,2.53,-5.45
21530,-4.19,39.23,23.19,21530,1.33,1.21,-4.17
21540,0.11,39.23,22.92,21540,0.59,-0.29,-2.74
21550,2.4,39.23,13.23,21550,-0.28,-1.46,-1.11
21560,3.74,37.36,3.82,21560,-1.18,-2.06,0.26
21570,3.83,25.98,-3.83,21570,-1.8,-2.26,1.22
21580,3.3,15.6,-7.53,21580,-2.04,-2.19,1.82
21590,2.93,7,-8.9,21590,-1.89,-2.08,2.12
21600,2.14,-1.52,-9.63,21600,-1.17,-2,2.22
21610,1.56,-7.86,-10.23,21610,-0.33,-1.92,2.02
21620,1.4,-9.9,-10.12,21620,0.43,-1.86,1.68
21630,1.3,-10.2,-10.55,21630,0.76,-1.84,1.27
21640,1.4,-9.71,-11.63,21640,0.68,-1.82,0.9
21650,1.62,-9.24,-13.84,21650,0.46,-1.74,0.55
21660,2.27,-7.88,-16.76,21660,0.19,-1.58,0.24
21670,2.76,-5.68,-19.31,21670,0.07,-1.29,0.03
21680,3.29,-3.94,-21.09,21680,-0.06,-0.9,-0.11
21690,3.56,-3.12,-21.38,21690,-0.14,-0.45,-0.22
21700,3.58,-1.38,-20.88,21700,-0.21,0,-0.31
21710,3.31,-0.96,-19.13,21710,-0.5,0.42,-0.38
21720,3.04,-0.18,-16.1,21720,-0.68,0.75,-0.47
21730,2.6,1.61,-12.48,21730,-0.65,0.93,-0.49
21740,2.31,1.99,-9.62,21740,-0.51,0.94,-0.43
21750,2.04,2.07,-7.26,21750,-0.29,0.85,-0.39
21760,2.14,3.13,-5.29,21760,-0.06,0.65,-0.34
21770,2.43,4.03,-5.5,21770,0.04,0.41,-0.23
21780,2.64,3.66,-6.03,21780,0.08,0.22,-0.11
21790,2.75,2.95,-6.56,21790,0.03,0.06,-0.05
21800,2.91,2.82,-7.29,21800,-0.05,-0.07,0
21810,3.1,2.76,-7.94,21810,-0.11,-0.17,0.04
21820,3.2,2.93,-8.96,21820,-0.1,-0.23,0.11
21830,3.21,2.88,-9.91,21830,-0.15,-0.23,0.19
21840,3.21,2.91,-9.97,21840,-0.19,-0.22,0.29
21850,3.11,2.57,-10.06,21850,-0.18,-0.21,0.37
21860,3,0.99,-10.18,21860,-0.21,-0.21,0.42
21870,2.53,-2.77,-11.14,21870,-0.33,-0.2,0.33
21880,2.54,-2.99,-11.76,21880,-0.36,-0.13,0.09
21890,2.62,-0.82,-11.48,21890,-0.31,-0.06,-0.05
21900,2.61,0.3,-11.12,21900,-0.15,-0.03,-0.08
21910,2.64,0.5,-11.05,21910,0.01,0,-0.07
21920,2.6,0.21,-11.02,21920,0.05,0.04,-0.09
21930,2.59,0.44,-10.83,21930,0.06,0.09,-0.12
21940,2.64,0.91,-10.44,21940,0.02,0.12,-0.14
21950,2.62,1.09,-10.2,21950,-0.05,0.15,-0.14
21960,2.65,1.58,-9.36,21960,-0.04,0.15,-0.13
21970,2.74,2.49,-8.95,21970,-0.02,0.12,-0.08
21980,2.75,2.33,-8.76,21980,0.01,0.09,-0.01
21990,2.74,1.73,-8.51,21990,-0.06,0.05,0.03
22000,2.69,1.38,-8.38,22000,-0.08,-0.01,0.03
22010,2.66,1.06,-8.92,22010,-0.08,-0.06,0.03
22020,2.7,0.75,-9.26,22020,-0.01,-0.08,0.02
22030,2.71,0.67,-9.94,22030,0.03,-0.09,0
22040,2.71,0.76,-10.21,22040,0.03,-0.07,-0.02
22050,2.78,0.65,-10.21,22050,-0.01,-0.05,-0.04
22060,2.63,0.14,-10.28,22060,-0.09,-0.03,-0.08
22070,2.57,-0.8,-10.25,22070,-0.19,-0.02,-0.15
22080,2.55,-1.6,-10.35,22080,-0.28,-0.01,-0.26
22090,2.55,-1.62,-10.38,22090,-0.3,0,-0.39
22100,2.61,-1.41,-10.45,22100,-0.31,0.01,-0.48
22110,2.62,-2.23,-10.75,22110,-0.33,0.02,-0.57
22120,2.72,-3.69,-11.7,22120,-0.39,0.05,-0.72
22130,2.81,-5.51,-13.16,22130,-0.47,0.13,-0.95
22140,2.93,-6.47,-15.45,22140,-0.53,0.29,-1.25
22150,3.2,-4.88,-16.97,22150,-0.51,0.56,-1.54
22160,3.41,-1.02,-17.27,22160,-0.33,0.9,-1.69
22170,3.4,2.09,-16.7,22170,-0.07,1.18,-1.61
22180,3.28,2.9,-15.77,22180,0.17,1.43,-1.46
22190,3.04,2.41,-15.09,22190,0.39,1.64,-1.36
22200,2.68,3.59,-14.24,22200,0.7,1.82,-1.3
22210,2.21,5.59,-12.28,22210,0.99,1.98,-1.21
22220,2.11,8.36,-9.09,22220,1.26,2.04,-1.07
22230,1.72,13.56,-4.56,22230,1.53,1.96,-0.83
22240,1.29,22.5,2.43,22240,1.96,1.67,-0.33
22250,0.95,32.9,11.22,22250,2.46,1.04,0.58
22260,-0.6,39.23,19.96,22260,2.48,0.05,1.87
22270,-3.91,39.23,24.51,22270,1.83,-1.39,3.67
22280,-8.24,39.23,19.8,22280,0.7,-2.72,5.41
22290,-13.55,39.23,9.24,22290,-0.6,-3.68,7.07
22300,-19.09,33.77,-1.04,22300,-2,-4.24,8.43
22310,-24.5,26.31,-9.89,22310,-3.15,-4.51,8.73
22320,-29.29,23.17,-18.52,22320,-3.51,-4.6,8.73
22330,-33.04,21.07,-30.12,22330,-2.7,-4.47,8.73
22340,-34.43,11.06,-39.23,22340,-1.44,-3.78,8.73
22350,-34.79,-21.13,-39.23,22350,-1.36,-2.61,8.73
22360,-27.72,-39.23,-39.23,22360,-2.95,-1.13,8.73
22370,-13.39,-39.23,-39.23,22370,-7.85,0.54,6.26
22380,-11.44,-39.23,-39.23,22380,-5.95,3.43,1.48
22390,-11.06,-39.23,-39.23,22390,-2.97,5.76,-1.73
22400,-18.73,-39.23,-39.23,22400,0.61,6.68,-4.48
22410,-27.88,-39.23,-37.27,22410,5.52,7.14,-6.93
22420,-35.32,-24.5,-34.68,22420,8.23,7.45,-8.64
22430,-38.37,2.58,-26.54,22430,8.31,7.62,-8.73
22440,-38.1,23.53,-10.98,22440,7.07,7.4,-8.73
22450,-29.65,33.91,13.61,22450,6.06,6.48,-8.37
22460,-21.72,33.44,27.11,22460,5.56,4.61,-7.57
22470,-17.01,34.97,32.82,22470,4.4,2.76,-6.95
22480,-11.87,36.65,39.23,22480,1.82,0.49,-6.28
22490,-5.65,39.23,39.23,22490,2.33,-2.35,-5.1
22500,0.42,39.23,28.32,22500,3.03,-4.68,-2.34
22510,4.34,39.23,-6.39,22510,2.36,-5.39,1.38
22520,2.94,39.23,-30.92,22520,0.75,-4.52,4.72
22530,-1.64,39.23,-38.06,22530,-0.86,-2.96,7.02
22540,-8.25,39.23,-31.23,22540,-2.32,-1.57,8.4
22550,-15.29,29.73,-18.48,22550,-3.43,-0.9,8.73
22560,-22.42,25.5,-7.02,22560,-4.19,-1.01,8.73
22570,-28.44,13.93,-4.75,22570,-4.52,-1.83,8.73
22580,-31.06,-11.26,-11.94,22580,-5.35,-2.59,8.73
22590,-27.46,-39.23,-19.09,22590,-5.61,-3.25,8.73
22600,-18.31,-39.23,-31.31,22600,-5.35,-3.47,5.34
22610,-12.61,-39.23,-39.23,22610,-5.41,-2.81,1.1
22620,-8.66,-39.23,-39.23,22620,-4.75,-1.64,-1.62
22630,-7.32,-39.23,-39.23,22630,-1.49,-0.73,-2.97
22640,-8.46,-39.23,-39.23,22640,3.04,-0.18,-4.14
22650,-11.51,-39.23,-39.23,22650,5.87,0.7,-5.68
22660,-16.25,-39.23,-39.23,22660,6.27,2.02,-7.38
22670,-22.29,-24.56,-39.23,22670,5.46,3.43,-8.73
22680,-27.44,-6.59,-37.7,22680,4.2,4.62,-8.73
22690,-27.96,10.9,-19.16,22690,3.4,5.15,-8.73
22700,-25.81,26,-7.05,22700,2.85,4.88,-8.73
22710,-20.11,39.23,4.27,22710,2,4.3,-8.59
22720,-12.71,39.23,18.17,22720,1.16,3.27,-7.1
22730,-3.71,39.23,28.75,22730,0.91,1.71,-4.98
22740,2.67,39.23,29.45,22740,0.26,-0.1,-2.08
22750,4.66,39.23,16.92,22750,-0.96,-1.61,1.09
22760,3.18,39.23,0.02,22760,-1.99,-2.28,3.6
22770,0.39,39.23,-10.82,22770,-2.87,-2.18,5.28
22780,-3.27,34.3,-12.66,22780,-3.61,-1.81,6.36
22790,-7.75,27.13,-9.75,22790,-4.13,-1.59,7.16
22800,-14.16,21.93,-4.72,22800,-4.6,-1.71,7.96
22810,-19.79,16.91,-0.16,22810,-4.66,-2.33,8.68
22820,-23.95,-2.61,-0.14,22820,-3.85,-3.31,8.73
22830,-23.56,-36.43,-11.77,22830,-2.97,-4.09,8.43
22840,-17.85,-39.23,-22.44,22840,-2.5,-4.16,6.01
22850,-11.34,-39.23,-31.18,22850,-2.92,-3.7,2.75
22860,-5.78,-39.23,-36.22,22860,-3.35,-2.87,0.14
22870,-2.21,-29.78,-36.15,22870,-2.03,-2.01,-1.11
22880,-0.45,-20.5,-35.66,22880,0.08,-1.23,-1.54
22890,0.63,-17.2,-36.2,22890,1.81,-0.41,-1.76
22900,0.62,-16.57,-35.87,22900,2.65,0.54,-2.12
22910,-0.45,-13.32,-32.63,22910,2.48,1.6,-2.7
22920,-2.01,-8.75,-28.43,22920,1.73,2.49,-3.21
22930,-3.07,-3.88,-22.58,22930,0.91,3.17,-3.6
22940,-3.66,2,-16,22940,0.26,3.59,-3.79
22950,-3.78,6.97,-10.27,22950,-0.15,3.75,-3.73
22960,-3.2,10.97,-5.5,22960,-0.25,3.65,-3.49
22970,-1.84,13.99,-2.21,22970,-0.43,3.36,-3.12
22980,-0.32,15.93,-0.34,22980,-0.59,2.97,-2.65
22990,1.29,16.42,0.43,22990,-0.78,2.53,-2.14
23000,2.6,16.04,0.4,23000,-0.94,2.1,-1.64
23010,3.49,15.03,-0.05,23010,-0.99,1.7,-1.14
23020,4.14,13.26,-0.84,23020,-1.12,1.32,-0.66
23030,4.31,11.05,-0.36,23030,-1.17,1.01,-0.28
23040,4.43,7.9,-0.31,23040,-1.2,0.67,0
23050,4.28,5.78,-0.37,23050,-1.1,0.33,0.18
23060,3.96,4.14,-0.03,23060,-0.75,-0.02,0.31
23070,3.54,1.65,-0.11,23070,-0.27,-0.42,0.39
23080,3.37,-0.63,-1.71,23080,0.17,-0.79,0.36
23090,3.06,-2.36,-3.86,23090,0.65,-1.07,0.24
23100,3.28,-2.21,-6.58,23100,1.04,-1.25,0.06
23110,3.57,-1.26,-9.6,23110,1.29,-1.3,-0.08
23120,3.79,0.09,-12.02,23120,1.39,-1.21,-0.16
23130,4.02,1.17,-13.06,23130,1.36,-1.05,-0.19
23140,4.14,1.36,-13.57,23140,1.2,-0.87,-0.2
23150,4.19,1.56,-13.85,23150,0.96,-0.67,-0.23
23160,4.06,1.49,-13.48,23160,0.7,-0.47,-0.27
23170,3.92,1.17,-12.77,23170,0.39,-0.3,-0.33
23180,3.91,1.53,-12.15,23180,0.17,-0.16,-0.41
23190,3.9,2.3,-11.44,23190,0.01,-0.06,-0.45
23200,3.99,3.06,-10.48,23200,-0.25,0.02,-0.46
23210,4.03,3.59,-9.7,23210,-0.47,0.07,-0.43
23220,4.08,3.89,-8.66,23220,-0.54,0.06,-0.36
23230,4.05,4.06,-8.02,23230,-0.46,0,-0.27
23240,4.26,3.96,-8.36,23240,-0.31,-0.07,-0.17
23250,4.25,2.95,-9.41,23250,-0.32,-0.1,-0.09
23260,4.27,2.01,-9.66,23260,-0.34,-0.07,-0.09
23270,4.23,2.16,-9.27,23270,-0.3,-0.06,-0.12
23280,4.11,2.56,-9.06,23280,-0.19,-0.07,-0.11
23290,4.01,2.46,-9.03,23290,-0.06,-0.1,-0.1
23300,4.07,2.75,-9.43,23300,0.11,-0.11,-0.09
23310,4.11,2.96,-10.32,23310,0.1,-0.1,-0.06
23320,4.13,3.32,-10.05,23320,0.07,-0.04,-0.03
23330,4.04,3.61,-9.69,23330,0.02,-0.02,0.02
23340,3.79,3.35,-9.33,23340,-0.05,0.01,0.07
23350,3.64,3.07,-8.79,23350,-0.09,0,0.09
23360,3.58,3.19,-8.45,23360,-0.08,-0.03,0.11
23370,3.54,3.32,-8.57,23370,-0.1,-0.07,0.16
23380,3.51,3.05,-8.57,23380,-0.08,-0.11,0.21
23390,3.5,2.38,-8.69,23390,-0.08,-0.15,0.24
23400,3.46,1.81,-8.87,23400,-0.06,-0.18,0.24
23410,3.47,1.49,-8.87,23410,-0.05,-0.2,0.23
23420,3.45,1.26,-9.01,23420,-0.05,-0.22,0.2
23430,3.45,1.12,-8.81,23430,-0.06,-0.23,0.17
23440,3.4,0.88,-9.09,23440,-0.07,-0.25,0.13
23450,3.48,0.85,-9.34,23450,-0.05,-0.26,0.08
23460,3.48,1.22,-9.65,23460,-0.02,-0.26,0.04
23470,3.53,1.66,-9.73,23470,0.01,-0.24,0.03
23480,3.56,1.79,-9.79,23480,0.06,-0.23,0.04
23490,3.56,1.84,-10.07,23490,0.07,-0.22,0.04
23500,3.52,1.89,-10.3,23500,0.07,-0.19,0.04
23510,3.64,1.89,-10.37,23510,0.07,-0.15,0.04
23520,3.6,1.96,-10.5,23520,0.06,-0.12,0.04
23530,3.62,2.02,-10.37,23530,-0.02,-0.07,0.03
23540,3.52,2.3,-10.09,23540,-0.04,-0.04,0.03
23550,3.48,2.14,-9.59,23550,-0.03,-0.05,0.05
23560,3.51,1.88,-9.75,23560,-0.04,-0.05,0.05
23570,3.42,1.62,-9.74,23570,0.02,-0.05,0.04
23580,3.43,1.61,-9.68,23580,-0.01,-0.05,0.01
23590,3.47,1.9,-9.99,23590,-0.01,-0.04,0
23600,3.49,2.11,-9.81,23600,-0.02,-0.02,0
23610,3.47,2.38,-9.48,23610,-0.02,-0.01,0.01
23620,3.54,2.43,-9.71,23620,-0.04,-0.01,0.04
23630,3.49,2.29,-9.71,23630,-0.02,0.01,0.06
23640,3.37,2.08,-9.31,23640,-0.05,0.02,0.07
23650,3.39,1.57,-9.41,23650,-0.12,0.01,0.07
23660,3.25,1.2,-9.29,23660,-0.12,0.03,0.04
23670,3.28,1.34,-8.9,23670,-0.15,0.02,0
23680,3.31,1.86,-8.82,23680,-0.13,0,-0.01
23690,3.32,2.02,-8.94,23690,-0.09,-0.02,0
23700,3.32,1.79,-8.9,23700,-0.1,-0.03,0
23710,3.28,1.95,-8.86,23710,-0.11,-0.04,0
23720,3.26,2.13,-8.86,23720,-0.16,-0.06,0
23730,3.25,1.9,-9.17,23730,-0.23,-0.07,0
23740,3.24,1.95,-8.95,23740,-0.23,-0.09,0
23750,3.25,2.21,-9.11,23750,-0.17,-0.12,0
23760,3.22,2.4,-9.3,23760,-0.09,-0.14,0.02
23770,3.41,2.3,-9.62,23770,-0.06,-0.15,0.04
23780,3.39,2.23,-9.72,23780,0,-0.15,0.06
23790,3.48,2.05,-9.72,23790,-0.01,-0.15,0.06
23800,3.45,2.15,-9.9,23800,0.04,-0.14,0.07
23810,3.47,2.29,-9.77,23810,0.07,-0.13,0.07
23820,3.44,2.45,-9.65,23820,0.13,-0.13,0.09
23830,3.41,2.13,-9.89,23830,0.11,-0.13,0.12
23840,3.41,1.7,-10.26,23840,0.07,-0.12,0.12
23850,3.44,1.54,-10.23,23850,0.02,-0.09,0.1
23860,3.42,1.67,-10.38,23860,-0.02,-0.07,0.08
23870,3.44,1.8,-10.48,23870,-0.06,-0.03,0.08
23880,3.45,1.69,-10.34,23880,-0.08,0,0.06
23890,3.39,1.69,-10.18,23890,-0.12,0.03,0.04
23900,3.38,2.14,-10.11,23900,-0.17,0.05,0.02
23910,3.38,2.68,-9.87,23910,-0.14,0.07,0.03
23920,3.31,2.87,-9.71,23920,-0.15,0.08,0.06
23930,3.23,2.47,-9.42,23930,-0.17,0.08,0.09
23940,3.2,2.04,-9.18,23940,-0.17,0.08,0.1
23950,3.16,1.72,-8.92,23950,-0.17,0.07,0.1
23960,3.12,1.2,-8.96,23960,-0.2,0.04,0.08
23970,3.11,0.91,-8.67,23970,-0.21,0.03,0.05
23980,3.14,0.97,-8.34,23980,-0.18,-0.01,0.01
23990,3.18,1.19,-8.54,23990,-0.1,-0.05,-0.02
24000,3.19,1.62,-8.58,24000,-0.05,-0.08,-0.03
24010,3.26,2.22,-8.69,24010,-0.02,-0.12,-0.03
24020,3.23,2.53,-8.97,24020,0.02,-0.15,0
24030,3.2,2.28,-9.48,24030,-0.01,-0.16,0.02
24040,3.16,1.99,-9.65,24040,-0.02,-0.17,0.03
24050,3.11,2.01,-9.88,24050,-0.02,-0.16,0.02
24060,3.13,2.11,-10.09,24060,-0.01,-0.16,0.02
24070,3.26,2.21,-10.26,24070,-0.02,-0.14,0.03
24080,3.31,2.17,-10.15,24080,-0.03,-0.11,0.03
24090,3.37,2.51,-9.84,24090,0,-0.09,0.04
24100,3.36,3.06,-9.55,24100,0.06,-0.09,0.08
24110,3.33,3.2,-9.44,24110,0.13,-0.11,0.14
24120,3.38,3.23,-9.62,24120,0.21,-0.12,0.21
24130,3.44,3.49,-9.61,24130,0.25,-0.12,0.27
24140,3.46,3.93,-9.69,24140,0.29,-0.12,0.37
24150,3.42,4.2,-9.85,24150,0.26,-0.1,0.48
24160,3.3,4.63,-9.71,24160,0.22,-0.07,0.62
24170,3.08,5.27,-8.98,24170,0.23,-0.07,0.8
24180,2.86,6.02,-8.81,24180,0.24,-0.1,1.03
24190,2.38,6.94,-9.29,24190,0.28,-0.17,1.37
24200,2.15,8.15,-11.21,24200,0.45,-0.22,1.79
24210,2.1,6.42,-14.46,24210,1.04,-0.23,2.34
24220,2.02,-2.8,-19.76,24220,1.87,-0.1,2.72
24230,2.53,-19.25,-27.88,24230,2.62,0.32,2.53
24240,2.6,-37.05,-35.65,24240,2.87,1.23,1.38
24250,1.24,-39.23,-39.23,24250,1.91,2.48,-0.71
24260,-2.79,-39.23,-39.23,24260,0.13,3.92,-3.29
24270,-8.01,-39.23,-33.83,24270,-1.51,5.24,-5.42
24280,-14.61,-31.42,-26.5,24280,-2.38,6.32,-6.84
24290,-19.67,-19.37,-17.32,24290,-2.15,7.04,-7.75
24300,-20.67,4.11,-1.92,24300,-1.1,7.19,-7.97
24310,-15.97,33.89,18.64,24310,1.62,6.38,-6.86
24320,-9.12,39.23,36.86,24320,4.49,4.4,-4.69
24330,-3.52,39.23,39.23,24330,4.75,1.9,-2.36
24340,-1.99,39.23,39.23,24340,3.03,-0.66,-0.61
24350,-4.23,23.51,39.23,24350,2.15,-3.22,0.16
24360,-7.62,12.22,37.05,24360,1.97,-5.34,0.05
24370,-9.7,22.06,22.02,24370,1.68,-6.88,-0.17
24380,-6.21,39.23,-2.22,24380,1.68,-7.63,0.71
24390,-3.12,39.23,-28.64,24390,1.55,-7.06,3.11
24400,-2.33,39.23,-39.23,24400,1.16,-5.48,5.85
24410,-5.98,39.23,-39.23,24410,0.76,-3.3,8.13
24420,-12.15,31.31,-39.23,24420,-0.08,-1.41,8.73
24430,-20.76,23.11,-30.54,24430,-0.97,-0.11,8.73
24440,-27.57,17.36,-22.6,24440,-0.97,0.31,8.73
24450,-31.82,-19.84,-20.68,24450,-1.42,0.41,8.73
24460,-25.15,-39.23,-34.69,24460,-3.17,0.59,8.73
24470,-13.49,-39.23,-39.23,24470,-6.33,1.24,4.63
24480,-7.75,-39.23,-39.23,24480,-5.83,2.69,-0.45
24490,-9.11,-39.23,-39.23,24490,-4.69,3.94,-3.87
24500,-13.17,-39.23,-34.4,24500,-1.13,4.95,-5.57
24510,-17.67,-28.83,-25.1,24510,2.87,5.4,-6.5
24520,-19.29,-15.13,-19.5,24520,5.16,5.41,-6.78
24530,-20.62,-9.58,-12.95,24530,5.38,5.31,-7.26
24540,-21.25,4.05,0.65,24540,4.32,4.99,-7.91
24550,-17.4,29.85,22,24550,3.22,4.04,-7.85
24560,-10.15,39.23,39.23,24560,2.67,2.07,-6.53
24570,-2.87,39.23,39.23,24570,2.11,-0.59,-4.1
24580,1,39.23,39.23,24580,1.58,-3.28,-1.09
24590,1.66,39.23,12.43,24590,1.05,-4.82,1.86
24600,1.84,39.23,-17.72,24600,-0.01,-4.8,4.11
24610,0.6,39.23,-33.21,24610,-1.59,-3.61,5.65
24620,-2.3,37.48,-32.58,24620,-3.09,-2.14,6.78
24630,-7.91,34.3,-24.74,24630,-3.84,-1.25,7.83
24640,-15.49,29.67,-15.64,24640,-4.21,-1.03,8.73
24650,-23.18,27.03,-9.19,24650,-3.65,-1.41,8.73
24660,-29.69,11.55,-10.94,24660,-3.06,-2.12,8.73
24670,-31.36,-39.23,-19.35,24670,-3.8,-2.74,8.73
24680,-20.5,-39.23,-34.69,24680,-3.84,-2.77,8.13
24690,-10.01,-39.23,-39.23,24690,-3.72,-2.25,3.24
24700,-13.42,-39.23,-39.23,24700,-4.05,-0.69,-2.06
24710,-11.38,-39.23,-39.23,24710,-1.58,1.28,-5.22
24720,-13.94,-35.37,-39.23,24720,0.29,3,-6.47
24730,-15.25,-20.79,-39.23,24730,2.74,4.05,-6.97
24740,-17.97,-13.82,-39.23,24740,4.13,5.05,-7.31
24750,-20.65,-3.54,-29.98,24750,4.12,5.92,-7.79
24760,-22.42,9.09,-16.48,24760,3.66,6.26,-7.95
24770,-21.67,14.62,-6.01,24770,3.14,6.07,-7.94
24780,-18.67,28.42,4.46,24780,2.43,5.65,-7.77
24790,-12.17,39.23,27.41,24790,2.09,4.67,-6.73
24800,-2.52,39.23,39.23,24800,2.59,2.57,-4.49
24810,3.45,39.23,39.23,24810,2.89,0.08,-1.45
24820,4.02,39.23,38.24,24820,2.38,-2.04,1.24
24830,2.39,39.23,17.34,24830,1.76,-3.46,3.14
24840,1.41,35.04,0.84,24840,0.85,-3.77,4.03
24850,0.68,35.4,-9.63,24850,-0.12,-3.44,4.78
24860,-2.18,36.94,-11.31,24860,-1.05,-2.91,5.87
24870,-8.08,34.95,-5.65,24870,-1.47,-2.7,7.19
24880,-15.37,29.81,-1.09,24880,-1.59,-2.98,8.53
24890,-23.78,21.41,2.56,24890,-1.16,-3.63,8.73
24900,-28.71,-5.24,-3.33,24900,-1.35,-4.5,8.73
24910,-26.35,-39.23,-21.44,24910,-1.85,-4.79,8.73
24920,-16.29,-39.23,-39.23,24920,-2.43,-4.22,6.15
24930,-9.57,-39.23,-39.23,24930,-2.42,-2.8,1.7
24940,-6.07,-39.23,-39.23,24940,-2.89,-0.98,-2.19
24950,-4.88,-29.82,-39.23,24950,-1.86,0.6,-3.48
24960,-4.35,-17.74,-35.35,24960,-0.38,1.63,-3.7
24970,-3.93,-12.44,-30.4,24970,1.3,2.17,-3.67
24980,-4.36,-11.35,-28.8,24980,2.58,2.72,-3.71
24990,-5.35,-8.97,-23.14,24990,3.04,3.23,-4.01
25000,-5.81,-3.44,-17.18,25000,2.72,3.56,-4.39
25010,-5.48,3.14,-11.72,25010,1.73,3.72,-4.63
25020,-4.32,9.02,-6.19,25020,0.69,3.7,-4.65
25030,-2.49,13.3,-2.11,25030,-0.07,3.48,-4.44
25040,-0.59,16.03,0.27,25040,-0.54,3.15,-4.05
25050,1.34,17.55,1.92,25050,-0.91,2.75,-3.52
25060,2.86,17.78,3.14,25060,-1.19,2.33,-3.02
25070,3.94,18.33,4.01,25070,-1.38,1.91,-2.49
25080,4.62,18.11,5.61,25080,-1.48,1.45,-1.92
25090,5.02,17.53,6.96,25090,-1.41,0.9,-1.36
25100,5.16,17.21,6.59,25100,-1.13,0.31,-0.76
25110,5.16,15.79,5.15,25110,-0.64,-0.27,-0.15
25120,5,12.16,2.88,25120,-0.05,-0.79,0.41
25130,4.79,7.87,-0.28,25130,0.55,-1.16,0.79
25140,4.58,3.55,-2.79,25140,0.94,-1.41,0.99
25150,4.17,-0.85,-5.93,25150,0.99,-1.54,0.97
25160,4.03,-3.72,-7.93,25160,0.99,-1.54,0.79
25170,4.01,-4.8,-9.44,25170,0.8,-1.47,0.48
25180,4.16,-3.81,-10.99,25180,0.64,-1.37,0.19
25190,4.39,-1.69,-11.59,25190,0.65,-1.24,0.02
25200,4.59,-0.68,-12.97,25200,0.45,-1.09,-0.05
25210,4.72,-0.17,-13.6,25210,0.35,-0.92,-0.07
25220,4.69,-0.41,-14.13,25220,0.23,-0.73,-0.09
25230,4.67,-0.71,-14.27,25230,0.12,-0.53,-0.15
25240,4.78,-0.4,-13.94,25240,0.02,-0.34,-0.23
25250,4.9,0.32,-13.58,25250,-0.07,-0.16,-0.29
25260,5.02,1.13,-12.91,25260,-0.16,0.01,-0.31
25270,4.87,1.7,-11.52,25270,-0.24,0.14,-0.31
25280,4.71,1.22,-9.89,25280,-0.24,0.18,-0.28
25290,4.82,0.2,-9.65,25290,-0.17,0.17,-0.31
25300,4.75,0.34,-9.61,25300,-0.13,0.19,-0.38
25310,4.83,1.44,-8.57,25310,-0.13,0.2,-0.41
25320,4.75,2.64,-7.57,25320,-0.14,0.15,-0.38
25330,4.71,2.98,-7.07,25330,-0.27,0.07,-0.32
25340,4.71,2.77,-6.73,25340,-0.27,-0.02,-0.26
25350,4.66,2.96,-6.76,25350,-0.16,-0.12,-0.2
25360,4.65,3.15,-6.95,25360,-0.15,-0.22,-0.14
25370,4.7,3.44,-7.52,25370,-0.07,-0.31,-0.05
25380,4.61,3.38,-8.27,25380,0.03,-0.37,0.04
25390,4.66,2.57,-9.35,25390,0.05,-0.39,0.11
25400,4.7,1.84,-10,25400,0.03,-0.36,0.13
25410,4.75,1.32,-10.63,25410,-0.08,-0.3,0.11
25420,4.65,1.07,-10.51,25420,-0.18,-0.23,0.08
25430,4.52,0.85,-10.03,25430,-0.27,-0.17,0.05
25440,4.32,0.69,-9.29,25440,-0.3,-0.14,0
25450,4.28,0.78,-8.83,25450,-0.3,-0.17,-0.03
25460,4.28,1.35,-8.67,25460,-0.21,-0.21,-0.05
25470,4.29,2.24,-8.91,25470,-0.04,-0.26,-0.02
25480,4.38,2.3,-9.33,25480,0.06,-0.29,0.05
25490,4.32,1.89,-9.78,25490,0.1,-0.3,0.09
25500,4.32,1.3,-10.21,25500,0.07,-0.28,0.1
25510,4.33,0.87,-10.63,25510,0.13,-0.24,0.08
25520,4.42,1,-11.03,25520,0.19,-0.18,0.04
25530,4.38,1.48,-10.97,25530,0.23,-0.11,0.02
25540,4.51,1.87,-10.76,25540,0.15,-0.04,0.03
25550,4.42,2.07,-10.43,25550,0.09,0.03,0.05
25560,4.33,1.97,-9.62,25560,0.04,0.06,0.08
25570,4.36,2.04,-9.1,25570,-0.01,0.05,0.1
25580,4.15,2.05,-8.72,25580,0.09,0.03,0.14
25590,4.06,1.76,-8.52,25590,0.14,0,0.17
25600,4.04,1.29,-8.25,25600,0.15,-0.04,0.18
25610,4.07,1.11,-8.51,25610,0.14,-0.09,0.16
25620,4.17,1.37,-8.78,25620,0.15,-0.11,0.14
25630,4.24,1.57,-9.19,25630,0.1,-0.13,0.15
25640,4.26,1.34,-9.73,25640,0.03,-0.12,0.16
25650,4.34,0.91,-10.09,25650,-0.01,-0.09,0.16
25660,4.26,0.37,-10.24,25660,-0.06,-0.04,0.13
25670,4.26,0.12,-10.34,25670,-0.13,0.02,0.08
25680,4.1,0.1,-10.01,25680,-0.24,0.08,0.01
25690,3.95,0.55,-9.17,25690,-0.23,0.12,-0.04
25700,3.9,1.03,-8.46,25700,-0.26,0.1,-0.08
25710,3.75,1.76,-8.02,25710,-0.21,0.06,-0.08
25720,3.88,2.24,-7.88,25720,-0.13,-0.01,-0.04
25730,3.93,2.53,-8.13,25730,-0.09,-0.08,0.01
25740,4.02,2.29,-8.4,25740,-0.1,-0.13,0.06
25750,4.04,1.8,-8.63,25750,-0.11,-0.16,0.09
25760,4.16,1.49,-8.77,25760,-0.09,-0.19,0.1
25770,4.12,1.27,-8.84,25770,-0.05,-0.21,0.11
25780,4.21,0.87,-8.93,25780,-0.04,-0.25,0.12
25790,4.19,0.15,-9.48,25790,-0.07,-0.28,0.09
25800,4.21,-0.1,-10.04,25800,-0.13,-0.27,0.03
25810,4.21,-0.12,-10.07,25810,-0.17,-0.25,-0.03
25820,4.16,0.42,-10.14,25820,-0.11,-0.24,-0.08
25830,4.17,1.09,-10.35,25830,-0.05,-0.22,-0.1
25840,4.2,1.5,-10.82,25840,-0.01,-0.2,-0.1
25850,4.21,1.89,-11.25,25850,0.05,-0.14,-0.08
25860,4.26,2.2,-11.32,25860,0.1,-0.07,-0.05
25870,4.38,2.32,-11.55,25870,0.08,0.01,-0.01
25880,4.29,2.01,-11.79,25880,-0.08,0.1,0.02
25890,4.21,1.51,-11.14,25890,-0.17,0.21,0.03
25900,4.09,1.15,-10.41,25900,-0.19,0.29,0.01
25910,3.9,1.19,-9.62,25910,-0.19,0.32,0
25920,3.74,0.75,-9.42,25920,-0.17,0.33,-0.02
25930,4.32,0.46,-10.83,25930,0.23,0.4,-0.03
25940,4.04,-0.2,-9.19,25940,-0.05,0.46,-0.09
25950,3.78,-0.8,-8.16,25950,-0.28,0.45,-0.18
25960,3.47,-1.47,-7.27,25960,-0.26,0.39,-0.3
25970,3.45,-1.79,-6.77,25970,-0.39,0.29,-0.45
25980,3.47,-1.15,-6.08,25980,-0.53,0.18,-0.6
25990,3.85,0.2,-5.83,25990,-0.52,0.01,-0.69
26000,4.02,1.77,-6.46,26000,-0.5,-0.15,-0.7
26010,4.24,3.12,-7.71,26010,-0.41,-0.27,-0.64
26020,4.42,3.88,-8.4,26020,-0.31,-0.32,-0.53
26030,4.62,3.98,-9.02,26030,-0.34,-0.35,-0.42
26040,4.61,3.57,-10.02,26040,-0.4,-0.33,-0.33
26050,4.45,3.18,-9.95,26050,-0.34,-0.27,-0.26
26060,4.33,2.81,-9.53,26060,-0.32,-0.24,-0.23
26070,4.17,3.05,-9.11,26070,-0.32,-0.24,-0.2
26080,4.02,3.63,-8.26,26080,-0.23,-0.28,-0.15
26090,4.1,4.4,-8.16,26090,-0.1,-0.36,-0.06
26100,4.05,4.73,-8.91,26100,0.06,-0.43,0.07
26110,4.07,3.87,-10.13,26110,0.21,-0.46,0.19
26120,4.08,3.05,-11.27,26120,0.32,-0.42,0.25
26130,4.08,2.43,-12.23,26130,0.3,-0.33,0.27
26140,4.08,1.85,-12.68,26140,0.12,-0.19,0.26
26150,4.14,1.47,-12.24,26150,-0.04,-0.04,0.23
26160,3.95,1.6,-11.13,26160,-0.19,0.08,0.2
26170,3.72,1.63,-10.02,26170,-0.25,0.14,0.19
26180,3.57,1.6,-8.76,26180,-0.22,0.14,0.19
26190,3.4,1.31,-7.96,26190,-0.12,0.08,0.19
26200,3.45,1.24,-7.96,26200,-0.01,0,0.18
26210,3.51,1.3,-8.47,26210,0.08,-0.05,0.17
26220,3.57,1.14,-8.74,26220,0.04,-0.07,0.16
26230,3.57,0.97,-8.89,26230,0,-0.07,0.13
26240,3.62,0.95,-8.92,26240,-0.08,-0.07,0.1
26250,3.58,1.1,-8.6,26250,-0.12,-0.07,0.07
26260,3.59,1.32,-8.06,26260,-0.13,-0.09,0.06
26270,3.63,1.83,-7.99,26270,-0.15,-0.13,0.06
26280,3.62,1.98,-7.88,26280,-0.08,-0.18,0.08
26290,3.48,1.66,-8.22,26290,-0.08,-0.25,0.09
26300,3.49,1.02,-8.71,26300,-0.07,-0.29,0.07
26310,3.48,0.55,-9.25,26310,-0.17,-0.31,0.01
26320,3.57,1.17,-9.34,26320,-0.2,-0.31,-0.05
26330,3.73,2.19,-9.55,26330,-0.22,-0.33,-0.05
26340,3.85,2.87,-9.8,26340,-0.2,-0.33,0
26350,3.89,3.13,-9.82,26350,-0.14,-0.34,0.09
26360,3.86,2.83,-10.51,26360,-0.11,-0.36,0.2
26370,3.9,1.61,-12.34,26370,-0.05,-0.36,0.32
26380,4.11,-0.44,-16.37,26380,-0.02,-0.26,0.38
26390,4.89,-4.2,-21.47,26390,0.17,-0.01,0.38
26400,5.09,-9.26,-28.2,26400,0.15,0.5,0.19
26410,4.73,-15.64,-33.54,26410,-0.44,1.32,-0.29
26420,3.54,-21.01,-35.06,26420,-0.84,2.36,-1.06
26430,1.24,-23.32,-33.11,26430,-1.41,3.54,-2.12
26440,-1.16,-19.56,-27.47,26440,-1.49,4.46,-3
26450,-3.14,-9.68,-19.35,26450,-0.58,5.08,-3.48
26460,-4.87,1.72,-9.4,26460,0.69,5.28,-3.47
26470,-3.76,13.1,2.54,26470,2.45,5,-3.11
26480,-2.01,26.22,15.52,26480,4.29,4.1,-2.44
26490,0.05,39.09,27.78,26490,5.14,2.66,-1.45
26500,1.48,39.23,36.07,26500,4.59,0.82,-0.19
26510,1.65,39.23,39.23,26510,3.73,-1.17,1.13
26520,-0.15,39.23,36.56,26520,2.85,-3.12,2.34
26530,-4.19,39.23,23.51,26530,1.51,-4.62,3.61
26540,-7.03,39.23,7.6,26540,0.43,-5.47,4.86
26550,-9.36,39.23,-8.97,26550,-0.41,-5.6,6.06
26560,-12.35,39.23,-23.6,26560,-0.83,-5.04,7.65
26570,-17.22,35.16,-30.75,26570,-1.03,-4.08,8.73
26580,-25.87,22.4,-29.05,26580,-0.99,-3.13,8.73
26590,-32.18,-14.14,-22.31,26590,-1.14,-2.8,8.73
26600,-28.98,-39.23,-33.78,26600,-0.68,-2.57,8.73
26610,-19.86,-39.23,-39.23,26610,-1.07,-1.44,6.35
26620,-10.48,-39.23,-39.23,26620,-3.42,0.17,1.23
26630,-9.07,-39.23,-39.23,26630,-4.4,1.89,-3.09
26640,-11.82,-39.23,-39.23,26640,-3.45,3.44,-5.69
26650,-16.45,-39.23,-39.23,26650,-0.86,5.03,-7.14
26660,-19.92,-23.42,-39.23,26660,0.92,6.45,-7.78
26670,-26.28,-5.15,-34.62,26670,1.42,7.74,-8.05
26680,-29.5,15.73,-9.02,26680,2.04,8.48,-7.78
26690,-25.1,39.23,28.03,26690,2.89,7.73,-6.86
26700,-13.58,39.23,39.23,26700,3.29,5.28,-5.09
26710,-3.91,39.23,39.23,26710,2.2,1.84,-2.51
26720,-0.49,39.23,39.23,26720,-0.38,-1.69,-0.06
26730,-1.09,39.23,39.23,26730,-1.65,-4.32,1.54
26740,-4.58,39.23,23.23,26740,-2.07,-5.84,2.8
26750,-6.31,39.23,-5.74,26750,-2.52,-6.32,4.53
26760,-9.14,39.23,-25.28,26760,-2.69,-5.78,6.44
26770,-14.45,39.23,-33.53,26770,-2.42,-4.78,8.36
26780,-25.28,26.71,-26.07,26780,-1.97,-3.93,8.73
26790,-31.85,-19.93,-15.58,26790,-2.23,-4.23,8.73
26800,-27.69,-39.23,-31.84,26800,-0.08,-4.62,8.73
26810,-17.39,-39.23,-39.23,26810,1.32,-3.58,4.76
26820,-9.83,-39.23,-39.23,26820,-0.46,-1.9,-0.21
26830,-8.64,-39.23,-39.23,26830,-1.25,-0.12,-3.82
26840,-9.35,-39.23,-39.23,26840,-0.73,1.77,-5.78
26850,-11.77,-31.51,-39.23,26850,0.28,3.65,-6.67
26860,-16.29,-19.33,-39.23,26860,1.28,5.5,-7.18
26870,-22.38,-10.41,-34.79,26870,1.27,6.76,-7.55
26880,-25.93,1.51,-14.93,26880,1.48,7.42,-7.82
26890,-23.98,22.11,9.75,26890,1.95,7.08,-7.73
26900,-16.7,39.23,34.26,26900,2.63,5.59,-6.69
26910,-6.32,39.23,39.23,26910,2.93,3.16,-4.68
26920,0.88,39.23,39.23,26920,2.32,0.54,-2.21
26930,3.88,39.23,39.23,26930,1.06,-1.56,0.03
26940,4.43,39.23,23.97,26940,0.27,-2.97,1.79
26950,2.95,39.23,4.54,26950,-0.56,-3.46,3.46
26960,-0.35,39.23,-5.51,26960,-1.06,-3.33,5.23
26970,-6.55,39.23,-10.69,26970,-1.34,-2.96,7.04
26980,-14.34,31.12,-8.6,26980,-1.51,-2.69,8.5
26990,-22.81,3.77,-0.93,26990,-2.25,-2.94,8.73
27000,-25.81,-30.99,1.56,27000,-2.25,-3.82,8.73
27010,-23.33,-39.23,-3.81,27010,-0.92,-4.81,7.17
27020,-19.94,-39.23,-15.18,27020,0.14,-5.35,4.65
27030,-14.78,-39.23,-31.04,27030,-0.02,-5.24,2.09
27040,-9.16,-39.23,-39.23,27040,-0.22,-4.37,-0.17
27050,-3.32,-39.23,-39.23,27050,-0.78,-2.79,-1.81
27060,-4.23,-36.05,-39.23,27060,-2.83,-1.01,-3.15
27070,-2.32,-26.51,-39.23,27070,-0.29,1.35,-3.85
27080,-4.62,-20.27,-39.23,27080,-0.05,3.51,-4.45
27090,-9.56,-15.81,-38.87,27090,0.17,4.92,-4.97
27100,-14.41,-10.42,-26.19,27100,0.24,5.86,-5.53
27110,-16,-1.46,-12.82,27110,0.27,6.24,-6.06
27120,-15.48,11.97,-0.5,27120,0.7,6.05,-6.17
27130,-10.88,26.2,10.94,27130,0.91,5.33,-5.69
27140,-5.11,36.62,17.76,27140,0.46,4.22,-4.61
27150,0.03,38.77,19.7,27150,-0.09,3.01,-3.23
27160,3.58,36.09,17.4,27160,-0.43,1.9,-1.94
27170,4.94,30.56,13.71,27170,-0.51,0.99,-0.85
27180,5.48,23.28,7.74,27180,-0.41,0.24,0.05
27190,5.54,17.15,2.05,27190,-0.46,-0.12,0.58
27200,5.58,12.34,-1.41,27200,-0.74,-0.25,0.88
27210,4.94,8.66,-2.24,27210,-1.11,-0.3,1.09
27220,4.37,4.47,-1.58,27220,-1.46,-0.38,1.2
27230,3.59,0.94,-0.39,27230,-1.45,-0.59,1.22
27240,3.09,-1.71,0.13,27240,-1.04,-0.91,1.17
27250,2.82,-3.25,-0.05,27250,-0.43,-1.3,1.11
27260,2.31,-4.29,-1.76,27260,0.23,-1.7,1.04
27270,2.18,-5.31,-5.43,27270,0.85,-2.04,0.96
27280,2.53,-6.45,-10.68,27280,1.33,-2.19,0.83
27290,2.73,-7.1,-16.32,27290,1.58,-2.07,0.61
27300,3.26,-6.99,-19.79,27300,1.46,-1.74,0.34
27310,3.88,-5.81,-21.72,27310,1.16,-1.3,0.04
27320,4.29,-4.59,-22.66,27320,0.71,-0.8,-0.22
27330,4.63,-2.89,-22.59,27330,0.16,-0.26,-0.47
27340,4.68,-0.53,-20.2,27340,-0.32,0.25,-0.64
27350,4.55,2.1,-16.45,27350,-0.57,0.62,-0.69
27360,4.37,3.48,-13.12,27360,-0.68,0.82,-0.63
27370,4.25,4.05,-9.91,27370,-0.69,0.9,-0.54
27380,4.12,3.91,-6.87,27380,-0.61,0.84,-0.43
27390,4.24,3.62,-5.05,27390,-0.5,0.67,-0.35
27400,4.29,4.1,-3.96,27400,-0.33,0.44,-0.25
27410,4.28,4.42,-3.27,27410,-0.24,0.2,-0.12
27420,4.31,3.87,-3.31,27420,-0.11,-0.07,0.01
27430,4.47,3.16,-4.59,27430,0.02,-0.3,0.1
27440,4.51,2.7,-6.01,27440,0.07,-0.45,0.18
27450,4.52,2.23,-7.02,27450,0.06,-0.54,0.23
27460,4.58,1.65,-8.38,27460,0.02,-0.6,0.28
27470,4.56,0.57,-9.86,27470,0,-0.58,0.3
27480,4.29,-0.18,-10.58,27480,-0.04,-0.52,0.27
27490,4,-0.59,-10.46,27490,-0.07,-0.46,0.21
27500,3.91,-1.15,-10.54,27500,-0.14,-0.44,0.14
27510,3.78,-1.32,-11.03,27510,-0.14,-0.41,0.02
27520,3.82,-0.9,-11.31,27520,-0.1,-0.37,-0.08
27530,3.94,0.03,-11.57,27530,-0.04,-0.32,-0.14
27540,3.98,1.09,-12.22,27540,0.02,-0.25,-0.17
27550,4.12,1.87,-12.33,27550,0.06,-0.16,-0.15
27560,4.22,2.16,-12.31,27560,0.04,-0.06,-0.11
27570,4.25,2.09,-12.1,27570,-0.05,0.05,-0.07
27580,4.21,1.99,-11.35,27580,-0.09,0.14,-0.05
27590,4.29,1.88,-10.51,27590,-0.13,0.2,-0.04
27600,4.36,1.99,-9.87,27600,-0.16,0.23,-0.03
27610,4.24,2.11,-9.12,27610,-0.2,0.24,-0.01
27620,4.32,1.37,-8.29,27620,-0.29,0.21,0.01
27630,4.16,0.73,-7.71,27630,-0.32,0.17,-0.01
27640,4.14,0.9,-6.8,27640,-0.23,0.08,-0.05
27650,4.06,1.36,-6.78,27650,-0.13,-0.04,-0.08
27660,4.19,2,-7.54,27660,-0.01,-0.15,-0.07
27670,4.22,2.64,-8.45,27670,0.07,-0.21,-0.03
27680,4.32,2.9,-9.31,27680,0.05,-0.23,0.02
27690,4.3,3.02,-10.21,27690,0.04,-0.2,0.08
27700,4.22,2.64,-10.82,27700,-0.01,-0.15,0.14
27710,4.31,1.86,-11.25,27710,-0.12,-0.07,0.16
27720,4.2,1.29,-10.96,27720,-0.11,0.01,0.17
27730,4.16,0.95,-10.47,27730,-0.15,0.07,0.16
27740,4.05,0.46,-10.09,27740,-0.19,0.1,0.13
27750,4.02,0.1,-9.37,27750,-0.18,0.12,0.1
27760,3.8,0.03,-8.68,27760,-0.14,0.1,0.05
27770,3.86,-0.1,-8.32,27770,-0.18,0.05,0
27780,3.87,0.3,-8.22,27780,-0.13,0,-0.05
27790,3.89,0.59,-8.14,27790,-0.06,-0.06,-0.07
27800,3.93,0.44,-8.49,27800,-0.09,-0.1,-0.09
27810,3.93,0.1,-8.51,27810,-0.08,-0.13,-0.14
27820,3.93,0.44,-8.28,27820,-0.05,-0.16,-0.2
27830,4.1,1.33,-8.88,27830,-0.05,-0.21,-0.23
27840,4.04,1.83,-9.5,27840,-0.07,-0.2,-0.22
27850,4.08,1.82,-9.47,27850,-0.07,-0.19,-0.21
27860,4.08,2.03,-9.6,27860,-0.08,-0.19,-0.21
27870,4.04,2.42,-9.85,27870,-0.08,-0.19,-0.19
27880,4.09,2.54,-10.17,27880,-0.04,-0.17,-0.15
27890,4.09,2.55,-10.36,27890,0.04,-0.15,-0.11
27900,4.07,2.67,-10.59,27900,0.06,-0.12,-0.08
27910,4.04,2.8,-10.64,27910,0.09,-0.07,-0.04
27920,4.05,3.09,-10.41,27920,0.05,-0.02,0.01
27930,4.02,3.29,-10.09,27930,0,0.02,0.07
27940,3.92,2.88,-9.39,27940,-0.03,0.03,0.14
27950,3.73,2.18,-9.24,27950,-0.11,0.02,0.18
27960,3.6,1.21,-8.94,27960,-0.16,0,0.19
27970,3.54,0.55,-9.11,27970,-0.28,-0.02,0.15
27980,3.53,0.14,-9.21,27980,-0.28,-0.03,0.1
27990,3.66,0.24,-9.37,27990,-0.2,-0.04,0.05
28000,3.69,0.86,-9.5,28000,-0.1,-0.03,0.03
28010,3.76,1.28,-9.28,28010,-0.06,-0.02,0.04
28020,3.82,1.24,-9.3,28020,-0.09,-0.02,0.05
28030,3.71,1.22,-9.27,28030,-0.14,-0.02,0.05
28040,3.78,1.34,-9.2,28040,-0.22,-0.02,0.04
28050,3.75,1.74,-9.18,28050,-0.25,-0.02,0.05
28060,3.71,1.93,-9.07,28060,-0.26,-0.04,0.07
28070,3.69,1.97,-8.98,28070,-0.26,-0.06,0.1
28080,3.73,1.47,-9.14,28080,-0.23,-0.08,0.13
28090,3.79,1.09,-9.56,28090,-0.24,-0.09,0.12
28100,3.84,1.19,-9.5,28100,-0.17,-0.08,0.1
28110,3.88,1.41,-9.39,28110,-0.17,-0.08,0.09
28120,3.88,1.8,-9.34,28120,-0.15,-0.08,0.09
28130,3.94,1.96,-9.23,28130,-0.16,-0.09,0.1
28140,3.88,2.12,-8.99,28140,-0.14,-0.1,0.12
28150,3.85,2.34,-8.72,28150,-0.05,-0.13,0.15
28160,3.84,2.07,-8.85,28160,-0.07,-0.18,0.18
28170,3.78,1.46,-9.14,28170,-0.08,-0.22,0.18
28180,3.79,1.06,-9.72,28180,-0.13,-0.23,0.14
28190,3.9,1.15,-10.01,28190,-0.15,-0.21,0.11
28200,3.96,1.55,-10.03,28200,-0.17,-0.19,0.09
28210,3.97,1.81,-10.16,28210,-0.14,-0.16,0.11
28220,4.06,1.99,-10.3,28220,-0.17,-0.13,0.14
28230,4.08,2.12,-10.5,28230,-0.19,-0.1,0.19
28240,4.12,2.01,-10.61,28240,-0.25,-0.06,0.25
28250,3.94,1.83,-10.42,28250,-0.31,-0.02,0.33
28260,3.55,-0.84,-10.19,28260,-0.43,-0.03,0.41
28270,3.42,-4.41,-11.14,28270,-0.57,-0.05,0.33
28280,3.25,-7.28,-12.72,28280,-0.64,-0.02,0.11
28290,3.32,-9.57,-14.59,28290,-0.66,0.08,-0.21
28300,3.79,-10.61,-17.09,28300,-0.66,0.29,-0.61
28310,3.87,-10.81,-19.73,28310,-0.6,0.62,-1.02
28320,3.84,-11.09,-22.32,28320,-0.61,1.09,-1.43
28330,3.4,-11.04,-24.2,28330,-0.58,1.68,-1.86
28340,2.26,-10.49,-23.9,28340,-0.57,2.35,-2.33
28350,0.85,-7,-20.11,28350,-0.35,2.93,-2.79
28360,-0.05,1.47,-14.43,28360,0.16,3.3,-3.1
28370,-0.09,11.64,-7.77,28370,0.76,3.37,-3.02
28380,0.65,22.52,-0.11,28380,1.47,3.11,-2.55
28390,1.82,33.24,8.83,28390,2.25,2.55,-1.69
28400,2.62,39.23,18.81,28400,2.84,1.6,-0.48
28410,2.53,39.23,27.9,28410,2.99,0.31,0.93
28420,1.38,39.23,32.08,28420,2.62,-1.23,2.34
28430,-1.53,39.23,27.44,28430,2.11,-2.69,3.72
28440,-4.7,38.52,18.19,28440,1.18,-3.69,5.03
28450,-8.11,32.28,7.35,28450,0.17,-4.24,6.03
28460,-11.83,30.81,-2.92,28460,-0.77,-4.38,7.01
28470,-16.7,28.52,-13.17,28470,-1.45,-4.28,8.31
28480,-22.28,26.08,-23.73,28480,-1.42,-3.95,8.73
28490,-31.96,22.34,-23.39,28490,-0.76,-3.49,8.73
28500,-38.17,-25.69,-17.25,28500,0.7,-3.64,8.73
28510,-31.14,-39.23,-39.23,28510,0.45,-3.33,8.73
28520,-17.18,-39.23,-39.23,28520,1.73,-1.6,3.43
28530,-11.9,-39.23,-39.23,28530,-2.25,0.48,-2.99
28540,-16.67,-39.23,-39.23,28540,-3.59,2.66,-6.66
28550,-20.15,-34.36,-39.23,28550,-0.32,5.11,-7.93
28560,-23.55,-12.43,-39.23,28560,1.89,7.1,-7.95
28570,-28.35,-6.82,-39.23,28570,2.26,8.42,-7.93
28580,-33.61,3.15,-21.01,28580,1.26,8.73,-8.26
28590,-33.14,20.8,5.92,28590,-0.71,8.73,-8.23
28600,-24.15,39.23,39.23,28600,-1.97,8.53,-7.21
28610,-11.65,39.23,39.23,28610,-2.08,5.91,-5.08
28620,-1.59,39.23,39.23,28620,-1.96,2.1,-2.45
28630,-0.21,39.23,39.23,28630,-1.12,-1.61,0.19
28640,-4.12,39.23,39.23,28640,0.2,-4.69,2.05
28650,-9.7,37.73,39.23,28650,1.04,-6.83,3.35
28660,-13.07,31.02,13.81,28660,1,-7.87,4.31
28670,-13.21,33.54,-11.52,28670,0.56,-7.78,5.34
28680,-16.43,34.98,-22.84,28680,0.16,-6.81,7.04
28690,-23.58,17,-20.04,28690,-0.22,-6.23,8.62
28700,-25.83,-24.59,-21.56,28700,0.52,-6.16,8.73
28710,-21.97,-39.23,-38.9,28710,1.8,-5.75,7.43
28720,-13.64,-39.23,-39.23,28720,1.39,-4.18,3.56
28730,-8.98,-39.23,-39.23,28730,-0.56,-2.07,-0.91
28740,-8,-39.23,-39.23,28740,-1.72,-0.03,-3.99
28750,-7.33,-39.23,-39.23,28750,-1.46,1.89,-5.45
28760,-9.14,-26.05,-39.23,28760,-1.34,3.83,-6.06
28770,-13,-20.92,-39.23,28770,-1.66,5.56,-6.51
28780,-17.6,-12.66,-29.08,28780,-1.87,6.73,-6.98
28790,-20.56,2.44,-9.82,28790,-1.46,7.2,-7.15
28800,-18.08,22.16,9.53,28800,-0.11,6.72,-6.68
28810,-12.64,39.23,28.21,28810,1.78,5.39,-5.51
28820,-4.91,39.23,39.23,28820,2.86,3.35,-3.87
28830,1.44,39.23,39.23,28830,2.23,1.23,-2.02
28840,3.89,39.23,39.23,28840,0.87,-0.7,-0.21
28850,2.68,39.23,39.23,28850,0.74,-2.53,1.52
28860,-0.06,39.23,27.11,28860,0.88,-4.05,3.19
28870,-3.01,39.23,6.53,28870,0.77,-4.7,4.88
28880,-6.5,39.23,-11.12,28880,0.01,-4.47,6.54
28890,-12.24,37.37,-17.5,28890,-0.77,-3.78,8.11
28900,-21.58,28.47,-13.38,28900,-1.5,-3.34,8.73
28910,-31,3.84,-4.6,28910,-1.33,-3.66,8.73
28920,-30.69,-39.23,-10.32,28920,-0.61,-4.52,8.73
28930,-22.65,-39.23,-30.28,28930,-0.01,-4.47,6.97
28940,-15.13,-39.23,-39.23,28940,-0.24,-3.48,2.3
28950,-10.18,-39.23,-39.23,28950,-1.87,-2.27,-1.59
28960,-6.94,-39.23,-39.23,28960,-1.86,-0.96,-3.77
28970,-4.16,-22.05,-39.23,28970,-0.75,0.65,-4.38
28980,-3.06,-13.28,-39.23,28980,0.2,2.2,-4.33
28990,-4.63,-12.44,-39.23,28990,0.62,3.6,-4.35
29000,-7.75,-12.27,-37.68,29000,0.49,4.92,-4.71
29010,-11.78,-7.62,-26.22,29010,-0.08,6,-5.3
29020,-13.51,0.71,-15.72,29020,-0.55,6.51,-5.66
29030,-13.38,9.46,-5.57,29030,-0.83,6.59,-5.67
29040,-11.37,18.01,4.79,29040,-1.16,6.23,-5.35
29050,-6.42,26.47,11.94,29050,-1.15,5.46,-4.63
29060,-2.06,32.14,15.46,29060,-0.92,4.52,-3.53
29070,1.54,33.78,16.7,29070,-0.64,3.51,-2.29
29080,3.3,30.33,16.47,29080,-0.52,2.55,-1.1
29090,4.29,24.97,16.12,29090,-0.27,1.66,-0.16
29100,4.33,18.55,15.14,29100,-0.24,0.82,0.51
29110,4.19,12.09,14.2,29110,-0.22,-0.03,0.94
29120,3.52,7.85,13.39,29120,-0.15,-0.76,1.16
29130,2.49,4.04,12.86,29130,-0.12,-1.48,1.28
29140,1.93,0.42,11.36,29140,-0.04,-2.22,1.3
29150,0.86,-1.8,8.57,29150,0.32,-2.93,1.27
29160,0.25,-3.1,4.17,29160,0.83,-3.55,1.23
29170,0.21,-4,-2.27,29170,1.28,-3.99,1.2
29180,0.42,-4.42,-9.62,29180,1.66,-4.14,1.17
29190,1.37,-4.7,-17.57,29190,1.84,-3.97,1.12
29200,2.14,-5.83,-24.78,29200,1.79,-3.46,1.04
29210,3.27,-8.78,-29.56,29210,1.36,-2.64,0.8
29220,4.09,-10.99,-30.95,29220,0.77,-1.6,0.27
29230,4.37,-10.03,-29.79,29230,-0.09,-0.69,-0.36
29240,4.52,-4.97,-25.86,29240,-0.47,0.09,-0.85
29250,4.38,0.03,-21.25,29250,-0.81,0.65,-1.04
29260,4.19,3.39,-16.66,29260,-0.91,1,-1.02
29270,4.28,5.06,-12.64,29270,-0.85,1.16,-0.87
29280,4.23,5.39,-9.33,29280,-0.86,1.19,-0.68
29290,4.24,4.92,-6.56,29290,-0.75,1.09,-0.5
29300,4.23,4.11,-4.51,29300,-0.65,0.89,-0.35
29310,4.29,2.89,-3.28,29310,-0.48,0.65,-0.24
29320,4.47,1.95,-2.99,29320,-0.33,0.36,-0.2
29330,4.48,1.77,-3.14,29330,-0.33,0.12,-0.2
29340,4.45,1.89,-2.88,29340,-0.37,-0.1,-0.21
29350,4.38,2.12,-2.96,29350,-0.37,-0.34,-0.2
29360,4.42,2.8,-3.87,29360,-0.31,-0.57,-0.16
29370,4.46,3.45,-5.83,29370,-0.15,-0.75,-0.06
29380,4.52,3.51,-8.23,29380,0.01,-0.84,0.06
29390,4.56,2.76,-9.93,29390,0.07,-0.84,0.17
29400,4.55,1.85,-11.26,29400,0.05,-0.78,0.22
29410,4.51,1.57,-11.81,29410,0.01,-0.68,0.22
29420,4.41,1.63,-11.96,29420,-0.08,-0.57,0.22
29430,4.19,1.24,-11.77,29430,-0.09,-0.48,0.23
29440,4.06,0.7,-11.47,29440,-0.02,-0.43,0.21
29450,3.92,0.48,-11.47,29450,0.04,-0.38,0.18
29460,3.89,0.01,-11.58,29460,0.1,-0.34,0.14
29470,4.1,-0.26,-11.91,29470,0.08,-0.28,0.07
29480,4.1,0.36,-12.13,29480,0.07,-0.19,0
29490,4.02,0.72,-12.09,29490,-0.09,-0.09,-0.04
29500,4.1,0.21,-11.82,29500,-0.12,0,-0.07
29510,4.17,0.36,-11.76,29510,-0.06,0.08,-0.13
29520,4.15,1.34,-11.48,29520,-0.01,0.17,-0.15
29530,4.19,2.06,-10.74,29530,-0.01,0.25,-0.13
29540,4.29,1.9,-10.13,29540,-0.28,0.32,-0.11
29550,3.9,2.08,-8.47,29550,-0.31,0.36,-0.08
29560,3.51,1.91,-6.51,29560,-0.34,0.27,-0.04
29570,3.41,1.2,-5.71,29570,-0.3,0.12,-0.03
29580,3.44,1.16,-5.74,29580,-0.24,-0.04,-0.05
29590,3.56,1.38,-5.95,29590,-0.2,-0.2,-0.05
29600,3.58,1.51,-6.69,29600,-0.15,-0.33,-0.05
29610,3.8,1.77,-7.69,29610,-0.07,-0.43,-0.04
29620,3.95,2.17,-9.04,29620,-0.03,-0.46,-0.01
29630,4.07,2.53,-10,29630,0.02,-0.44,0.03
29640,4.08,2.35,-10.54,29640,0.07,-0.39,0.09
29650,4.1,2.05,-10.93,29650,0.09,-0.32,0.13
29660,4.04,2.26,-11.16,29660,0.13,-0.24,0.16
29670,4,2.18,-11.13,29670,0.1,-0.15,0.2
29680,3.91,2.1,-10.75,29680,0.04,-0.09,0.23
29690,3.94,1.85,-10.26,29690,-0.01,-0.03,0.26
29700,3.84,1.83,-9.64,29700,-0.07,0,0.29
29710,3.82,1.82,-9,29710,-0.17,0,0.3
29720,3.74,2.24,-8.26,29720,-0.19,-0.02,0.34
29730,3.66,2.72,-7.48,29730,-0.16,-0.08,0.4
29740,3.51,2.78,-6.71,29740,-0.11,-0.18,0.47
29750,3.28,2.81,-6.28,29750,-0.06,-0.33,0.55
29760,3.05,2.83,-6.15,29760,-0.03,-0.48,0.61
29770,2.63,1.62,-6.54,29770,-0.02,-0.64,0.67
29780,2.81,-1.35,-8.26,29780,-0.05,-0.77,0.62
29790,2.95,-3.16,-10.9,29790,-0.18,-0.78,0.41
29800,3.22,-3.06,-12.98,29800,-0.4,-0.67,0.16
29810,3.75,-1.9,-14.59,29810,-0.67,-0.46,-0.06
29820,3.87,0.1,-15.08,29820,-0.78,-0.21,-0.17
29830,3.93,1.18,-14.5,29830,-0.85,0.04,-0.17
29840,3.81,1.25,-13.29,29840,-0.78,0.22,-0.13
29850,3.62,0.87,-11.82,29850,-0.66,0.34,-0.12
29860,3.48,0.73,-10.31,29860,-0.5,0.38,-0.13
29870,3.42,1.02,-9.21,29870,-0.37,0.36,-0.15
29880,3.37,1.61,-8.18,29880,-0.23,0.29,-0.16
29890,3.39,2.09,-7.55,29890,-0.12,0.18,-0.15
29900,3.45,1.87,-7.62,29900,-0.07,0.05,-0.13
29910,3.53,0.93,-8.26,29910,-0.02,-0.05,-0.14
29920,3.61,0.32,-9.02,29920,-0.01,-0.1,-0.21
29930,3.71,0.68,-9.51,29930,-0.1,-0.1,-0.3
29940,3.75,1.8,-9.61,29940,-0.13,-0.1,-0.34
29950,3.9,3.13,-9.79,29950,-0.11,-0.09,-0.31
29960,3.88,3.96,-10.07,29960,-0.04,-0.06,-0.22
29970,3.9,3.79,-10.38,29970,0.07,-0.04,-0.09
29980,3.81,3.06,-10.65,29980,0.16,0.01,-0.01
29990,3.71,2.26,-10.58,29990,0.2,0.06,0.03
30000,3.66,1.98,-10.53,30000,0.12,0.11,0.03
30010,3.6,2.03,-9.92,30010,0.1,0.15,0.02
30020,3.52,2.1,-9.26,30020,0.05,0.15,0.03
30030,3.51,1.9,-9.01,30030,0.02,0.14,0.04
30040,3.44,1.84,-8.74,30040,0.01,0.12,0.04
30050,3.44,2.09,-8.37,30050,0.02,0.08,0.06
30060,3.56,2.35,-8.88,30060,-0.03,0.04,0.08
30070,3.53,2.53,-9.22,30070,-0.04,0.03,0.13
30080,3.62,2.62,-9.08,30080,-0.07,0.02,0.17
30090,3.65,3.08,-9.11,30090,-0.03,0,0.23
30100,3.76,3.89,-8.94,30100,0.03,-0.01,0.32
30110,3.73,4.74,-8.55,30110,0.09,-0.05,0.48
30120,3.5,4.71,-8.1,30120,0.07,-0.09,0.65
30130,3.45,4.27,-7.65,30130,0.03,-0.17,0.82
30140,3,2.79,-7.22,30140,0,-0.28,0.94
30150,2.83,0.35,-7.19,30150,-0.01,-0.41,0.97
30160,2.73,-1.51,-8.16,30160,-0.01,-0.53,0.88
30170,2.57,-3.11,-9.24,30170,-0.1,-0.59,0.72
30180,2.76,-5.58,-11.3,30180,-0.31,-0.59,0.43
30190,2.93,-6.54,-13.27,30190,-0.51,-0.49,0.07
30200,3.44,-5.39,-15.09,30200,-0.68,-0.31,-0.3
30210,3.89,-2.43,-16.98,30210,-0.61,-0.07,-0.53
30220,4.61,-0.5,-20.04,30220,-0.3,0.25,-0.57
30230,4.81,-0.86,-23.96,30230,0.11,0.72,-0.54
30240,4.71,-4.75,-27.44,30240,0.31,1.38,-0.61
30250,4.12,-8.55,-30.55,30250,0.21,2.22,-0.97
30260,2.54,-10.34,-30.9,30260,-0.12,3.2,-1.51
30270,0.78,-9.21,-26.76,30270,-0.68,4.14,-2.1
30280,-1.23,-4.96,-19.66,30280,-0.86,4.82,-2.56
30290,-2.14,4.63,-8.88,30290,-0.22,5.11,-2.71
30300,-1.8,15.92,2.07,30300,0.88,4.84,-2.37
30310,-0.2,27.48,14.57,30310,1.81,4.09,-1.62
30320,1.29,38.97,31.94,30320,2.52,2.8,-0.48
30330,1.93,39.23,39.23,30330,2.68,0.79,0.97
30340,-0.81,39.23,39.23,30340,2.45,-1.79,2.66
30350,-5.23,39.23,39.23,30350,1.91,-4.24,4.31
30360,-10.41,28.56,27.72,30360,0.77,-5.85,5.46
30370,-14.16,19.28,9.68,30370,-0.24,-6.66,5.94
30380,-15.36,26.15,-12.69,30380,-0.63,-6.77,6.54
30390,-18.43,36.94,-31.13,30390,-0.37,-6.01,8.09
30400,-28.37,26.77,-32.98,30400,0.45,-4.89,8.73
30410,-35.28,-36.26,-31.21,30410,1.84,-4.42,8.73
30420,-25.64,-39.23,-39.23,30420,1.69,-3.25,8.63
30430,-13.56,-39.23,-39.23,30430,1.53,-0.99,1.83
30440,-12.01,-39.23,-39.23,30440,-1.72,1.61,-3.53
30450,-13.49,-39.23,-39.23,30450,-1.24,3.89,-5.81
30460,-14.67,-19.2,-39.23,30460,0.29,5.8,-6.15
30470,-17.32,-11.05,-38.47,30470,0.85,7.08,-5.93
30480,-20.6,-11.84,-24.35,30480,0.57,7.83,-6.1
30490,-23.5,-5.84,-8.19,30490,-0.44,8.14,-6.66
30500,-21.38,15.96,15.29,30500,-1.33,7.86,-6.93
30510,-11.24,39.23,39.23,30510,-2.03,6.36,-5.91
30520,-2.18,39.23,39.23,30520,-2.95,3.5,-3.66
30530,-0.19,39.23,39.23,30530,-2.42,-0.36,-0.52
30540,-4.4,39.23,39.23,30540,-1.06,-4.25,2.12
30550,-11.33,39.16,39.23,30550,-0.27,-7.03,3.83
30560,-15.06,26.64,18.94,30560,-0.04,-8.41,4.59
30570,-14.03,34.4,-16.2,30570,0.81,-8.42,5.53
30580,-16.56,39.23,-33.79,30580,1.47,-7.21,7.41
30590,-23.34,19.94,-32.24,30590,2.19,-6.01,8.73
30600,-24.79,-39.23,-39.23,30600,1.14,-5.06,8.73
30610,-13.64,-39.23,-39.23,30610,0.43,-2.97,5.66
30620,-8.93,-39.23,-39.23,30620,-0.75,-0.44,0.13
30630,-9.47,-39.23,-39.23,30630,-1.78,1.81,-3.68
30640,-11.37,-39.23,-39.23,30640,-0.75,3.74,-5.55
30650,-13.71,-22.06,-39.23,30650,0.07,5.5,-6.17
30660,-16.3,-12.24,-35.29,30660,-0.33,6.76,-6.21
30670,-18.56,-11.11,-17.83,30670,-0.91,7.39,-6.3
30680,-19.25,-6.24,-2.2,30680,-1.23,7.41,-6.65
30690,-18.4,10.01,10.78,30690,-0.92,6.88,-6.76
30700,-12.98,33.16,25.56,30700,0.33,5.88,-6.06
30710,-5.56,39.23,39.23,30710,1.27,4.17,-4.55
30720,1.08,39.23,39.23,30720,0.59,1.4,-1.9
30730,1.83,39.23,39.23,30730,-0.3,-1.49,0.64
30740,-2.53,39.23,39.23,30740,0.12,-4.34,2.41
30750,-7.17,34.79,36.58,30750,0.86,-6.32,3.61
30760,-9.37,33.62,8.56,30760,1.02,-7.3,4.63
30770,-11.09,36.82,-16.79,30770,0.56,-7.04,5.94
30780,-16.36,28.38,-24.2,30780,0.04,-6.21,7.56
30790,-20.94,-4.51,-22.4,30790,0.23,-5.73,8.51
30800,-19.4,-39.23,-32.19,30800,0.73,-5.39,7.67
30810,-11.94,-39.23,-39.23,30810,0.16,-4.21,4.91
30820,-6.15,-39.23,-39.23,30820,-0.92,-2.43,1.57
30830,-2.81,-39.23,-39.23,30830,-1.96,-0.63,-1.06
30840,-1.29,-32.36,-39.23,30840,-1.81,0.79,-2.31
30850,-0.79,-20.06,-39.23,30850,-1.4,2.03,-2.82
30860,-1.78,-15.65,-34.44,30860,-1.39,3.07,-3.05
30870,-3.5,-15.51,-25.78,30870,-1.55,3.86,-3.38
30880,-5.12,-13.47,-16.72,30880,-1.68,4.31,-3.86
30890,-6.05,-8.3,-8.98,30890,-1.44,4.4,-4.28
30900,-5.94,-1.28,-3.19,30900,-0.88,4.22,-4.5
30910,-5.2,5.05,1.79,30910,-0.42,3.83,-4.52
30920,-3.62,11.07,6.03,30920,-0.27,3.26,-4.37
30930,-1.23,17.63,7.24,30930,-0.1,2.58,-3.98
30940,1.8,24,4.29,30940,0.42,1.88,-3.17
30950,4.04,26.79,1.16,30950,1.07,1.45,-2.18
30960,5.24,25.94,0.21,30960,1.61,1.14,-1.16
30970,5.65,21.73,0.01,30970,1.76,0.88,-0.32
30980,5.46,16.82,-0.05,30980,1.56,0.65,0.25
30990,4.77,11.94,0.64,30990,1.15,0.45,0.59
31000,4.65,7.14,1.76,31000,0.51,0.17,0.72
31010,4.15,4.25,2.71,31010,0.17,-0.16,0.72
31020,3.88,2.72,2.89,31020,-0.02,-0.56,0.68
31030,3.73,1.58,1.94,31030,-0.06,-0.96,0.65
31040,3.56,1.11,0.37,31040,0.02,-1.36,0.64
31050,3.46,0.97,-2.05,31050,0.04,-1.69,0.65
31060,3.31,1.33,-4.77,31060,0.22,-1.92,0.7
31070,3.19,1.3,-7.89,31070,0.41,-2.06,0.79
31080,3.23,0.61,-10.68,31080,0.48,-2.08,0.88
31090,2.96,-0.45,-12.81,31090,0.5,-2.01,0.93
31100,3.12,-3.55,-15.54,31100,0.33,-1.88,0.88
31110,3.44,-6.99,-18.78,31110,0.39,-1.62,0.66
31120,3.86,-8.37,-21.38,31120,0.35,-1.2,0.27
31130,4.26,-7.03,-22.16,31130,0.08,-0.68,-0.18
31140,4.54,-4.38,-20.96,31140,-0.3,-0.17,-0.52
31150,4.36,-1.29,-17.95,31150,-0.59,0.3,-0.73
31160,4.31,0.88,-14.52,31160,-0.69,0.56,-0.8
31170,4.16,2.5,-11.33,31170,-0.69,0.68,-0.78
31180,4.07,3.63,-8.4,31180,-0.63,0.67,-0.69
31190,4,4.4,-6.03,31190,-0.52,0.54,-0.57
31200,4.17,5.06,-4.9,31200,-0.32,0.32,-0.42
31210,4.07,4.81,-4.8,31210,-0.16,0.09,-0.24
31220,4.12,3.2,-4.87,31220,-0.09,-0.13,-0.12
31230,4.03,1.98,-5.3,31230,-0.02,-0.34,-0.07
31240,4.16,0.91,-6.65,31240,-0.09,-0.49,-0.07
31250,4.14,0.64,-7.77,31250,-0.15,-0.58,-0.11
31260,4.21,1.26,-8.99,31260,-0.19,-0.63,-0.14
31270,4.28,1.69,-9.78,31270,-0.14,-0.63,-0.12
31280,4.33,2.01,-10.55,31280,-0.07,-0.59,-0.08
31290,4.24,2.43,-10.88,31290,-0.03,-0.53,-0.03
31300,4.09,2.43,-10.89,31300,0.04,-0.47,0.04
31310,3.85,1.87,-10.87,31310,0.13,-0.43,0.09
31320,3.77,1.08,-10.76,31320,0.26,-0.39,0.11
31330,3.61,0.37,-10.49,31330,0.32,-0.37,0.08
31340,3.56,0.36,-10.01,31340,0.31,-0.36,0.02
31350,3.51,0.43,-9.72,31350,0.18,-0.36,-0.03
31360,3.49,0.9,-9.05,31360,0.17,-0.38,-0.08
31370,3.53,1.92,-8.68,31370,0.23,-0.44,-0.08
31380,3.38,2.09,-8.87,31380,0.26,-0.48,-0.04
31390,3.5,1.47,-9.23,31390,0.22,-0.53,-0.02
31400,3.54,1.15,-10.24,31400,0.12,-0.52,-0.04
31410,3.53,1.42,-10.85,31410,0.11,-0.45,-0.07
31420,3.58,1.79,-11.23,31420,0.07,-0.38,-0.07
31430,3.5,1.66,-11.3,31430,0.02,-0.28,-0.07
31440,3.34,1.45,-10.65,31440,-0.05,-0.21,-0.07
31450,3.23,1.76,-9.59,31450,-0.03,-0.18,-0.07
31460,2.89,2.36,-8.29,31460,-0.03,-0.22,-0.04
31470,2.86,2.47,-7.07,31470,0.06,-0.31,0.02
31480,2.66,2.08,-6.47,31480,0.01,-0.48,0.08
31490,2.35,1.51,-6.38,31490,0.01,-0.62,0.1
31500,2.11,0.17,-6.25,31500,-0.14,-0.78,0.07
31510,2.12,-0.62,-7.11,31510,-0.23,-0.93,-0.02
31520,2.49,1.12,-9.19,31520,-0.13,-1.02,-0.09
31530,2.85,2.97,-11.99,31530,-0.03,-0.97,-0.03
31540,3.06,2.97,-13.4,31540,-0.02,-0.82,0.11
31550,3.11,1.93,-13.69,31550,0.01,-0.63,0.19
31560,3.05,1.22,-13.69,31560,-0.05,-0.43,0.22
31570,2.97,0.99,-13,31570,-0.11,-0.23,0.21
31580,2.64,0.76,-11.47,31580,-0.18,-0.08,0.21
31590,2.4,0.66,-9.78,31590,-0.18,-0.03,0.19
31600,2.29,0.68,-8.82,31600,-0.14,-0.05,0.18
31610,2.15,0.83,-7.99,31610,-0.06,-0.11,0.17
31620,2.12,0.79,-7.98,31620,-0.06,-0.19,0.15
31630,2.34,1.18,-8.33,31630,-0.06,-0.26,0.14
31640,2.39,1.8,-9.04,31640,-0.06,-0.31,0.14
31650,2.58,1.99,-9.85,31650,-0.08,-0.33,0.17
31660,2.61,1.89,-10.74,31660,-0.03,-0.31,0.21
31670,2.63,1.63,-11.35,31670,0.03,-0.26,0.25
31680,2.69,0.89,-11.87,31680,0.01,-0.19,0.27
31690,2.58,-0.31,-12.23,31690,-0.16,-0.09,0.23
31700,2.49,-0.68,-12.02,31700,-0.33,0,0.15
31710,2.43,-0.44,-11.36,31710,-0.43,0.07,0.09
31720,2.37,-0.03,-10.76,31720,-0.47,0.09,0.07
31730,2.27,0.42,-10.93,31730,-0.45,0.07,0.1
31740,2.13,-0.76,-12.05,31740,-0.42,0.06,0.16
31750,2.12,-3.9,-14.07,31750,-0.47,0.1,0.13
31760,2.15,-6.8,-16.86,31760,-0.5,0.25,-0.07
31770,2.64,-7.67,-20.16,31770,-0.53,0.53,-0.36
31780,2.91,-8.32,-23.89,31780,-0.54,0.99,-0.66
31790,3.14,-9.39,-26.97,31790,-0.55,1.63,-0.99
31800,2.58,-8.22,-26.71,31800,-0.26,2.42,-1.38
31810,1.55,-5.48,-23.52,31810,0.17,3.06,-1.63
31820,0.29,-2,-19,31820,0.87,3.49,-1.75
31830,-0.52,0.97,-13.61,31830,1.65,3.7,-1.8
31840,-0.98,5.54,-7.66,31840,2.78,3.65,-1.78
31850,-0.34,12.86,-1.69,31850,3.81,3.33,-1.65
31860,0.72,20.89,3.13,31860,4.37,2.83,-1.28
31870,2.36,31.22,10.32,31870,4.3,2.19,-0.68
31880,3.01,39.23,20.32,31880,3.7,1.26,0.32
31890,1.78,39.23,28.92,31890,2.58,-0.05,1.68
31900,-0.71,39.23,31.59,31900,1.19,-1.82,3.33
31910,-5.19,38.46,24.01,31910,0.25,-3.29,4.65
31920,-8.68,30.41,11.85,31920,-0.48,-4.31,5.66
31930,-11.5,29.58,-4.78,31930,-1.13,-4.75,6.56
31940,-14.25,32.58,-21.67,31940,-1.5,-4.47,7.82
31950,-19.89,30.1,-31.95,31950,-1.83,-3.65,8.73
31960,-30.92,21.58,-27.54,31960,-1.47,-2.87,8.73
31970,-38.11,-28.31,-17.48,31970,-0.66,-2.96,8.73
31980,-31.76,-39.23,-39.23,31980,-0.69,-2.82,8.73
31990,-16.99,-39.23,-39.23,31990,-1.2,-1.27,2.81
32000,-13.69,-39.23,-39.23,32000,-3.83,0.84,-2.87
32010,-13.88,-39.23,-39.23,32010,-1.94,2.8,-5.56
32020,-16.32,-38.78,-39.23,32020,1.61,4.08,-6.33
32030,-19.85,-31.25,-39.23,32030,3.9,5.05,-6.95
32040,-24.28,-22.46,-37.26,32040,4.46,5.92,-7.93
32050,-28.29,-3.12,-25.38,32050,3.72,6.73,-8.73
32060,-27.39,21.32,-3.26,32060,2.51,7.04,-8.73
32070,-20.98,39.23,29.73,32070,1.52,6.3,-7.7
32080,-10.29,39.23,39.23,32080,0.91,4.07,-5.6
32090,-1.84,39.23,39.23,32090,0.47,0.8,-2.89
32100,-0.59,39.23,39.23,32100,-0.22,-2.47,-0.47
32110,-2.59,39.23,39.23,32110,-0.12,-4.99,1.31
32120,-4.8,39.23,13.51,32120,-0.24,-6.48,2.73
32130,-4.55,39.23,-15.29,32130,-0.63,-6.43,4.25
32140,-5.72,39.23,-34.32,32140,-1.09,-5.31,6.13
32150,-10.75,39.23,-36.6,32150,-1.24,-3.82,7.97
32160,-21.81,18.47,-25.03,32160,-1.63,-2.91,8.73
32170,-26.46,-29.13,-16.25,32170,-1.77,-2.95,8.73
32180,-22.4,-39.23,-20.78,32180,-1.19,-3.2,7.53
32190,-16,-39.23,-31.32,32190,-1,-2.91,3.8
32200,-11.69,-39.23,-36.77,32200,-1.97,-2.15,0.14
32210,-9.04,-39.23,-39.23,32210,-2.26,-1.31,-2.51
32220,-7.76,-39.23,-39.23,32220,-1.25,-0.06,-4.16
32230,-7.95,-37.25,-39.23,32230,-0.59,1.13,-5.13
32240,-8.88,-27.97,-39.23,32240,-0.04,2.34,-5.97
32250,-10.85,-15.94,-39.23,32250,0.51,3.63,-6.47
32260,-13.48,-5.82,-28.52,32260,1.12,4.7,-6.65
32270,-16.04,4.39,-14.81,32270,1.96,5.17,-6.68
32280,-15.83,19.31,1.18,32280,2.96,4.93,-6.51
32290,-11.63,39.23,18.86,32290,3.6,3.96,-5.87
32300,-3.09,39.23,33.47,32300,3.11,2.28,-4.35
32310,3.57,39.23,39.22,32310,1.44,0.3,-1.83
32320,5.35,39.23,31.56,32320,-0.24,-1.61,1.08
32330,2.84,39.23,9.56,32330,-0.9,-2.91,3.85
32340,-1.02,39.23,-11.91,32340,-1.38,-3.04,5.78
32350,-5.54,39.23,-23.24,32350,-1.93,-2.36,7.32
32360,-13.32,30.61,-22.32,32360,-2.51,-1.59,8.64
32370,-22.78,4.27,-12.48,32370,-3.36,-1.41,8.73
32380,-24.92,-36.15,-9.78,32380,-3.5,-1.94,8.73
32390,-20.63,-39.23,-12.79,32390,-2.22,-2.52,6.83
32400,-15.57,-39.23,-20.07,32400,-1.05,-2.82,4
32410,-11.67,-39.23,-30.03,32410,-0.48,-2.6,1.42
32420,-8.31,-39.23,-37.59,32420,-0.15,-1.98,-0.77
32430,-5.52,-39.23,-39.23,32430,0.48,-0.97,-2.36
32440,-4.31,-39.23,-39.23,32440,1.18,0.62,-3.54
32450,-6.28,-35.77,-39.23,32450,1.47,2.31,-4.61
32460,-10.97,-29.08,-39.23,32460,1.33,4.01,-5.69
32470,-16.37,-19.19,-34.12,32470,1.11,5.35,-6.62
32480,-20.48,-5.1,-18.57,32480,1.04,6.15,-7.2
32490,-21.11,12.07,1,32490,1.55,6.13,-7.19
32500,-16.51,32.05,20.85,32500,2.6,5.09,-6.55
32510,-8.44,39.23,35.19,32510,3.38,3.21,-5.11
32520,-0.21,39.23,38.38,32520,2.78,1,-3.05
32530,4.12,39.23,30.61,32530,1.16,-0.9,-0.93
32540,5.08,39.23,16.19,32540,-0.42,-2.19,0.94
32550,3.84,39.23,-1.17,32550,-1.25,-2.79,2.63
32560,2.43,39.23,-14.24,32560,-1.93,-2.63,3.94
32570,-0.15,33.68,-20.1,32570,-2.38,-2.06,5.1
32580,-4.94,21.61,-17.71,32580,-2.83,-1.53,6.12
32590,-9.49,2.8,-13.1,32590,-3.37,-1.4,6.57
32600,-10.93,-19.33,-11.02,32600,-3.38,-1.61,6.2
32610,-9.53,-35.09,-11.78,32610,-2.77,-1.94,5.02
32620,-7.57,-39.23,-14.03,32620,-1.89,-2.19,3.49
32630,-5.08,-39.23,-17.52,32630,-1.21,-2.31,1.89
32640,-2.29,-33.19,-24.46,32640,-0.57,-2.14,0.51
32650,0.01,-21.04,-30.35,32650,-0.09,-1.5,-0.28
32660,0.89,-16.86,-29.97,32660,0.02,-0.73,-0.59
32670,0.82,-17.12,-27.11,32670,-0.02,-0.01,-0.94
32680,0.39,-16.32,-24.68,32680,-0.19,0.62,-1.4
32690,-0.13,-13.94,-21.19,32690,-0.39,1.17,-1.86
32700,-0.66,-10.72,-17.28,32700,-0.6,1.6,-2.26
32710,-0.82,-6.78,-13.21,32710,-0.63,1.83,-2.55
32720,-0.73,-2.32,-9.31,32720,-0.54,1.92,-2.68
32730,-0.31,1.81,-5.93,32730,-0.36,1.84,-2.66
32740,0.35,5.56,-2.89,32740,-0.13,1.65,-2.5
32750,1.3,9.02,-0.66,32750,0.01,1.33,-2.22
32760,2.07,12.46,0.7,32760,0.33,0.86,-1.73
32770,2.65,13.65,0.82,32770,0.44,0.39,-1.24
32780,3.07,13.36,-0.31,32780,0.46,-0.07,-0.75
32790,3.25,11.8,-2.25,32790,0.37,-0.45,-0.32
32800,3.41,8.73,-4.52,32800,0.14,-0.72,0
32810,3.39,5.4,-6.99,32810,-0.16,-0.87,0.16
32820,3.26,2.83,-8.33,32820,-0.41,-0.91,0.19
32830,3.33,1.9,-9.01,32830,-0.62,-0.92,0.17
32840,3.05,2.48,-9.45,32840,-0.7,-0.91,0.18
32850,2.96,2.74,-10.06,32850,-0.62,-0.91,0.28
32860,2.93,2.09,-11.6,32860,-0.41,-0.89,0.4
32870,2.84,0.7,-13.32,32870,-0.2,-0.79,0.5
32880,2.63,-0.73,-14.14,32880,-0.07,-0.64,0.52
32890,2.52,-2.26,-15.04,32890,-0.07,-0.46,0.46
32900,2.4,-3.22,-15.7,32900,-0.22,-0.23,0.33
32910,2.34,-3.04,-14.96,32910,-0.26,0,0.17
32920,2.2,-2,-13.81,32920,-0.37,0.18,0.04
32930,2.19,-1.16,-12.56,32930,-0.41,0.31,-0.03
32940,2.17,-0.37,-11.42,32940,-0.44,0.39,-0.08
32950,2.06,0.32,-9.87,32950,-0.43,0.42,-0.1
32960,2.06,0.23,-8.91,32960,-0.46,0.39,-0.11
32970,2.2,0.07,-8.6,32970,-0.44,0.34,-0.14
32980,2.41,1.11,-8.69,32980,-0.35,0.3,-0.16
32990,2.5,2.13,-8.48,32990,-0.28,0.26,-0.12
33000,2.58,2.5,-8.33,33000,-0.22,0.22,-0.04
33010,2.66,2.47,-8.38,33010,-0.23,0.17,0.04
33020,2.59,2.39,-8.06,33020,-0.2,0.12,0.11
33030,2.57,2.23,-7.86,33030,-0.21,0.06,0.17
33040,2.54,2.01,-7.67,33040,-0.25,-0.01,0.23
33050,2.42,1.79,-7.3,33050,-0.28,-0.09,0.27
33060,2.29,1.55,-7.14,33060,-0.22,-0.2,0.32
33070,2.33,0.99,-7.93,33070,-0.15,-0.32,0.35
33080,2.42,0.51,-9.38,33080,-0.15,-0.39,0.35
33090,2.4,0.36,-10.82,33090,-0.26,-0.39,0.33
33100,2.57,0.54,-11.22,33100,-0.19,-0.36,0.32
33110,2.56,0.73,-12.13,33110,-0.15,-0.31,0.33
33120,2.57,0.05,-12.75,33120,-0.18,-0.22,0.33
33130,2.55,-0.66,-12.79,33130,-0.13,-0.12,0.29
33140,2.55,-0.83,-12.86,33140,-0.16,-0.02,0.22
33150,2.4,-0.44,-11.83,33150,-0.11,0.08,0.16
33160,2.31,0.23,-10.67,33160,-0.07,0.11,0.12
33170,2.29,0.89,-9.88,33170,-0.01,0.1,0.12
33180,2.28,1.57,-9.31,33180,0.04,0.07,0.13
33190,2.38,2.2,-8.79,33190,0.06,0.01,0.18
33200,2.32,2.02,-8.67,33200,0.01,-0.05,0.24
33210,2.35,1.42,-9,33210,-0.03,-0.09,0.27
33220,2.4,1.17,-9.36,33220,-0.03,-0.12,0.29
33230,2.37,0.92,-9.82,33230,-0.02,-0.13,0.3
33240,2.35,0.4,-10.1,33240,-0.04,-0.1,0.3
33250,2.32,0.25,-9.82,33250,-0.13,-0.08,0.27
33260,2.35,0.34,-9.72,33260,-0.3,-0.06,0.23
33270,2.25,0.87,-9.5,33270,-0.36,-0.06,0.23
33280,2.28,0.99,-9.41,33280,-0.38,-0.08,0.25
33290,2.21,0.95,-9.73,33290,-0.35,-0.11,0.28
33300,2.19,0.22,-9.66,33300,-0.33,-0.12,0.3
33310,2.18,-0.48,-9.94,33310,-0.32,-0.14,0.27
33320,2.12,-1.02,-10.11,33320,-0.26,-0.15,0.22
33330,2.27,-1.36,-10.76,33330,-0.22,-0.14,0.14
33340,2.22,-0.89,-10.83,33340,-0.09,-0.11,0.07
33350,2.29,-0.21,-10.63,33350,0.01,-0.09,0.03
33360,2.32,0.25,-10.75,33360,0.04,-0.08,0.02
33370,2.31,0.47,-10.84,33370,0.02,-0.04,0.01
33380,2.36,0.49,-10.8,33380,0.02,-0.01,0.01
33390,2.27,0.35,-10.66,33390,-0.02,0.03,0
33400,2.28,0.58,-10.2,33400,-0.04,0.06,-0.01
33410,2.33,0.55,-9.81,33410,-0.04,0.06,-0.01
33420,2.28,0.65,-9.32,33420,-0.03,0.06,-0.02
33430,2.32,0.83,-8.88,33430,0,0.02,-0.02
33440,2.38,0.97,-8.84,33440,0.02,-0.01,-0.01
33450,2.36,1.06,-8.94,33450,0.01,-0.05,0
33460,2.51,1.32,-9.04,33460,-0.03,-0.08,0.01
33470,2.39,1.58,-9.2,33470,-0.02,-0.11,0.04
33480,2.46,1.35,-9.46,33480,-0.08,-0.14,0.05
33490,2.56,1.6,-9.92,33490,-0.13,-0.14,0.06
33500,2.7,2.33,-10.11,33500,-0.11,-0.13,0.1
33510,2.79,3.3,-10.5,33510,-0.08,-0.11,0.18
33520,2.8,4.68,-10.36,33520,-0.06,-0.06,0.3
33530,2.8,5.72,-10.13,33530,-0.32,-0.02,0.46
33540,2.63,6.89,-9.47,33540,-0.63,0.01,0.66
33550,2.38,8.03,-8.85,33550,-0.95,0,0.92
33560,1.99,9.17,-8.8,33560,-1.29,-0.05,1.26
33570,1.39,9.7,-8.78,33570,-1.59,-0.13,1.68
33580,0.31,9.14,-8.74,33580,-1.72,-0.26,2.14
33590,-0.68,8.33,-9.27,33590,-1.64,-0.45,2.62
33600,-1.89,7.06,-10.43,33600,-1.18,-0.66,3.11
33610,-2.55,0.53,-14.02,33610,-0.38,-0.9,3.55
33620,-2.18,-11.67,-23.63,33620,0.75,-0.77,3.6
33630,-1.13,-26.92,-32.8,33630,1.09,-0.13,3.01
33640,-0.36,-39.23,-39.23,33640,0.98,1.02,1.55
33650,-2.02,-39.23,-39.23,33650,0.08,2.43,-0.62
33660,-5.32,-39.23,-39.23,33660,-1,3.9,-3.01
33670,-11.86,-39.23,-35.2,33670,-1.47,5.21,-5
33680,-19.52,-39.23,-27.15,33680,-0.77,6.14,-6.72
33690,-26.76,-33.54,-20.47,33690,0.32,6.58,-8.41
33700,-31.2,-11.86,-12.43,33700,1.91,6.63,-8.73
33710,-26.31,24.61,0.69,33710,4.61,6.1,-8.73
33720,-11.99,39.23,19.74,33720,8.73,4.33,-7.38
33730,-9.44,39.23,27.35,33730,8.73,2.04,-4.74
33740,-1.7,39.23,33.28,33740,7.14,-0.1,-2.28
33750,1.73,39.23,29.49,33750,4.53,-1.99,-0.77
33760,1.21,29.82,18.72,33760,2.68,-3.3,-0.43
33770,3.66,39.23,-0.72,33770,0.57,-3.85,-0.14
33780,7.41,39.23,-17.98,33780,-0.9,-3.51,1.27
33790,6.4,39.23,-28.4,33790,-1.81,-2.56,3.61
33800,0.95,39.23,-28.01,33800,-2.52,-1.47,5.72
33810,-4.91,33.97,-23.58,33810,-3.05,-0.66,6.98
33820,-10.31,27.11,-18.51,33820,-3.78,-0.17,7.84
33830,-16.81,19.77,-11.93,33830,-4.69,-0.13,8.73
33840,-22.88,14.67,-7.72,33840,-4.88,-0.61,8.73
33850,-30.24,-4.84,-0.46,33850,-4.87,-1.68,8.73
33860,-29.58,-39.23,-7.16,33860,-3.07,-3.04,8.73
33870,-23.53,-39.23,-29.76,33870,-2.43,-3.53,7.23
33880,-12.85,-39.23,-39.23,33880,-2.47,-2.53,2.59
33890,-9.49,-39.23,-39.23,33890,-3.53,-0.87,-2.04
33900,-9.05,-39.23,-39.23,33900,-2.57,0.58,-4.79
33910,-10.25,-39.23,-39.23,33910,-0.23,1.89,-6
33920,-12.25,-31.96,-39.23,33920,1.69,3.09,-6.7
33930,-15.81,-22.96,-39.23,33930,2.83,4.28,-7.45
33940,-19.8,-6.59,-30.67,33940,3.09,5.44,-8.16
33950,-22.44,14.2,-14.28,33950,2.91,6.09,-8.29
33960,-20.54,39.23,10.71,33960,3.55,5.74,-7.58
33970,-10.82,39.23,35.97,33970,3.82,4.13,-5.87
33980,-1.67,39.23,39.23,33980,2.68,1.58,-3.1
33990,2.32,39.23,39.23,33990,1.12,-1.36,-0.08
34000,1.55,39.23,24.2,34000,-0.06,-3.44,2.33
34010,0.1,39.23,-3.32,34010,-0.82,-4.17,4.02
34020,-0.71,39.23,-23.2,34020,-1.6,-3.72,5.34
34030,-2.82,39.23,-28.13,34030,-2.13,-2.72,6.51
34040,-7.95,34.71,-23.65,34040,-2.36,-1.84,7.69
34050,-16.36,25.82,-13.5,34050,-2.85,-1.48,8.73
34060,-24.3,13.4,-2.88,34060,-2.67,-1.84,8.73
34070,-28.66,-23.97,-3.19,34070,-2.46,-2.84,8.73
34080,-25.43,-39.23,-17.17,34080,-2.74,-3.37,8.24
34090,-17.67,-39.23,-29.45,34090,-2.43,-3.24,4.88
34100,-12.83,-39.23,-36.77,34100,-2.33,-2.53,1.07
34110,-9.82,-39.23,-39.23,34110,-1.8,-1.67,-2.16
34120,-9.75,-39.23,-39.23,34120,0.88,-0.68,-4.17
34130,-11.02,-39.23,-39.23,34130,4.21,0.31,-5.37
34140,-14.25,-38.19,-39.23,34140,6.54,1.43,-6.49
34150,-20.05,-24.36,-39.23,34150,7.14,2.83,-7.76
34160,-25.79,-12.92,-38.58,34160,5.93,3.91,-8.73
34170,-28.35,4.52,-24.88,34170,4.19,4.48,-8.73
34180,-25.86,32.82,-7.16,34180,2.84,4.5,-8.73
34190,-15.48,39.23,14.8,34190,1.7,3.66,-8.41
34200,-1.63,39.23,31.94,34200,0.9,1.96,-5.45
34210,6.44,39.23,33.1,34210,0.54,-0.13,-1.83
34220,7.57,39.23,15.59,34220,0.15,-1.7,1.41
34230,6.15,39.23,-5.28,34230,-0.72,-2.15,3.48
34240,4.09,39.15,-16.18,34240,-1.56,-1.68,4.58
34250,1.11,33.25,-16.94,34250,-2.51,-0.98,5.37
34260,-4.17,28.05,-10.26,34260,-3.35,-0.53,6.37
34270,-11.24,17.41,-1.84,34270,-3.9,-0.69,7.29
34280,-16.98,-7.85,5.84,34280,-3.61,-1.55,7.77
34290,-17.52,-37.72,4.41,34290,-2.01,-2.73,7.07
34300,-15.45,-39.23,-2.85,34300,-0.01,-3.57,5.31
34310,-11.79,-39.23,-12.91,34310,0.77,-3.9,3.24
34320,-7.92,-39.23,-25.28,34320,0.44,-3.63,1.09
34330,-3.88,-38.19,-34.77,34330,0.23,-2.77,-0.58
34340,-0.92,-24.47,-37.61,34340,0.57,-1.66,-1.43
34350,0.89,-17.42,-38.46,34350,1.23,-0.53,-1.72
34360,1.29,-15.54,-38.03,34360,1.34,0.66,-2
34370,-0.24,-14.1,-33.07,34370,0.91,1.96,-2.5
34380,-2.26,-11.09,-25.87,34380,0.17,2.87,-3.03
34390,-3.75,-6.71,-18.11,34390,-0.56,3.43,-3.51
34400,-4.09,0.14,-11.06,34400,-0.94,3.62,-3.78
34410,-2.84,7.48,-6.05,34410,-1.15,3.52,-3.7
34420,-1.07,12.38,-2.63,34420,-1.36,3.23,-3.33
34430,0.67,15.16,-0.62,34430,-1.42,2.84,-2.78
34440,2.4,16.78,0.23,34440,-1.46,2.41,-2.14
34450,3.83,16.59,0.04,34450,-1.53,1.99,-1.49
34460,4.3,15.32,0.25,34460,-1.5,1.61,-0.85
34470,4.74,13.38,0.34,34470,-1.43,1.22,-0.31
34480,4.93,10.76,-0.54,34480,-1.28,0.82,0.17
34490,4.96,7.76,-1.52,34490,-1.17,0.52,0.49
34500,4.72,5.65,-1.92,34500,-1.04,0.28,0.69
34510,4.43,4.43,-1.38,34510,-0.95,0.03,0.84
34520,3.81,2.53,-0.62,34520,-0.74,-0.27,0.97
34530,3.35,-0.1,-0.12,34530,-0.43,-0.63,1.02
34540,2.89,-1.75,-0.36,34540,-0.09,-1.01,0.96
34550,2.54,-2.45,-1.12,34550,0.09,-1.38,0.84
34560,2.31,-1.55,-2.66,34560,0.27,-1.72,0.73
34570,2.24,-0.67,-5.29,34570,0.52,-2,0.71
34580,2.32,-0.97,-8.84,34580,0.78,-2.16,0.73
34590,2.62,-1.68,-12.27,34590,0.93,-2.15,0.72
34600,2.89,-2.41,-15.12,34600,0.97,-1.99,0.64
34610,3.26,-2.77,-17,34610,0.88,-1.72,0.52
34620,3.46,-3,-18.25,34620,0.65,-1.38,0.36
34630,3.73,-3.33,-19.28,34630,0.26,-0.98,0.17
34640,4.02,-3.01,-19.27,34640,-0.22,-0.54,-0.05
34650,3.89,-1.98,-17.81,34650,-0.61,-0.12,-0.23
34660,3.79,-1.48,-15.23,34660,-0.91,0.19,-0.35
34670,3.43,-1.44,-13.23,34670,-1.15,0.39,-0.46
34680,3.16,-1.02,-10.88,34680,-1.2,0.5,-0.56
34690,3.01,0.17,-8.47,34690,-1.15,0.49,-0.61
34700,2.93,1.4,-6.96,34700,-1.03,0.38,-0.58
34710,2.93,2.12,-6.18,34710,-0.79,0.2,-0.5
34720,3.1,2.26,-6.47,34720,-0.53,0.01,-0.4
34730,3.27,2.15,-7.14,34730,-0.24,-0.13,-0.3
34740,3.28,1.44,-7.76,34740,-0.12,-0.23,-0.23
34750,3.41,0.31,-8.4,34750,-0.25,-0.28,-0.24
34760,3.35,-0.02,-8.48,34760,-0.35,-0.29,-0.3
34770,3.03,-0.03,-8.06,34770,-0.47,-0.32,-0.37
34780,3.14,0.16,-7.95,34780,-0.63,-0.37,-0.43
34790,2.87,0.97,-8.26,34790,-0.55,-0.43,-0.46
34800,2.83,1.93,-8.82,34800,-0.37,-0.5,-0.43
34810,2.82,2.24,-9.25,34810,-0.1,-0.56,-0.35
34820,3.27,2.12,-12.81,34820,0.7,-0.66,-0.23
34830,4.16,2.54,-19.4,34830,1.55,-0.42,-0.14
34840,4.11,3.43,-20,34840,0.69,-0.03,-0.07
34850,3.75,2.09,-16.43,34850,-0.05,0.36,-0.02
34860,3.3,0.11,-11.99,34860,-0.51,0.54,-0.1
34870,2.42,0.06,-7.75,34870,-0.78,0.51,-0.19
34880,2.29,-0.02,-5.62,34880,-0.69,0.33,-0.26
34890,2.35,0.7,-5.57,34890,-0.5,0.09,-0.3
34900,2.73,2.01,-6.99,34900,-0.22,-0.11,-0.28
34910,2.98,2.98,-8.82,34910,-0.03,-0.21,-0.18
34920,3.1,2.72,-10.12,34920,0.1,-0.21,-0.08
34930,3.26,1.86,-10.82,34930,0.05,-0.17,-0.03
34940,3.19,1.12,-11.2,34940,-0.07,-0.08,-0.03
34950,3.04,0.88,-10.6,34950,-0.15,0,-0.07
34960,2.95,1.44,-9.65,34960,-0.17,0.04,-0.1
34970,2.95,2.51,-9.02,34970,-0.11,0.02,-0.08
34980,2.96,2.88,-9.02,34980,-0.04,-0.01,-0.01
34990,2.83,2.44,-8.92,34990,0,-0.04,0.07
35000,2.82,1.49,-9.31,35000,0.02,-0.08,0.1
35010,2.88,0.57,-10.04,35010,-0.04,-0.08,0.08
35020,2.96,0.73,-10.41,35020,-0.05,-0.05,0.03
35030,3.01,1.39,-10.4,35030,-0.09,-0.02,0.01
35040,3,1.9,-10.23,35040,-0.14,0.01,0.03
35050,3.11,1.86,-10.01,35050,-0.16,0.03,0.06
35060,3.15,1.34,-9.81,35060,-0.15,0.05,0.08
35070,3.11,1.05,-9.65,35070,-0.17,0.05,0.08
35080,3.08,0.89,-9.59,35080,-0.11,0.05,0.07
35090,2.98,0.86,-9.12,35090,-0.04,0.04,0.07
35100,2.93,0.79,-9.16,35100,-0.04,0.01,0.05
35110,3,0.81,-9.42,35110,-0.01,-0.01,0.03
35120,3.02,1.22,-9.52,35120,0.03,-0.02,0.01
35130,3.12,1.69,-9.53,35130,0.05,-0.04,0.01
35140,3.11,1.88,-9.65,35140,0.04,-0.05,0.03
35150,3.15,1.98,-9.72,35150,0.07,-0.06,0.06
35160,3.11,2.02,-9.58,35160,0.12,-0.06,0.09
35170,3.06,1.9,-9.26,35170,0.18,-0.08,0.12
35180,3.11,2.32,-8.88,35180,0.17,-0.1,0.13
35190,3.04,2.45,-8.85,35190,0.22,-0.14,0.17
35200,2.85,2.07,-9.09,35200,0.37,-0.19,0.23
35210,3.09,1.63,-9.55,35210,0.36,-0.24,0.25
35220,3.06,0.91,-10.39,35220,0.39,-0.24,0.25
35230,3.12,0.58,-10.37,35230,0.44,-0.21,0.22
35240,2.97,0.45,-10.49,35240,0.35,-0.17,0.18
35250,2.91,0.64,-10.25,35250,0.29,-0.13,0.13
35260,2.87,1.24,-9.95,35260,0.21,-0.1,0.11
35270,2.84,1.21,-9.83,35270,0.18,-0.1,0.14
35280,2.91,0.75,-10.02,35280,0.04,-0.1,0.15
35290,2.79,0.02,-10.5,35290,-0.04,-0.08,0.14
35300,2.77,-0.01,-10.47,35300,-0.18,-0.04,0.1
35310,2.88,-0.23,-10.48,35310,-0.23,-0.01,0.06
35320,2.83,-0.43,-10.36,35320,-0.19,0.02,0.03
35330,2.68,-0.13,-9.77,35330,,,
