16620,2.56,-2.86,-9.83,16620,-0.11,0.00,-0.00
24250,1.93,-0.32,-9.64,24250,-0.22,0.06,0.28
24260,1.88,-0.65,-10.09,24260,-0.26,0.01,0.28
24270,1.73,-0.73,-10.29,24270,-0.25,-0.01,0.27
24280,1.78,-0.44,-10.56,24280,-0.22,-0.00,0.26
24290,1.78,-0.14,-10.62,24290,-0.22,0.03,0.26
24300,1.80,0.15,-10.67,24300,-0.21,0.09,0.27
24310,2.04,0.23,-10.45,24310,-0.20,0.14,0.30
24320,2.11,0.10,-10.27,24320,-0.13,0.16,0.34
24330,2.09,-0.15,-10.03,24330,-0.08,0.16,0.36
24340,2.10,-0.49,-10.09,24340,0.01,0.13,0.37
24350,1.99,-0.79,-10.38,24350,-0.00,0.10,0.36
24360,1.79,-1.17,-10.66,24360,-0.02,0.07,0.34
24370,1.69,-1.43,-11.15,24370,0.05,0.05,0.32
24380,1.55,-1.49,-11.42,24380,0.11,0.06,0.30
24390,1.61,-1.53,-11.59,24390,0.09,0.11,0.26
24400,1.62,-1.52,-11.48,24400,0.09,0.16,0.23
24410,1.48,-1.62,-11.13,24410,0.10,0.21,0.20
24420,1.47,-1.71,-10.89,24420,0.07,0.24,0.19
24430,1.36,-1.73,-10.56,24430,0.07,0.24,0.16
24440,1.28,-1.96,-10.32,24440,0.00,0.23,0.14
24450,1.36,-2.05,-10.41,24450,-0.08,0.23,0.11
24460,1.38,-1.90,-10.11,24460,-0.08,0.23,0.08
24470,1.52,-1.72,-9.81,24470,-0.12,0.24,0.06
24480,1.56,-1.40,-9.52,24480,-0.11,0.26,0.03
24490,1.63,-1.15,-9.30,24490,-0.09,0.27,0.03
24500,1.79,-0.89,-8.95,24500,-0.01,0.28,0.02
24510,1.91,-1.00,-8.61,24510,0.01,0.29,0.03
24520,2.08,-1.22,-8.46,24520,0.04,0.27,0.03
24530,2.19,-1.32,-8.16,24530,0.04,0.23,0.01
24540,2.16,-1.16,-7.84,24540,0.08,0.17,-0.03
24550,2.12,-1.05,-7.74,24550,0.01,0.11,-0.07
24560,2.41,-1.16,-7.86,24560,-0.05,0.04,-0.12
24570,2.62,-1.16,-8.17,24570,-0.02,-0.01,-0.16
24580,2.72,-1.14,-8.25,24580,0.04,-0.04,-0.21
24590,2.86,-1.10,-8.37,24590,0.15,-0.08,-0.27
24600,2.84,-1.15,-8.55,24600,0.32,-0.11,-0.35
24610,3.13,-0.70,-8.68,24610,0.50,-0.12,-0.44
24620,3.47,0.30,-8.80,24620,0.73,-0.12,-0.51
24630,3.17,0.98,-8.37,24630,0.84,-0.10,-0.56
24640,3.47,0.85,-8.31,24640,0.97,-0.10,-0.58
24650,4.37,-0.06,-8.52,24650,1.05,-0.10,-0.57
24660,4.86,-1.36,-8.64,24660,0.96,-0.11,-0.60
24670,5.06,-2.41,-8.92,24670,0.69,-0.12,-0.69
24680,4.57,-3.62,-9.05,24680,0.43,-0.14,-0.80
24690,4.97,-3.53,-9.42,24690,0.11,-0.17,-0.97
24700,3.96,-4.13,-9.25,24700,-0.34,-0.20,-1.20
24710,2.85,-4.55,-9.05,24710,-0.23,-0.30,-1.44
24720,2.32,-4.12,-9.18,24720,0.18,-0.45,-1.67
24730,1.45,-3.72,-9.30,24730,0.71,-0.58,-1.89
24740,-0.19,-2.50,-7.93,24740,0.44,-0.73,-2.08
24750,0.55,-1.24,-9.19,24750,1.09,-1.01,-2.01
24760,1.50,0.29,-11.23,24760,1.30,-1.10,-1.77
24770,2.42,0.25,-13.38,24770,0.88,-0.95,-1.52
24780,2.29,0.52,-14.47,24780,0.65,-0.59,-1.21
24790,1.87,0.68,-13.92,24790,0.42,-0.20,-0.99
24800,1.68,-0.10,-13.50,24800,0.44,0.16,-0.83
24810,1.56,-0.36,-12.61,24810,0.67,0.46,-0.73
24820,1.37,-0.53,-11.25,24820,0.56,0.67,-0.71
24830,1.24,-1.30,-10.13,24830,0.42,0.77,-0.69
24840,1.37,-2.48,-9.62,24840,0.10,0.75,-0.67
24850,1.15,-3.41,-9.20,24850,-0.26,0.60,-0.66
24860,0.49,-3.39,-9.05,24860,-0.35,0.38,-0.67
24870,-0.02,-2.40,-9.29,24870,-0.24,0.17,-0.70
24880,0.12,-1.73,-10.41,24880,0.06,0.07,-0.71
24890,-0.05,2.07,-12.94,24890,0.38,0.11,-0.70
24900,3.30,35.60,-39.23,24900,0.79,2.84,1.99
24910,-3.22,-3.52,-8.46,24910,0.33,4.46,3.36
24920,-2.32,-15.10,1.45,24920,1.26,3.75,2.66
24930,1.12,-14.53,0.40,24930,1.09,2.69,1.44
24940,4.96,-14.18,-8.92,24940,0.33,2.54,0.31
24950,4.42,-11.97,-3.37,24950,0.88,2.18,-0.49
24960,4.95,-5.19,-2.05,24960,0.18,1.54,-0.94
24970,3.04,-1.38,-2.65,24970,-0.07,0.96,-0.95
24980,4.28,-2.92,-3.66,24980,0.20,0.49,-0.95
24990,4.97,-2.13,-4.61,24990,0.28,0.03,-0.94
25000,4.70,-0.50,-6.12,25000,0.00,-0.37,-0.79
25010,4.54,0.45,-8.00,25010,-0.30,-0.55,-0.61
25020,4.72,-0.88,-7.66,25020,-0.76,-0.59,-0.49
25030,5.00,-3.11,-6.86,25030,-0.81,-0.78,-0.54
25040,5.87,-4.16,-8.58,25040,-0.16,-0.79,-0.62
25050,6.31,-4.69,-8.67,25050,-0.15,-0.75,-0.84
25060,6.75,-4.48,-8.74,25060,-0.35,-0.72,-1.12
25070,5.08,0.13,-7.69,25070,-0.64,-0.83,-1.15
25080,3.67,3.61,-9.41,25080,-0.86,-1.02,-0.77
25090,3.97,2.12,-13.00,25090,-1.16,-0.97,-0.41
25100,3.95,-1.02,-13.44,25100,-1.21,-0.72,-0.21
25110,3.97,-1.55,-13.16,25110,-1.31,-0.54,-0.19
25120,4.20,-1.93,-13.13,25120,-1.41,-0.37,-0.23
25130,4.37,-1.43,-12.07,25130,-1.37,-0.20,-0.28
25140,4.64,-0.28,-11.55,25140,-1.31,-0.05,-0.28
25150,4.90,-0.20,-10.28,25150,-1.30,0.06,-0.25
25160,4.95,-1.03,-9.26,25160,-1.22,0.06,-0.26
25170,4.89,-0.12,-8.87,25170,-1.20,-0.05,-0.28
25180,4.65,0.25,-9.59,25180,-1.37,-0.06,-0.21
25190,4.49,-0.43,-9.78,25190,-1.71,-0.06,-0.20
25200,4.48,-0.52,-8.68,25200,-2.28,-0.08,-0.29
25210,3.46,1.18,-10.19,25210,-3.59,-0.16,-0.41
25220,4.92,-2.06,-5.03,25220,-3.94,-0.19,-0.46
25230,5.09,-2.18,-4.74,25230,-2.91,-0.54,-0.60
25240,2.07,-1.03,-5.78,25240,-3.40,-0.83,-0.86
25250,3.15,11.35,-10.09,25250,-5.36,-0.93,-0.94
25260,4.29,14.04,-12.30,25260,-4.70,-0.80,-0.37
25270,4.03,11.34,-15.25,25270,-3.09,-0.62,0.22
25280,3.91,7.59,-15.63,25280,-2.69,-0.28,0.54
25290,3.92,4.67,-13.63,25290,-2.56,0.03,0.68
25300,3.64,2.43,-10.69,25300,-2.14,0.18,0.69
25310,1.93,0.76,-6.60,25310,-1.91,0.16,0.56
25320,2.91,0.15,-6.24,25320,-1.91,0.04,0.37
25330,3.63,0.51,-4.46,25330,-2.15,-0.11,0.10
25340,3.34,3.28,-4.21,25340,-1.84,-0.29,-0.04
25350,2.88,6.09,-5.47,25350,-1.72,-0.47,-0.03
25360,3.27,8.52,-7.71,25360,-1.31,-0.57,0.15
25370,3.18,9.13,-10.11,25370,-0.89,-0.58,0.43
25380,3.20,7.96,-12.02,25380,-0.43,-0.47,0.72
25390,3.00,5.49,-12.72,25390,-0.03,-0.28,0.93
25400,2.46,3.04,-11.87,25400,0.41,-0.11,1.01
25410,3.40,1.40,-10.82,25410,0.48,0.02,1.00
25420,3.29,-0.07,-9.02,25420,0.95,0.04,0.92
25430,3.42,0.59,-9.08,25430,1.18,0.03,0.78
25440,3.56,2.46,-8.99,25440,1.37,0.04,0.71
25450,3.13,3.93,-8.72,25450,1.22,0.03,0.73
25460,3.34,4.59,-8.60,25460,0.99,-0.01,0.79
25470,3.50,4.47,-9.35,25470,0.82,-0.03,0.89
25480,3.06,3.71,-10.89,25480,0.55,0.01,0.97
25490,4.07,2.38,-11.42,25490,0.45,0.11,1.02
25500,3.17,0.24,-11.80,25500,0.37,0.24,0.97
25510,4.37,-1.57,-10.67,25510,0.24,0.36,0.85
25520,4.28,-2.72,-9.92,25520,0.25,0.39,0.66
25530,3.62,-3.35,-9.74,25530,0.41,0.41,0.46
25540,4.04,-4.07,-8.86,25540,0.05,0.42,0.20
25550,4.10,-4.79,-8.58,25550,-0.54,0.43,-0.17
25560,4.05,-3.47,-7.42,25560,-0.97,0.41,-0.51
25570,3.98,0.18,-7.34,25570,-0.96,0.33,-0.75
25580,4.02,5.10,-8.53,25580,-0.76,0.28,-0.74
25590,4.00,8.45,-10.02,25590,-0.49,0.28,-0.48
25600,4.14,9.60,-11.30,25600,-0.37,0.35,-0.11
25610,4.48,8.28,-11.84,25610,-1.00,0.47,0.19
25620,2.48,5.42,-11.31,25620,-2.34,0.60,0.31
25630,4.53,1.64,-10.81,25630,-3.11,0.70,0.34
25640,4.62,-1.87,-11.05,25640,-2.66,0.78,0.26
25650,4.58,-2.89,-11.48,25650,-1.58,0.89,0.10
25660,4.71,-2.46,-10.74,25660,0.00,1.03,-0.02
25670,4.52,-1.11,-9.80,25670,1.38,1.15,-0.17
25680,4.46,4.21,-7.25,25680,2.81,1.18,-0.25
25690,4.29,10.81,-5.41,25690,4.41,1.05,0.02
25700,4.11,16.47,-5.72,25700,6.82,0.89,0.71
25710,4.76,19.54,-5.08,25710,8.73,0.78,1.75
25720,4.47,20.17,-3.76,25720,8.73,0.72,2.92
25730,3.69,18.07,-3.10,25730,8.73,0.76,4.11
25740,2.85,14.15,-0.35,25740,8.73,0.92,5.21
25750,1.07,9.59,2.89,25750,8.73,1.20,6.01
25760,-0.21,6.20,7.93,25760,8.73,1.54,6.49
25770,-0.25,-1.77,11.98,25770,8.73,1.77,6.50
25780,-0.71,-7.10,12.80,25780,8.73,1.97,5.84
25790,-0.88,-9.80,13.48,25790,8.73,2.06,4.83
25800,-0.27,-12.89,14.99,25800,8.73,2.02,3.62
25810,-0.05,-17.54,15.88,25810,8.73,1.78,2.29
25820,0.54,-20.36,14.10,25820,5.19,1.48,1.00
25830,0.75,-20.77,11.12,25830,1.14,1.28,-0.03
25840,0.82,-17.33,9.32,25840,-0.20,1.21,-0.65
25850,0.89,-10.26,11.88,25850,0.29,1.12,-0.83
25860,1.36,-3.36,15.11,25860,1.04,0.83,-0.58
25870,1.73,-1.70,16.64,25870,0.85,0.41,-0.19
25880,2.38,-3.92,14.97,25880,-0.31,-0.08,0.08
25890,1.90,-4.67,12.46,25890,-1.93,-0.41,0.12
25900,2.06,-6.87,9.18,25900,-3.88,-0.65,0.06
25910,2.23,-8.30,6.21,25910,-6.30,-0.74,-0.20
25920,1.87,-7.96,5.13,25920,-8.72,-0.75,-0.52
25930,1.10,-8.53,5.70,25930,-8.73,-0.80,-0.88
25940,0.62,-8.70,6.56,25940,-8.73,-0.95,-1.33
25950,0.05,-11.49,6.20,25950,-8.73,-1.13,-1.92
25960,0.23,-16.46,4.93,25960,-8.73,-1.26,-2.73
25970,0.69,-18.10,3.04,25970,-8.73,-1.34,-3.68
25980,1.27,-12.16,-0.79,25980,-8.73,-1.32,-4.36
25990,0.52,-2.25,-4.83,25990,-8.73,-1.18,-4.37
26000,1.56,2.38,-7.15,26000,-8.73,-0.99,-3.99
26010,2.44,2.94,-7.61,26010,-8.73,-0.74,-3.67
26020,3.19,3.08,-6.83,26020,-8.73,-0.51,-3.53
26030,3.54,4.80,-5.31,26030,-8.73,-0.35,-3.42
26040,3.68,6.33,-5.52,26040,-8.73,-0.26,-3.19
26050,3.81,8.90,-6.05,26050,-8.73,-0.18,-2.79
26060,3.52,11.17,-6.50,26060,-8.73,-0.18,-2.13
26070,3.51,12.02,-6.05,26070,-5.62,-0.27,-1.36
26080,3.14,11.36,-5.55,26080,-2.21,-0.43,-0.64
26090,2.89,9.19,-5.82,26090,-0.23,-0.61,-0.12
26100,3.03,4.46,-6.51,26100,-0.18,-0.77,0.07
26110,3.24,0.84,-8.71,26110,-0.90,-0.85,-0.13
26120,3.40,1.29,-11.60,26120,-1.33,-0.79,-0.45
26130,3.63,5.28,-13.41,26130,-1.18,-0.62,-0.60
26140,3.77,9.34,-14.17,26140,-0.59,-0.38,-0.46
26150,3.83,11.60,-14.53,26150,0.29,-0.15,-0.09
26160,3.98,12.19,-15.33,26160,1.33,0.11,0.38
26170,3.89,11.19,-14.34,26170,2.47,0.42,0.84
26180,3.39,9.43,-11.78,26180,3.36,0.68,1.21
26190,3.13,7.18,-7.67,26190,3.11,0.81,1.37
26200,3.32,4.61,-5.43,26200,1.70,0.80,1.35
26210,3.29,1.67,-4.48,26210,-0.00,0.70,1.18
26220,3.27,-1.10,-4.60,26220,-0.49,0.58,1.01
26230,3.29,-2.70,-4.85,26230,-0.02,0.45,0.82
26240,3.27,-2.84,-3.78,26240,0.56,0.32,0.59
26250,3.10,-1.41,-2.05,26250,0.93,0.13,0.37
26260,3.10,0.74,-0.58,26260,0.67,-0.16,0.19
26270,3.16,2.65,-1.21,26270,-0.06,-0.50,0.07
26280,3.25,3.60,-4.38,26280,-0.62,-0.77,0.04
26290,3.46,3.88,-8.47,26290,-0.73,-0.87,0.06
26300,3.55,3.81,-11.51,26300,-0.55,-0.81,0.12
26310,3.71,3.44,-12.79,26310,-0.38,-0.66,0.17
26320,3.65,3.05,-13.09,26320,-0.10,-0.50,0.21
26330,3.61,2.60,-12.18,26330,0.16,-0.34,0.23
26340,3.50,2.14,-10.86,26340,0.15,-0.27,0.20
26350,3.40,1.72,-9.82,26350,-0.06,-0.24,0.13
26360,3.56,1.49,-9.87,26360,-0.41,-0.26,0.02
26370,3.70,1.54,-10.96,26370,-0.69,-0.24,-0.08
26380,3.96,1.68,-12.47,26380,-0.83,-0.15,-0.17
26390,3.98,2.05,-13.71,26390,-0.69,0.02,-0.23
26400,4.08,2.22,-14.09,26400,-0.52,0.22,-0.26
26410,4.01,2.55,-13.89,26410,-0.34,0.44,-0.30
26420,3.94,3.36,-13.15,26420,-0.11,0.64,-0.30
26430,3.90,4.04,-12.36,26430,0.15,0.82,-0.26
26440,3.76,5.23,-11.25,26440,0.63,0.99,-0.17
26450,3.70,6.75,-9.54,26450,1.23,1.11,-0.02
26460,3.79,8.27,-8.03,26460,2.11,1.14,0.23
26470,3.98,8.83,-8.30,26470,3.71,1.12,0.61
26480,4.18,9.34,-9.41,26480,5.94,1.15,1.04
26490,4.40,9.70,-9.87,26490,8.46,1.28,1.50
26500,4.36,10.92,-9.41,26500,8.73,1.46,1.96
26510,4.34,12.25,-8.12,26510,8.73,1.68,2.49
26520,3.88,13.02,-6.82,26520,8.73,1.86,3.05
26530,3.17,14.54,-5.54,26530,8.73,2.07,3.62
26540,2.25,18.27,-3.42,26540,8.73,2.34,4.26
26550,0.89,21.52,-0.49,26550,8.73,2.66,5.03
26560,-0.85,19.95,-0.89,26560,8.73,3.09,5.60
26570,-2.72,15.64,-0.37,26570,8.73,3.82,5.71
26580,-4.41,10.43,4.56,26580,8.73,4.54,5.38
26590,-5.54,3.67,11.63,26590,8.73,4.93,4.67
26600,-6.03,-3.65,17.51,26600,8.73,4.89,3.75
26610,-5.79,-13.50,22.66,26610,5.24,4.56,2.79
26620,-3.39,-25.88,28.36,26620,1.10,3.84,1.83
26630,-3.32,-31.31,29.85,26630,0.08,2.80,0.77
26640,-3.34,-27.91,29.97,26640,1.18,1.73,-0.08
26650,-2.02,-17.85,30.78,26650,1.45,0.74,-0.72
26660,-1.79,-9.44,28.51,26660,0.64,-0.30,-0.92
26670,-1.28,-6.57,24.74,26670,-0.83,-1.07,-0.92
26680,-1.32,-3.18,20.56,26680,-2.27,-1.62,-0.88
26690,-1.02,0.27,18.19,26690,-4.19,-2.01,-0.77
26700,-1.01,1.42,15.94,26700,-6.46,-2.36,-0.62
26710,-1.61,-0.58,12.98,26710,-8.61,-2.65,-0.54
26720,-2.22,-4.23,10.38,26720,-8.73,-2.88,-0.70
26730,-2.52,-7.12,9.01,26730,-8.73,-3.08,-1.17
26740,-2.86,-9.38,8.82,26740,-8.73,-3.28,-1.87
26750,-2.82,-10.73,7.66,26750,-8.73,-3.49,-2.75
26760,-1.96,-8.94,4.29,26760,-8.73,-3.61,-3.64
26770,-1.50,-0.83,-0.71,26770,-8.73,-3.57,-4.22
26780,-0.96,8.65,-5.63,26780,-8.73,-3.44,-4.07
26790,0.43,14.86,-10.24,26790,-8.73,-3.18,-3.41
26800,1.96,15.93,-13.75,26800,-8.73,-2.81,-2.61
26810,3.22,14.57,-15.97,26810,-8.73,-2.36,-1.93
26820,3.60,12.48,-17.31,26820,-8.73,-1.90,-1.42
26830,4.25,10.62,-18.44,26830,-8.73,-1.44,-1.05
26840,4.28,8.85,-18.91,26840,-8.73,-0.98,-0.72
26850,3.64,6.89,-21.16,26850,-8.73,-0.55,-0.44
26860,3.57,4.88,-21.62,26860,-8.73,-0.07,-0.15
26870,3.27,2.05,-19.51,26870,-8.07,0.40,0.06
26880,2.77,0.02,-14.00,26880,-6.44,0.68,0.10
26890,2.58,0.55,-11.00,26890,-5.11,0.72,0.07
26900,2.09,1.41,-8.65,26900,-3.80,0.66,0.08
26910,2.25,2.44,-7.01,26910,-2.61,0.53,0.10
26920,2.50,4.45,-6.81,26920,-1.62,0.37,0.14
26930,2.75,5.96,-7.48,26930,-0.97,0.28,0.25
26940,2.95,6.43,-7.90,26940,-0.65,0.23,0.38
26950,2.96,6.00,-8.23,26950,-0.45,0.22,0.51
26960,3.13,5.01,-8.15,26960,-0.36,0.20,0.60
26970,3.20,3.63,-8.20,26970,-0.37,0.20,0.63
26980,3.16,2.40,-7.98,26980,-0.27,0.20,0.60
26990,3.19,1.75,-7.31,26990,-0.05,0.19,0.53
27000,3.22,1.53,-6.15,27000,0.12,0.15,0.45
27010,3.28,1.15,-5.36,27010,0.10,0.07,0.34
27020,3.21,1.49,-5.32,27020,0.00,-0.02,0.20
27030,3.26,2.55,-5.39,27030,-0.16,-0.11,0.09
27040,3.23,3.24,-5.84,27040,-0.34,-0.19,0.03
27050,3.21,3.57,-6.76,27050,-0.41,-0.26,0.01
27060,3.25,3.69,-7.62,27060,-0.26,-0.30,0.01
27070,3.16,3.52,-8.38,27070,0.02,-0.32,0.03
27080,3.09,3.23,-8.71,27080,0.25,-0.32,0.03
27090,3.13,3.01,-8.84,27090,0.35,-0.33,-0.01
27100,2.71,2.53,-9.05,27100,0.03,-0.32,-0.10
27110,3.00,3.20,-9.28,27110,-0.30,-0.35,-0.22
27120,3.08,4.20,-10.00,27120,-0.45,-0.34,-0.27
27130,3.20,4.75,-10.31,27130,-0.57,-0.30,-0.29
27140,3.19,5.25,-11.34,27140,-0.69,-0.26,-0.27
27150,3.25,5.66,-12.86,27150,-0.54,-0.17,-0.20
27160,3.27,5.54,-13.88,27160,-0.34,0.02,-0.12
27170,3.54,5.70,-13.95,27170,-0.14,0.23,-0.05
27180,3.53,6.24,-13.40,27180,0.13,0.43,0.05
27190,3.48,6.39,-12.08,27190,0.44,0.61,0.17
27200,3.46,6.36,-10.61,27200,0.64,0.72,0.28
27210,3.50,5.94,-9.59,27210,0.65,0.79,0.39
27220,3.65,5.12,-9.12,27220,0.70,0.85,0.47
27230,3.88,3.99,-9.67,27230,1.23,0.91,0.56
27240,4.06,3.54,-11.11,27240,2.42,1.01,0.66
27250,4.16,4.00,-12.14,27250,4.19,1.21,0.81
27260,4.15,4.05,-11.80,27260,6.32,1.43,1.01
27270,3.89,4.71,-9.95,27270,8.59,1.60,1.17
27280,3.95,7.00,-7.32,27280,8.73,1.69,1.34
27290,3.92,9.30,-4.79,27290,8.73,1.72,1.62
27300,3.64,11.23,-2.70,27300,8.73,1.68,2.04
27310,3.42,12.28,-1.41,27310,8.73,1.58,2.56
27320,2.89,12.96,-0.35,27320,8.73,1.52,3.22
27330,1.80,13.70,0.51,27330,8.73,1.51,3.87
27340,1.45,12.72,0.38,27340,8.73,1.57,4.54
27350,0.74,9.55,-1.36,27350,8.73,1.87,5.08
27360,-0.37,3.59,-3.68,27360,8.73,2.48,5.23
27370,-1.36,-1.94,-1.37,27370,8.73,3.24,4.91
27380,-2.31,-6.35,4.25,27380,8.73,3.80,4.16
27390,-3.04,-9.78,10.52,27390,8.73,4.01,3.14
27400,-3.51,-14.55,16.10,27400,8.73,3.88,2.03
27410,-3.28,-21.81,20.16,27410,4.53,3.52,0.83
27420,-3.20,-26.82,24.91,27420,1.35,2.90,-0.33
27430,-3.12,-20.86,24.69,27430,0.56,2.07,-1.31
27440,-1.88,-9.16,28.52,27440,2.11,1.29,-1.49
27450,-1.62,-0.06,28.47,27450,2.26,0.41,-1.22
27460,-0.19,2.05,28.44,27460,1.99,-0.39,-0.73
27470,-0.19,0.20,24.04,27470,0.33,-1.17,-0.41
27480,0.49,-0.40,18.55,27480,-0.98,-1.72,-0.23
27490,0.24,1.94,13.13,27490,-2.77,-1.97,-0.09
27500,0.64,3.38,11.33,27500,-5.07,-2.09,0.08
27510,-0.10,2.25,10.02,27510,-7.27,-2.22,0.25
27520,-0.80,-0.77,8.76,27520,-8.73,-2.42,0.29
27530,-1.43,-4.80,6.87,27530,-8.73,-2.67,0.12
27540,-1.24,-7.79,3.68,27540,-8.73,-2.91,-0.40
27550,-1.35,-9.06,0.62,27550,-8.73,-2.99,-1.02
27560,-1.02,-9.70,-1.50,27560,-8.73,-2.95,-1.71
27570,-0.35,-9.47,-2.59,27570,-8.73,-2.80,-2.42
27580,-0.14,-8.74,-3.14,27580,-8.73,-2.64,-3.07
27590,0.21,-6.54,-3.99,27590,-8.73,-2.46,-3.59
27600,0.68,-3.43,-4.72,27600,-8.73,-2.26,-3.95
27610,2.07,0.47,-5.99,27610,-8.73,-2.03,-4.15
27620,2.86,5.54,-7.95,27620,-8.73,-1.74,-4.21
27630,2.82,13.21,-10.09,27630,-8.73,-1.33,-3.95
27640,2.84,20.17,-10.67,27640,-8.73,-0.94,-3.19
27650,3.27,22.92,-11.28,27650,-8.73,-0.68,-1.97
27660,3.32,20.59,-11.89,27660,-8.73,-0.57,-0.76
27670,3.05,13.92,-13.31,27670,-7.10,-0.47,0.27
27680,2.47,5.48,-12.92,27680,-4.28,-0.32,0.85
27690,2.45,-0.60,-10.64,27690,-2.17,-0.21,0.96
27700,2.74,-4.09,-8.78,27700,-1.13,-0.20,0.73
27710,2.70,-4.78,-7.95,27710,-0.71,-0.26,0.31
27720,2.76,-2.31,-8.32,27720,-0.54,-0.33,-0.10
27730,2.95,1.82,-9.24,27730,-0.51,-0.35,-0.34
27740,3.27,5.58,-9.94,27740,-0.20,-0.32,-0.32
27750,3.32,7.54,-10.42,27750,0.37,-0.26,-0.12
27760,3.45,7.98,-10.54,27760,1.14,-0.19,0.19
27770,3.42,7.90,-10.81,27770,1.88,-0.11,0.48
27780,3.22,6.66,-10.81,27780,2.42,-0.01,0.73
27790,3.12,4.71,-9.86,27790,2.58,0.07,0.87
27800,3.11,2.64,-8.89,27800,2.17,0.10,0.86
27810,3.17,1.03,-8.62,27810,1.41,0.09,0.73
27820,3.37,0.22,-9.05,27820,0.60,0.08,0.54
27830,3.56,-0.14,-9.68,27830,-0.07,0.10,0.34
27840,3.51,0.41,-10.25,27840,-0.38,0.15,0.18
27850,3.52,1.84,-10.09,27850,-0.31,0.22,0.10
27860,3.37,3.24,-9.58,27860,-0.01,0.25,0.13
27870,3.17,3.84,-8.49,27870,0.32,0.26,0.23
27880,3.05,3.92,-7.07,27880,0.66,0.20,0.33
27890,3.01,3.34,-6.61,27890,0.81,0.08,0.41
27900,3.05,2.25,-7.03,27900,0.81,-0.04,0.44
27910,3.08,1.11,-7.81,27910,0.62,-0.12,0.40
27920,3.12,0.18,-8.36,27920,0.30,-0.17,0.29
27930,3.21,0.02,-8.83,27930,-0.05,-0.21,0.15
27940,3.17,0.25,-8.99,27940,-0.32,-0.24,0.03
27950,3.13,0.61,-9.27,27950,-0.42,-0.26,-0.07
27960,3.06,1.53,-9.62,27960,-0.36,-0.29,-0.13
27970,3.03,2.55,-10.09,27970,-0.27,-0.29,-0.13
27980,3.06,3.08,-10.16,27980,-0.29,-0.27,-0.09
27990,3.05,3.15,-10.48,27990,-0.40,-0.26,-0.05
28000,3.17,2.74,-11.03,28000,-0.70,-0.21,-0.04
28010,3.30,2.26,-11.98,28010,-1.19,-0.13,-0.07
28020,3.40,1.63,-12.52,28020,-1.67,0.00,-0.13
28030,3.39,1.26,-12.47,28030,-1.84,0.15,-0.18
28040,3.41,0.63,-11.94,28040,-1.68,0.28,-0.22
28050,3.37,-0.66,-11.93,28050,-1.37,0.38,-0.27
28060,3.33,-2.48,-12.18,28060,-1.00,0.51,-0.40
28070,3.32,-3.53,-12.23,28070,-0.56,0.66,-0.62
28080,3.23,-3.01,-11.73,28080,-0.12,0.82,-0.88
28090,2.83,0.40,-10.31,28090,0.39,0.96,-1.15
28100,2.88,6.96,-8.19,28100,0.89,0.99,-1.20
28110,3.32,12.47,-6.05,28110,1.18,0.93,-0.91
28120,3.37,16.40,-9.67,28120,2.47,0.82,-0.26
28130,3.67,16.23,-12.71,28130,4.34,0.88,0.58
28140,3.99,12.86,-14.65,28140,6.80,1.10,1.36
28150,4.23,8.57,-15.38,28150,8.73,1.45,1.89
28160,3.97,5.29,-15.09,28160,8.73,1.86,2.17
28170,3.79,3.88,-13.09,28170,8.73,2.29,2.24
28180,3.13,3.87,-9.70,28180,8.73,2.60,2.21
28190,2.44,5.89,-5.38,28190,8.73,2.70,2.21
28200,2.24,9.47,-1.94,28200,8.73,2.52,2.35
28210,2.40,11.02,-4.02,28210,8.73,2.26,2.69
28220,2.41,9.04,-11.88,28220,8.73,2.34,3.03
28230,2.14,5.42,-18.42,28230,8.73,3.04,3.04
28240,1.04,3.03,-16.87,28240,8.73,4.07,2.47
28250,-2.08,4.33,-6.97,28250,8.73,4.88,1.53
28260,-2.72,6.32,5.79,28260,8.73,5.18,0.68
28270,-3.33,4.15,17.63,28270,5.12,5.02,0.18
28280,-2.45,-3.93,26.03,28280,0.04,4.49,0.04
28290,-2.65,-10.96,29.07,28290,-0.98,3.49,-0.02
28300,-1.43,-11.94,31.56,28300,1.24,2.34,0.02
28310,-0.59,-8.81,27.42,28310,2.74,1.19,0.05
28320,0.14,-7.88,23.40,28320,2.18,0.45,-0.00
28330,0.83,-8.37,19.76,28330,0.58,-0.06,-0.15
28340,1.64,-5.47,16.07,28340,-0.82,-0.42,-0.30
28350,1.52,0.69,13.31,28350,-2.17,-0.62,-0.21
28360,1.68,2.40,11.21,28360,-3.52,-0.74,0.16
28370,1.56,1.15,9.71,28370,-4.90,-0.82,0.51
28380,0.70,-1.11,8.85,28380,-6.48,-0.91,0.73
28390,-0.02,-4.92,8.57,28390,-7.96,-1.07,0.80
28400,-0.43,-8.61,8.24,28400,-8.73,-1.31,0.62
28410,-0.65,-11.09,7.16,28410,-8.73,-1.61,0.21
28420,-1.01,-13.16,5.23,28420,-8.73,-1.92,-0.42
28430,-0.57,-15.45,2.76,28430,-8.73,-2.13,-1.15
28440,0.26,-18.20,0.34,28440,-8.73,-2.20,-2.00
28450,0.84,-19.35,-2.37,28450,-8.73,-2.15,-2.92
28460,1.00,-16.68,-5.17,28460,-8.73,-1.95,-3.67
28470,1.10,-10.64,-7.14,28470,-8.73,-1.64,-4.08
28480,1.21,-4.15,-7.85,28480,-8.73,-1.33,-4.07
28490,1.68,1.45,-6.65,28490,-8.73,-1.10,-3.76
28500,2.10,6.56,-6.45,28500,-8.73,-0.96,-3.30
28510,3.25,10.71,-5.59,28510,-8.28,-0.90,-2.68
28520,3.39,12.66,-5.60,28520,-7.52,-0.94,-1.98
28530,3.89,11.69,-7.15,28530,-6.86,-0.99,-1.23
28540,3.73,8.32,-9.16,28540,-6.33,-0.95,-0.72
28550,3.70,4.61,-10.09,28550,-5.98,-0.86,-0.43
28560,3.55,1.78,-10.94,28560,-5.57,-0.75,-0.34
28570,3.37,0.31,-11.03,28570,-4.87,-0.65,-0.32
28580,3.37,0.11,-11.12,28580,-3.93,-0.57,-0.32
28590,3.32,0.73,-11.51,28590,-2.81,-0.50,-0.28
28600,3.36,1.65,-12.11,28600,-1.70,-0.42,-0.18
28610,3.42,2.18,-12.39,28610,-0.78,-0.31,-0.05
28620,3.39,2.39,-12.36,28620,-0.13,-0.17,0.06
28630,3.44,2.63,-11.86,28630,0.14,-0.04,0.14
28640,3.29,3.04,-10.74,28640,-0.01,0.09,0.20
28650,3.33,2.89,-9.37,28650,-0.60,0.16,0.23
28660,3.14,2.44,-8.40,28660,-1.19,0.16,0.24
28670,3.12,1.89,-7.83,28670,-1.53,0.12,0.26
28680,2.97,1.08,-7.77,28680,-1.59,0.04,0.27
28690,3.08,0.49,-7.81,28690,-1.35,-0.04,0.26
28700,3.18,0.27,-8.38,28700,-1.01,-0.13,0.23
28710,3.22,0.51,-9.33,28710,-0.68,-0.18,0.20
28720,3.40,1.29,-10.09,28720,-0.51,-0.16,0.17
28730,3.33,1.68,-9.85,28730,-0.56,-0.11,0.16
28740,3.35,1.71,-9.24,28740,-0.86,-0.09,0.13
28750,3.39,1.60,-9.20,28750,-1.39,-0.11,0.07
28760,3.25,1.69,-9.75,28760,-1.76,-0.12,0.02
28770,3.34,1.86,-10.05,28770,-1.75,-0.13,0.00
28780,3.41,2.37,-10.58,28780,-1.40,-0.13,0.03
28790,3.44,2.65,-11.33,28790,-0.90,-0.11,0.11
28800,3.50,2.23,-12.09,28800,-0.44,-0.05,0.18
28810,3.49,1.67,-12.57,28810,-0.17,0.06,0.18
28820,3.41,1.72,-12.13,28820,-0.29,0.18,0.12
28830,3.27,1.82,-10.97,28830,-0.77,0.27,0.02
28840,3.26,2.46,-9.57,28840,-1.26,0.31,-0.07
28850,3.27,3.58,-8.77,28850,-1.55,0.29,-0.10
28860,3.19,4.25,-8.44,28860,-1.51,0.24,-0.04
28870,2.99,3.73,-8.07,28870,-1.23,0.19,0.05
28880,3.17,2.18,-7.28,28880,-0.86,0.11,0.09
28890,2.98,1.38,-7.66,28890,-0.62,0.02,0.06
28900,3.16,0.62,-7.85,28900,-0.49,-0.05,-0.02
28910,3.31,0.49,-8.63,28910,-0.49,-0.10,-0.15
28920,3.34,1.22,-9.58,28920,-0.64,-0.09,-0.28
28930,3.40,2.83,-10.06,28930,-0.76,-0.05,-0.38
28940,3.37,4.71,-10.44,28940,-0.90,0.01,-0.38
28950,3.39,6.12,-10.94,28950,-0.84,0.08,-0.29
28960,3.43,6.53,-10.96,28960,-0.59,0.17,-0.13
28970,3.59,5.97,-11.08,28970,-0.21,0.29,0.05
28980,3.65,4.89,-10.59,28980,0.15,0.40,0.18
28990,3.58,4.05,-10.17,28990,0.59,0.51,0.26
29000,3.75,3.94,-9.99,29000,1.13,0.61,0.32
29010,3.81,4.31,-10.74,29010,1.87,0.69,0.41
29020,3.78,4.93,-12.15,29020,2.96,0.83,0.54
29030,4.16,5.41,-13.29,29030,4.31,1.04,0.73
29040,4.06,5.84,-13.49,29040,6.04,1.31,0.96
29050,4.14,6.25,-12.35,29050,8.06,1.58,1.22
29060,3.90,6.04,-11.90,29060,8.73,1.80,1.50
29070,3.73,5.73,-12.07,29070,8.73,2.03,1.78
29080,3.30,7.60,-11.94,29080,8.73,2.30,2.05
29090,2.62,12.55,-10.75,29090,8.73,2.53,2.36
29100,2.22,18.55,-9.24,29100,8.73,2.74,2.82
29110,1.34,21.51,-9.00,29110,8.73,2.98,3.43
29120,0.57,19.88,-12.15,29120,8.73,3.48,3.86
29130,-0.79,16.39,-12.64,29130,8.73,4.34,3.88
29140,-3.33,14.64,-5.23,29140,8.73,5.21,3.58
29150,-4.91,14.38,7.55,29150,8.73,5.62,3.21
29160,-6.14,9.27,20.21,29160,8.73,5.48,2.90
29170,-5.37,-2.22,30.46,29170,6.42,4.80,2.53
29180,-4.88,-17.27,34.44,29180,1.92,3.58,1.94
29190,-2.68,-28.10,34.99,29190,1.65,2.41,1.23
29200,-2.47,-28.88,32.06,29200,2.14,1.31,0.28
29210,-1.58,-21.81,28.75,29210,2.30,0.39,-0.52
29220,-1.00,-13.51,26.18,29220,1.55,-0.36,-1.00
29230,-0.22,-6.54,23.39,29230,0.47,-1.03,-1.19
29240,1.02,1.41,19.35,29240,-0.82,-1.56,-1.10
29250,1.48,8.60,13.75,29250,-2.24,-1.89,-0.65
29260,2.02,8.75,8.17,29260,-3.55,-1.97,0.02
29270,2.21,6.61,5.22,29270,-4.76,-1.86,0.57
29280,1.31,4.25,5.12,29280,-6.24,-1.74,0.99
29290,0.29,-1.04,5.25,29290,-7.87,-1.77,1.26
29300,-0.30,-6.01,4.38,29300,-8.73,-1.90,1.18
29310,-0.77,-9.63,3.12,29310,-8.73,-2.07,0.84
29320,-0.75,-13.03,2.22,29320,-8.73,-2.25,0.22
29330,-0.41,-17.45,0.68,29330,-8.73,-2.40,-0.69
29340,0.38,-19.38,-0.91,29340,-8.73,-2.47,-1.83
29350,1.11,-15.67,-2.78,29350,-8.73,-2.45,-2.83
29360,1.09,-7.18,-5.55,29360,-8.73,-2.37,-3.29
29370,1.19,0.64,-8.92,29370,-8.73,-2.25,-3.09
29380,1.71,4.37,-12.42,29380,-8.73,-2.05,-2.50
29390,2.45,4.24,-15.07,29390,-8.73,-1.77,-1.87
29400,3.45,2.22,-16.83,29400,-7.90,-1.33,-1.38
29410,4.30,0.11,-16.69,29410,-7.77,-0.88,-1.19
29420,4.70,-0.65,-15.87,29420,-8.58,-0.44,-1.21
29430,4.57,0.36,-14.38,29430,-8.73,-0.02,-1.31
29440,4.03,2.38,-11.76,29440,-8.73,0.29,-1.30
29450,3.55,3.84,-9.24,29450,-8.73,0.42,-1.13
29460,3.00,4.41,-7.54,29460,-8.73,0.41,-0.84
29470,2.66,3.82,-6.22,29470,-7.21,0.29,-0.50
29480,2.69,2.64,-6.20,29480,-5.30,0.11,-0.20
29490,2.61,1.79,-7.48,29490,-3.42,-0.04,0.02
29500,2.66,1.23,-8.58,29500,-2.18,-0.10,0.13
29510,3.17,1.17,-9.34,29510,-2.10,-0.10,0.08
29520,3.14,2.06,-10.15,29520,-2.68,-0.05,-0.04
29530,3.71,3.09,-11.64,29530,-3.43,0.04,-0.12
29540,3.35,4.10,-12.12,29540,-3.40,0.21,-0.08
29550,3.19,4.50,-10.98,29550,-2.42,0.34,0.09
29560,3.03,4.12,-9.06,29560,-1.13,0.38,0.31
29570,2.81,3.15,-6.85,29570,0.07,0.32,0.49
29580,2.81,1.60,-4.95,29580,0.80,0.17,0.56
29590,2.82,-0.03,-4.41,29590,1.25,-0.04,0.53
29600,2.78,-0.99,-4.91,29600,1.73,-0.24,0.42
29610,2.86,-0.90,-5.47,29610,2.15,-0.42,0.27
29620,2.83,-0.15,-6.36,29620,2.25,-0.56,0.12
29630,2.98,0.80,-7.49,29630,1.63,-0.67,-0.04
29640,3.25,1.66,-9.00,29640,0.66,-0.71,-0.18
29650,3.43,2.60,-11.07,29650,-0.22,-0.68,-0.28
29660,3.63,3.72,-13.24,29660,-0.68,-0.55,-0.29
29670,3.58,4.95,-14.65,29670,-0.57,-0.34,-0.19
29680,3.43,5.66,-14.45,29680,-0.15,-0.11,-0.00
29690,3.37,4.65,-13.13,29690,0.22,0.08,0.20
29700,3.04,2.99,-11.43,29700,0.53,0.19,0.31
29710,2.78,1.63,-9.43,29710,0.71,0.22,0.32
29720,2.73,1.05,-7.71,29720,0.67,0.16,0.26
29730,2.79,1.12,-6.94,29730,0.43,0.04,0.17
29740,2.93,1.50,-7.28,29740,0.10,-0.10,0.08
29750,3.17,1.51,-8.42,29750,-0.18,-0.19,0.03
29760,3.28,1.24,-10.12,29760,-0.31,-0.22,-0.01
29770,3.25,1.28,-11.51,29770,-0.26,-0.15,-0.04
29780,3.21,1.51,-11.57,29780,-0.14,-0.04,-0.07
29790,3.15,1.98,-10.39,29790,-0.10,0.05,-0.07
29800,2.94,2.12,-9.28,29800,-0.12,0.05,-0.06
29810,2.90,2.13,-8.74,29810,-0.22,0.03,-0.05
29820,2.79,2.30,-8.46,29820,-0.33,-0.02,-0.06
29830,2.91,2.57,-8.50,29830,-0.53,-0.08,-0.06
29840,2.87,2.41,-9.22,29840,-0.71,-0.14,-0.05
29850,3.07,1.89,-9.96,29850,-0.81,-0.16,-0.06
29860,3.04,1.70,-10.75,29860,-0.85,-0.14,-0.09
29870,3.08,1.61,-11.17,29870,-0.84,-0.09,-0.13
29880,3.14,1.62,-11.20,29880,-0.80,-0.04,-0.17
29890,3.13,1.97,-11.28,29890,-0.85,0.02,-0.22
29900,3.11,2.57,-11.04,29900,-1.00,0.11,-0.27
29910,3.14,3.51,-10.45,29910,-1.06,0.17,-0.28
29920,3.16,4.36,-9.97,29920,-0.99,0.22,-0.24
29930,3.25,4.74,-9.86,29930,-0.72,0.26,-0.14
29940,3.45,4.71,-10.32,29940,-0.20,0.30,-0.01
29950,3.84,4.03,-12.21,29950,0.68,0.40,0.15
29960,4.10,2.80,-14.97,29960,2.11,0.59,0.31
29970,4.44,0.98,-18.62,29970,4.37,0.90,0.48
29980,4.63,-1.34,-22.16,29980,7.32,1.36,0.61
29990,4.18,-2.78,-24.09,29990,8.73,1.91,0.59
30000,3.28,-2.29,-22.72,30000,8.73,2.45,0.44
30010,2.32,0.44,-18.82,30010,8.73,2.79,0.22
30020,1.56,6.80,-14.40,30020,8.73,2.87,0.10
30030,1.57,13.80,-9.65,30030,8.73,2.66,0.27
30040,2.66,16.47,-9.50,30040,8.73,2.26,0.75
30050,3.16,13.83,-15.16,30050,8.73,2.12,1.23
30060,3.69,10.90,-21.17,30060,8.73,2.57,1.41
30070,3.14,10.69,-21.06,30070,8.73,3.30,1.33
30080,1.98,10.80,-16.31,30080,8.73,4.10,1.04
30090,0.15,12.50,-6.83,30090,8.73,4.70,0.64
30100,-1.20,13.03,4.53,30100,8.73,5.00,0.40
30110,-1.89,9.44,16.06,30110,3.96,4.93,0.44
30120,-2.50,1.67,24.83,30120,0.72,4.39,0.73
30130,-1.09,-7.40,27.19,30130,0.89,3.50,1.04
30140,-1.88,-12.68,30.08,30140,2.32,2.57,1.05
30150,-0.86,-13.84,32.47,30150,2.76,1.60,0.78
30160,-0.17,-11.61,29.23,30160,0.58,0.53,0.31
30170,0.38,-7.03,32.01,30170,-0.72,-0.50,0.06
30180,0.28,-3.72,26.16,30180,-1.92,-1.53,0.04
30190,0.77,-1.95,15.97,30190,-2.81,-2.17,0.12
30200,1.19,0.54,7.60,30200,-4.25,-2.33,0.25
30210,1.43,1.51,2.15,30210,-5.97,-2.18,0.42
30220,1.72,0.45,-1.01,30220,-7.86,-1.92,0.59
30230,1.44,-2.58,-3.62,30230,-8.73,-1.62,0.66
30240,1.23,-7.06,-4.08,30240,-8.73,-1.32,0.55
30250,0.62,-12.61,-1.34,30250,-8.73,-1.16,0.17
30260,0.78,-18.52,1.28,30260,-8.73,-1.26,-0.57
30270,1.15,-21.51,1.82,30270,-8.73,-1.46,-1.58
30280,0.98,-18.52,1.69,30280,-8.73,-1.65,-2.66
30290,0.80,-12.25,0.38,30290,-8.73,-1.78,-3.32
30300,1.07,-6.34,-2.10,30300,-8.73,-1.84,-3.64
30310,1.41,-2.52,-5.22,30310,-8.73,-1.76,-3.72
30320,2.56,1.37,-7.43,30320,-8.73,-1.57,-3.69
30330,3.00,6.95,-7.86,30330,-8.73,-1.32,-3.47
30340,2.95,13.24,-7.85,30340,-8.73,-1.07,-2.99
30350,3.33,16.04,-7.22,30350,-8.73,-0.93,-2.21
30360,3.35,14.89,-6.79,30360,-8.73,-0.89,-1.37
30370,3.26,10.67,-6.32,30370,-7.84,-0.95,-0.69
30380,2.98,6.09,-6.52,30380,-6.12,-1.09,-0.26
30390,2.56,2.86,-7.99,30390,-4.19,-1.22,-0.02
30400,2.76,0.82,-10.14,30400,-2.62,-1.28,0.09
30410,3.07,-0.15,-13.26,30410,-1.32,-1.22,0.10
30420,3.38,0.03,-15.67,30420,-0.33,-1.00,0.08
30430,3.49,1.16,-16.30,30430,0.20,-0.70,0.05
30440,3.50,2.94,-15.52,30440,0.21,-0.40,0.05
30450,3.39,4.28,-13.45,30450,-0.13,-0.15,0.10
30460,3.19,4.75,-11.20,30460,-0.63,-0.01,0.18
30470,2.90,4.63,-9.49,30470,-0.95,0.02,0.29
30480,2.70,3.90,-8.44,30480,-0.90,-0.02,0.41
30490,2.75,2.62,-7.72,30490,-0.58,-0.11,0.51
30500,2.85,1.42,-8.48,30500,-0.12,-0.23,0.56
30510,2.94,0.57,-9.79,30510,0.23,-0.26,0.54
30520,3.23,0.33,-10.92,30520,0.36,-0.23,0.48
30530,3.28,0.19,-11.44,30530,0.15,-0.16,0.38
30540,3.44,0.43,-11.35,30540,-0.43,-0.07,0.25
30550,3.45,0.67,-10.92,30550,-1.08,0.01,0.13
30560,3.40,0.77,-10.71,30560,-1.43,0.05,0.04
30570,3.19,1.02,-10.28,30570,-1.32,0.08,0.00
30580,3.08,1.89,-8.81,30580,-0.88,0.09,0.01
30590,2.88,2.35,-7.10,30590,-0.47,0.00,0.06
30600,2.76,1.89,-6.49,30600,-0.13,-0.14,0.11
30610,2.84,1.33,-7.09,30610,0.15,-0.30,0.11
30620,3.06,0.83,-9.16,30620,0.24,-0.38,0.06
30630,3.17,1.19,-10.99,30630,0.06,-0.34,-0.04
30640,3.18,2.13,-11.61,30640,-0.31,-0.25,-0.12
30650,3.26,2.91,-11.55,30650,-0.77,-0.15,-0.15
30660,3.22,3.19,-11.68,30660,-1.15,-0.07,-0.16
30670,3.16,3.03,-11.58,30670,-1.19,0.02,-0.13
30680,3.05,2.78,-11.01,30680,-1.00,0.11,-0.09
30690,2.95,2.03,-10.29,30690,-0.73,0.16,-0.07
30700,2.68,1.48,-9.00,30700,-0.53,0.18,-0.09
30710,2.62,1.95,-7.64,30710,-0.45,0.12,-0.15
30720,2.61,3.17,-7.59,30720,-0.60,0.01,-0.18
30730,2.61,3.72,-8.54,30730,-0.83,-0.05,-0.17
30740,2.75,3.62,-8.97,30740,-1.11,-0.07,-0.16
30750,2.80,3.22,-9.11,30750,-1.29,-0.08,-0.16
30760,2.84,2.93,-9.45,30760,-1.33,-0.08,-0.18
30770,2.87,2.96,-9.76,30770,-1.17,-0.06,-0.19
30780,2.85,3.23,-9.92,30780,-0.90,-0.02,-0.19
30790,2.83,3.46,-9.34,30790,-0.63,0.04,-0.17
30800,2.78,3.56,-8.57,30800,-0.45,0.04,-0.17
30810,2.87,3.72,-8.53,30810,-0.35,0.03,-0.16
30820,3.00,4.06,-9.66,30820,-0.18,0.05,-0.15
30830,3.24,4.89,-10.65,30830,0.16,0.17,-0.09
30840,3.42,5.57,-10.74,30840,0.66,0.30,0.02
30850,3.45,5.50,-10.95,30850,1.66,0.43,0.22
30860,3.37,4.21,-11.31,30860,3.45,0.56,0.48
30870,3.55,1.24,-12.28,30870,6.01,0.69,0.72
30880,3.60,-0.69,-13.00,30880,8.73,0.86,0.88
30890,3.30,-1.32,-11.31,30890,8.73,1.02,0.96
30900,3.45,-0.82,-7.90,30900,8.73,0.99,1.02
30910,2.87,0.40,-6.33,30910,8.73,0.77,1.16
30920,2.69,0.50,-5.38,30920,8.73,0.46,1.38
30930,2.81,-1.11,-5.90,30930,8.73,0.03,1.67
30940,3.34,-6.88,-11.46,30940,8.73,-0.28,1.84
30950,3.98,-14.99,-23.26,30950,8.73,-0.11,1.60
30960,3.80,-16.90,-31.63,30960,8.73,0.71,0.81
30970,3.67,-10.43,-32.29,30970,8.73,1.81,-0.26
30980,2.05,-0.37,-29.56,30980,8.73,3.02,-1.29
30990,-0.82,8.72,-20.05,30990,7.74,4.39,-1.89
31000,-4.71,12.74,-0.65,31000,0.91,5.41,-1.73
31010,-5.50,8.03,20.69,31010,-1.45,5.39,-0.85
31020,-4.74,1.78,31.64,31020,0.13,4.31,0.11
31030,-2.39,-1.28,36.61,31030,3.93,3.05,0.93
31040,-1.67,-7.43,34.68,31040,4.22,1.65,1.18
31050,-0.69,-13.58,32.87,31050,2.12,0.58,0.86
31060,-0.15,-15.47,28.50,31060,-0.49,-0.37,0.25
31070,-0.11,-9.90,22.48,31070,-2.12,-1.14,-0.24
31080,0.08,-3.46,15.91,31080,-3.02,-1.65,-0.34
31090,0.35,2.57,10.58,31090,-3.91,-1.90,-0.16
31100,0.24,5.99,6.68,31100,-5.39,-1.99,0.21
31110,-0.01,3.95,2.75,31110,-7.12,-1.97,0.63
31120,0.08,-1.65,-0.40,31120,-8.67,-1.87,0.85
31130,0.12,-6.99,-2.68,31130,-8.73,-1.73,0.78
31140,0.38,-10.57,-3.76,31140,-8.73,-1.57,0.48
31150,0.79,-14.43,-4.90,31150,-8.73,-1.43,-0.07
31160,1.39,-17.68,-6.41,31160,-8.73,-1.29,-0.73
31170,1.92,-19.21,-7.39,31170,-8.73,-1.10,-1.46
31180,2.30,-17.79,-8.41,31180,-8.73,-0.90,-2.10
31190,2.14,-14.43,-9.56,31190,-8.73,-0.70,-2.51
31200,2.44,-11.14,-10.94,31200,-8.73,-0.46,-2.71
31210,2.47,-8.37,-11.78,31210,-8.73,-0.14,-2.78
31220,2.89,-5.99,-10.66,31220,-8.73,0.17,-2.83
31230,2.92,-3.23,-8.07,31230,-8.73,0.41,-2.86
31240,3.05,0.98,-5.28,31240,-8.73,0.51,-2.83
31250,3.21,5.30,-2.95,31250,-8.73,0.47,-2.62
31260,3.31,8.43,-2.27,31260,-8.73,0.29,-2.20
31270,3.25,9.84,-3.65,31270,-8.73,0.08,-1.70
31280,3.08,9.77,-5.70,31280,-8.24,-0.09,-1.16
31290,3.21,8.49,-7.97,31290,-6.14,-0.20,-0.65
31300,3.24,6.50,-9.95,31300,-3.95,-0.24,-0.21
31310,3.35,4.38,-10.61,31310,-1.95,-0.19,0.09
31320,3.38,2.54,-10.11,31320,-0.41,-0.13,0.25
31330,3.33,1.34,-9.01,31330,0.37,-0.10,0.27
31340,3.21,1.29,-7.87,31340,0.42,-0.10,0.18
31350,3.23,2.41,-6.98,31350,-0.08,-0.15,0.06
31360,3.38,3.86,-7.16,31360,-0.74,-0.23,0.01
31370,3.45,4.61,-8.89,31370,-1.10,-0.28,0.06
31380,3.51,4.28,-10.23,31380,-0.97,-0.23,0.16
31390,3.50,3.78,-10.63,31390,-0.53,-0.15,0.25
31400,3.45,3.37,-10.25,31400,-0.05,-0.07,0.33
31410,3.38,3.25,-9.60,31410,0.29,-0.02,0.37
31420,3.29,3.34,-8.87,31420,0.43,0.01,0.39
31430,3.18,2.65,-7.90,31430,0.30,-0.01,0.39
31440,3.16,1.89,-7.33,31440,-0.02,-0.07,0.32
31450,3.16,1.61,-7.32,31450,-0.39,-0.15,0.22
31460,3.30,1.73,-7.91,31460,-0.70,-0.23,0.12
31470,3.38,1.85,-8.79,31470,-0.82,-0.27,0.05
31480,3.48,2.19,-9.63,31480,-0.64,-0.27,0.02
31490,3.51,2.66,-10.29,31490,-0.31,-0.24,0.01
31500,3.54,3.10,-10.76,31500,-0.06,-0.18,0.03
31510,3.46,3.62,-10.78,31510,0.14,-0.09,0.05
31520,3.46,4.22,-10.17,31520,0.22,-0.02,0.08
31530,3.42,4.60,-9.58,31530,0.17,0.02,0.14
31540,3.27,4.11,-9.22,31540,0.01,0.05,0.19
31550,3.24,3.25,-8.72,31550,-0.17,0.04,0.19
31560,3.22,2.67,-8.37,31560,-0.26,0.02,0.16
31570,3.20,2.32,-8.31,31570,-0.23,-0.02,0.13
31580,3.21,2.07,-8.17,31580,-0.08,-0.06,0.09
31590,3.21,2.39,-8.17,31590,0.05,-0.10,0.06
31600,3.30,2.60,-8.49,31600,0.16,-0.13,0.05
31610,3.23,2.74,-9.08,31610,0.40,-0.14,0.05
31620,3.31,2.70,-9.44,31620,0.58,-0.14,0.06
31630,3.30,2.81,-9.83,31630,0.65,-0.11,0.05
31640,3.37,2.90,-9.81,31640,0.39,-0.07,0.03
31650,3.37,2.93,-9.75,31650,-0.07,-0.03,-0.02
31660,3.24,3.24,-9.62,31660,-0.36,-0.00,-0.05
31670,3.20,3.68,-9.24,31670,-0.38,0.00,-0.02
31680,3.19,3.59,-9.23,31680,-0.19,0.00,0.03
31690,3.16,2.83,-8.87,31690,0.04,-0.00,0.07
31700,3.14,2.38,-8.37,31700,0.19,-0.02,0.07
31710,3.09,2.09,-8.00,31710,0.20,-0.06,0.03
31720,3.06,2.29,-7.96,31720,0.15,-0.11,-0.02
31730,3.09,2.86,-8.51,31730,0.01,-0.17,-0.06
31740,3.14,3.21,-9.17,31740,-0.16,-0.19,-0.07
31750,3.25,3.48,-9.92,31750,-0.28,-0.18,-0.07
31760,3.27,3.50,-10.64,31760,-0.29,-0.14,-0.06
31770,3.29,3.77,-11.14,31770,-0.18,-0.07,-0.02
31780,3.33,4.06,-11.19,31780,-0.01,0.02,0.03
31790,3.30,4.24,-10.91,31790,0.13,0.11,0.09
31800,3.08,3.81,-9.57,31800,0.24,0.17,0.16
31810,2.96,3.24,-8.23,31810,0.24,0.15,0.18
31820,3.01,2.64,-7.42,31820,0.18,0.08,0.16
31830,3.00,2.09,-7.49,31830,0.12,-0.01,0.12
31840,3.10,2.18,-7.93,31840,0.02,-0.09,0.06
31850,3.15,2.50,-8.55,31850,-0.08,-0.13,0.02
31860,3.27,2.98,-9.27,31860,-0.11,-0.13,-0.00
31870,3.29,3.59,-9.80,31870,-0.06,-0.11,0.02
31880,3.36,3.85,-10.33,31880,0.06,-0.07,0.07
31890,3.22,3.79,-10.30,31890,0.19,-0.01,0.13
31900,3.14,3.24,-9.66,31900,0.25,0.02,0.18
31910,3.05,2.69,-9.26,31910,0.24,0.03,0.18
31920,3.06,2.15,-9.08,31920,0.13,0.00,0.16
31930,3.03,1.83,-9.14,31930,0.01,-0.02,0.11
31940,3.17,1.83,-9.13,31940,-0.08,-0.04,0.05
31950,3.21,2.19,-8.94,31950,-0.10,-0.06,0.01
31960,3.29,2.63,-9.19,31960,-0.07,-0.07,0.00
31970,3.31,2.88,-9.44,31970,-0.05,-0.07,0.00
31980,3.39,2.84,-9.74,31980,-0.03,-0.05,0.01
31990,3.40,3.03,-10.05,31990,0.02,-0.01,0.02
32000,3.25,3.25,-9.83,32000,0.18,0.04,0.06
32010,3.25,3.40,-9.19,32010,0.30,0.07,0.09
32020,3.10,3.14,-8.50,32020,0.31,0.06,0.13
32030,3.07,2.56,-8.18,32030,0.21,0.02,0.13
32040,3.01,2.00,-8.03,32040,0.01,-0.03,0.09
32050,3.05,1.93,-8.32,32050,-0.16,-0.08,0.03
32060,3.04,2.15,-8.84,32060,-0.18,-0.12,-0.01
32070,3.18,2.58,-9.13,32070,-0.09,-0.15,-0.02
32080,3.17,3.16,-9.61,32080,0.00,-0.15,-0.01
32090,3.19,3.40,-9.83,32090,0.04,-0.13,0.02
32100,3.20,3.35,-10.15,32100,0.08,-0.11,0.06
32110,3.11,3.13,-10.07,32110,0.19,-0.08,0.10
32120,3.24,2.75,-9.99,32120,0.19,-0.06,0.11
32130,3.21,2.25,-10.04,32130,0.04,-0.03,0.10
32140,3.28,2.33,-9.92,32140,-0.16,0.00,0.06
32150,3.15,2.54,-9.74,32150,-0.28,0.02,0.04
32160,2.99,2.55,-9.39,32160,-0.25,0.03,0.05
32170,3.10,2.24,-9.03,32170,-0.22,0.01,0.04
32180,3.09,1.93,-9.29,32180,-0.19,-0.01,0.03
32190,3.07,1.79,-9.45,32190,-0.10,-0.02,0.00
32200,3.23,2.00,-9.72,32200,-0.04,-0.02,-0.02
32210,3.17,2.68,-9.56,32210,0.03,0.01,-0.04
32220,3.17,3.22,-8.97,32220,0.06,0.02,-0.01
32230,3.12,3.04,-8.47,32230,0.06,-0.00,0.02
32240,3.08,2.51,-8.51,32240,0.02,-0.04,0.04
32250,3.11,2.06,-8.66,32250,-0.06,-0.06,0.01
32260,3.10,1.92,-8.89,32260,-0.10,-0.08,-0.02
32270,3.12,2.20,-9.43,32270,-0.08,-0.08,-0.05
32280,3.20,2.64,-9.79,32280,-0.03,-0.07,-0.05
32290,3.13,2.97,-9.76,32290,0.07,-0.03,-0.04
32300,3.00,3.26,-9.26,32300,0.17,-0.01,-0.01
32310,2.96,3.26,-8.53,32310,0.19,-0.03,0.03
32320,2.90,2.80,-8.20,32320,0.13,-0.09,0.04
32330,2.94,2.49,-8.71,32330,0.03,-0.14,0.03
32340,2.98,2.43,-9.42,32340,-0.11,-0.17,0.00
32350,3.03,2.61,-9.99,32350,-0.26,-0.15,-0.02
32360,3.08,2.70,-10.45,32360,-0.38,-0.13,-0.03
32370,3.17,2.74,-10.94,32370,-0.52,-0.08,-0.04
32380,3.23,2.85,-11.05,32380,-0.81,0.00,-0.06
32390,3.21,2.81,-10.68,32390,-1.12,0.08,-0.09
32400,3.08,2.53,-9.88,32400,-1.31,0.13,-0.10
32410,3.10,2.23,-8.93,32410,-1.39,0.14,-0.14
32420,2.88,1.94,-8.77,32420,-1.38,0.10,-0.19
32430,2.87,2.29,-8.57,32430,-1.29,0.08,-0.24
32440,2.95,2.88,-8.31,32440,-1.25,0.04,-0.28
32450,2.88,3.75,-8.11,32450,-1.25,-0.01,-0.28
32460,3.05,4.57,-8.06,32460,-1.42,-0.06,-0.28
32470,3.15,4.66,-8.48,32470,-1.84,-0.08,-0.27
32480,3.12,4.75,-9.39,32480,-2.08,-0.07,-0.26
32490,3.08,4.95,-9.99,32490,-2.00,-0.03,-0.23
32500,3.08,5.11,-10.22,32500,-1.72,0.03,-0.16
32510,3.07,5.20,-10.17,32510,-1.39,0.09,-0.10
32520,2.96,5.24,-9.77,32520,-1.16,0.15,-0.04
32530,3.01,5.16,-9.14,32530,-1.11,0.19,-0.01
32540,2.95,5.17,-8.29,32540,-1.14,0.19,0.01
32550,2.98,4.99,-7.57,32550,-1.18,0.17,0.03
32560,3.01,4.80,-7.34,32560,-1.26,0.12,0.03
32570,2.99,4.44,-7.70,32570,-1.40,0.07,0.01
32580,2.92,4.21,-7.91,32580,-1.39,0.05,-0.01
32590,3.04,4.46,-8.09,32590,-1.23,0.03,-0.04
32600,3.04,4.84,-8.41,32600,-1.02,0.02,-0.04
32610,3.05,5.25,-8.37,32610,-0.76,0.03,-0.01
32620,3.08,5.48,-8.18,32620,-0.59,0.03,0.02
32630,3.04,5.48,-7.98,32630,-0.46,0.03,0.05
32640,3.04,5.32,-7.75,32640,-0.34,0.01,0.08
32650,3.02,5.04,-7.89,32650,-0.18,-0.01,0.09
32660,3.11,4.81,-7.95,32660,-0.05,-0.02,0.09
32670,3.06,4.76,-7.90,32670,0.02,-0.02,0.08
32680,3.08,4.96,-7.84,32680,0.02,-0.03,0.05
32690,3.07,5.32,-7.80,32690,0.04,-0.04,0.06
32700,3.04,5.52,-7.94,32700,0.08,-0.04,0.07
32710,3.09,5.42,-8.09,32710,0.14,-0.05,0.09
32720,3.14,5.20,-8.48,32720,0.23,-0.04,0.11
32730,3.11,5.06,-8.55,32730,0.35,-0.01,0.11
32740,3.09,5.05,-8.32,32740,0.43,0.02,0.11
32750,3.05,4.96,-7.95,32750,0.41,0.03,0.11
32760,3.03,4.96,-7.61,32760,0.30,0.03,0.08
32770,3.06,5.17,-7.39,32770,0.16,0.01,0.07
32780,3.08,5.58,-7.24,32780,0.05,-0.02,0.06
32790,3.00,5.92,-6.98,32790,0.01,-0.05,0.09
32800,3.00,5.71,-7.17,32800,0.05,-0.09,0.13
32810,3.03,5.32,-7.72,32810,0.08,-0.12,0.15
32820,3.05,5.28,-8.15,32820,0.18,-0.13,0.15
32830,3.02,5.20,-8.37,32830,0.21,-0.12,0.15
32840,2.91,4.51,-8.25,32840,0.05,-0.10,0.12
32850,2.92,3.90,-8.01,32850,-0.14,-0.11,0.05
32860,2.95,3.84,-8.19,32860,-0.32,-0.12,-0.05
32870,3.21,4.10,-8.70,32870,-0.39,-0.13,-0.13
32880,1.09,3.81,-8.99,32880,-0.42,-0.13,-0.20
32890,3.73,1.86,-10.08,32890,0.18,-0.08,-0.33
32900,3.43,2.74,-8.76,32900,-0.10,-0.04,-0.49
32910,2.67,3.56,-8.51,32910,-0.06,-0.03,-0.57
32920,2.97,4.26,-7.97,32920,-0.03,-0.02,-0.63
32930,3.03,5.25,-7.56,32930,-0.24,-0.04,-0.66
32940,2.80,6.39,-7.60,32940,-0.44,-0.07,-0.65
32950,2.86,7.35,-7.79,32950,-0.64,-0.09,-0.57
32960,2.91,7.93,-8.01,32960,-0.63,-0.09,-0.45
32970,2.95,8.34,-8.25,32970,-0.57,-0.08,-0.30
32980,2.89,8.05,-8.72,32980,-0.46,-0.06,-0.14
32990,2.86,7.73,-9.13,32990,-0.36,-0.01,-0.01
33000,2.70,7.25,-9.34,33000,-0.30,0.05,0.09
33010,2.62,6.35,-8.75,33010,-0.15,0.13,0.18
33020,2.63,5.62,-7.95,33020,-0.02,0.14,0.21
33030,2.55,5.03,-7.56,33030,0.07,0.13,0.21
33040,2.57,4.55,-7.24,33040,0.10,0.09,0.17
33050,2.84,4.53,-7.56,33050,0.10,0.05,0.12
33060,2.80,5.02,-8.24,33060,0.07,0.05,0.09
33070,2.89,5.48,-8.54,33070,0.07,0.07,0.08
33080,2.87,5.51,-8.36,33080,0.06,0.10,0.09
33090,2.75,5.59,-8.15,33090,0.08,0.12,0.11
33100,2.78,5.67,-7.71,33100,0.11,0.12,0.13
33110,2.71,5.38,-7.39,33110,0.14,0.10,0.16
33120,2.72,4.81,-7.06,33120,0.15,0.07,0.15
33130,2.87,4.66,-7.09,33130,0.14,0.03,0.12
33140,2.83,4.85,-7.45,33140,0.10,-0.01,0.09
33150,2.84,4.97,-7.68,33150,0.05,-0.03,0.07
33160,2.84,5.13,-7.77,33160,0.04,-0.04,0.07
33170,2.89,5.12,-7.85,33170,0.13,-0.05,0.07
33180,2.89,5.02,-8.16,33180,0.21,-0.06,0.07
33190,2.97,5.07,-8.53,33190,0.18,-0.06,0.06
33200,3.03,5.21,-8.84,33200,0.09,-0.04,0.04
33210,2.97,5.33,-9.16,33210,0.01,0.00,0.04
33220,3.01,5.33,-8.90,33220,-0.05,0.04,0.04
33230,2.95,5.40,-8.37,33230,-0.06,0.06,0.04
33240,2.88,5.58,-8.33,33240,-0.08,0.07,0.05
33250,2.89,5.40,-8.11,33250,-0.03,0.07,0.08
33260,2.90,5.01,-8.03,33260,0.00,0.05,0.08
33270,2.92,5.15,-8.20,33270,0.05,0.05,0.08
33280,2.94,5.20,-8.28,33280,0.09,0.05,0.08
33290,2.89,4.97,-8.11,33290,0.16,0.06,0.09
33300,2.88,4.86,-7.91,33300,0.19,0.06,0.08
33310,2.84,4.86,-7.64,33310,0.12,0.05,0.07
33320,2.86,4.98,-7.72,33320,0.03,0.02,0.05
33330,2.94,5.04,-7.93,33330,0.05,0.00,0.05
33340,2.94,5.11,-8.25,33340,0.14,0.00,0.06
33350,2.95,5.07,-8.34,33350,0.16,0.01,0.08
33360,2.92,4.69,-7.96,33360,0.10,0.02,0.07
33370,2.92,4.41,-7.82,33370,0.03,0.00,0.05
33380,2.91,4.53,-7.98,33380,0.06,-0.01,0.02
33390,2.92,4.56,-8.03,33390,-0.01,-0.02,-0.00
33400,2.92,4.77,-8.24,33400,-0.10,-0.03,-0.03
33410,2.88,5.06,-8.21,33410,-0.17,-0.02,-0.04
33420,2.96,5.44,-8.59,33420,-0.16,-0.02,-0.03
33430,2.95,5.62,-8.87,33430,-0.08,0.01,0.00
33440,2.97,5.61,-8.72,33440,0.00,0.04,0.04
33450,2.87,5.41,-8.24,33450,0.02,0.06,0.06
33460,2.87,5.00,-7.58,33460,0.00,0.06,0.06
33470,2.83,4.83,-7.06,33470,-0.04,0.02,0.05
33480,2.95,4.89,-7.04,33480,-0.08,-0.05,0.04
33490,2.92,4.97,-7.67,33490,-0.10,-0.08,0.02
33500,2.96,5.06,-7.99,33500,-0.13,-0.10,0.02
33510,2.95,5.10,-8.29,33510,-0.16,-0.10,0.02
33520,3.01,5.16,-8.68,33520,-0.14,-0.09,0.03
33530,3.02,5.08,-9.14,33530,-0.12,-0.06,0.04
33540,3.06,4.95,-9.28,33540,-0.12,-0.02,0.04
33550,2.98,4.87,-8.92,33550,-0.10,0.03,0.04
33560,2.92,4.83,-8.34,33560,-0.08,0.05,0.03
33570,2.93,4.74,-7.90,33570,-0.06,0.04,0.03
33580,2.90,4.56,-7.65,33580,-0.07,0.01,0.02
33590,2.90,4.59,-7.68,33590,-0.09,-0.02,-0.01
33600,2.88,4.88,-7.70,33600,-0.09,-0.04,-0.02
33610,2.98,5.04,-7.62,33610,-0.09,-0.07,-0.02
33620,2.92,5.17,-7.91,33620,-0.07,-0.09,-0.01
33630,2.98,5.22,-8.38,33630,-0.04,-0.10,0.00
33640,2.98,5.09,-8.94,33640,0.01,-0.07,0.02
33650,3.01,5.01,-9.03,33650,0.07,-0.04,0.03
33660,2.95,4.94,-8.94,33660,0.10,0.01,0.03
33670,2.94,5.08,-8.77,33670,0.09,0.03,0.03
33680,2.87,5.21,-8.34,33680,0.06,0.05,0.03
33690,2.84,5.07,-7.65,33690,0.03,0.05,0.04
33700,2.77,4.80,-7.30,33700,-0.05,0.01,0.03
33710,2.81,4.62,-7.22,33710,-0.10,-0.05,0.01
33720,2.82,4.71,-7.66,33720,-0.11,-0.09,-0.01
33730,2.93,4.92,-8.16,33730,-0.07,-0.12,-0.02
33740,3.04,5.33,-8.80,33740,-0.05,-0.11,-0.01
33750,2.95,5.60,-9.36,33750,-0.07,-0.08,0.01
33760,3.04,5.64,-9.43,33760,-0.14,-0.03,0.03
33770,2.97,5.49,-9.33,33770,-0.18,0.03,0.05
33780,3.00,5.19,-8.78,33780,-0.22,0.06,0.07
33790,2.97,4.85,-8.26,33790,-0.27,0.07,0.06
33800,2.94,4.61,-7.83,33800,-0.33,0.05,0.04
33810,2.84,4.58,-7.51,33810,-0.34,0.03,0.01
33820,2.91,4.91,-7.36,33820,-0.29,-0.01,-0.00
33830,2.88,5.14,-7.40,33830,-0.26,-0.05,-0.01
33840,2.88,5.31,-7.65,33840,-0.30,-0.08,-0.01
33850,2.88,5.54,-8.07,33850,-0.41,-0.10,-0.02
33860,2.93,5.64,-8.44,33860,-0.59,-0.09,-0.03
33870,2.98,5.59,-8.72,33870,-0.72,-0.07,-0.02
33880,2.93,5.44,-8.94,33880,-0.72,-0.03,-0.01
33890,2.90,4.94,-8.61,33890,-0.67,0.01,0.00
33900,2.79,4.32,-8.06,33900,-0.68,0.03,-0.03
33910,2.74,3.93,-7.81,33910,-0.73,0.02,-0.09
33920,2.77,4.06,-7.98,33920,-0.74,-0.00,-0.16
33930,2.92,4.74,-8.74,33930,-0.61,-0.00,-0.20
33940,2.98,5.60,-9.90,33940,-0.29,0.05,-0.19
33950,3.12,6.59,-10.63,33950,0.16,0.16,-0.11
33960,3.25,7.33,-11.31,33960,0.72,0.30,0.01
33970,3.33,8.18,-11.71,33970,1.62,0.48,0.22
33980,3.50,7.82,-11.94,33980,2.96,0.68,0.51
33990,3.22,6.53,-11.10,33990,5.47,0.93,0.88
34000,2.82,5.08,-8.15,34000,8.23,1.08,1.18
34010,2.80,2.47,-3.58,34010,8.73,1.05,1.42
34020,3.41,-0.89,-0.57,34020,8.73,0.80,1.48
34030,2.68,-4.76,-0.23,34030,8.73,0.42,1.44
34040,2.61,-8.65,0.12,34040,8.73,-0.01,1.33
34050,1.76,-11.47,0.43,34050,8.73,-0.62,1.23
34060,1.18,-14.40,-2.97,34060,8.73,-1.37,1.19
34070,1.45,-19.27,-8.29,34070,8.73,-2.01,1.15
34080,-0.34,-31.29,-8.68,34080,8.73,-2.33,0.71
34090,1.03,-39.23,-16.83,34090,8.73,-2.85,-0.42
34100,-0.05,-39.23,-39.23,34100,8.73,-2.44,-2.80
34110,-1.11,-29.20,-39.23,34110,8.73,-0.79,-4.92
34120,-1.73,1.76,-39.23,34120,8.73,1.23,-5.82
34130,1.10,27.22,-24.69,34130,4.58,2.76,-5.19
34140,2.02,39.23,-4.39,34140,3.20,3.46,-3.27
34150,1.61,39.23,10.13,34150,3.39,3.30,-0.78
34160,3.69,30.17,11.39,34160,2.69,2.83,1.35
34170,2.70,9.81,10.80,34170,1.64,2.59,2.69
34180,2.40,-9.10,11.66,34180,0.48,2.39,3.07
34190,1.04,-24.65,15.21,34190,-0.48,1.94,2.52
34200,1.88,-27.09,13.91,34200,-0.08,1.43,1.84
34210,2.13,-26.49,9.59,34210,-0.26,1.00,0.91
34220,2.88,-17.70,6.74,34220,-0.37,0.87,0.32
34230,3.61,-7.63,5.30,34230,-1.58,0.85,0.16
34240,3.83,-1.17,2.91,34240,-3.28,0.93,0.40
34250,2.84,0.65,2.75,34250,-4.95,1.07,0.89
34260,2.23,-1.98,4.50,34260,-6.89,1.07,1.33
34270,0.73,-6.98,5.15,34270,-8.73,0.88,1.51
34280,0.08,-12.98,3.76,34280,-8.73,0.56,1.30
34290,-0.14,-19.25,-0.62,34290,-8.73,0.21,0.62
34300,0.99,-25.94,-7.97,34300,-8.73,0.03,-0.54
34310,2.38,-29.21,-14.43,34310,-8.73,0.20,-1.96
34320,3.11,-26.85,-17.68,34320,-8.73,0.74,-3.38
34330,3.93,-20.34,-21.02,34330,-8.73,1.49,-4.20
34340,3.00,-9.13,-19.40,34340,-8.73,2.42,-4.42
34350,1.62,4.04,-11.79,34350,-8.73,3.15,-3.86
34360,0.95,10.70,-2.88,34360,-8.73,3.31,-2.76
34370,0.94,12.67,3.88,34370,-8.73,2.87,-1.59
34380,1.70,7.67,4.72,34380,-8.73,2.19,-0.48
34390,2.54,-2.12,5.04,34390,-6.18,1.65,0.15
34400,2.87,-10.89,9.96,34400,-2.39,1.23,0.08
34410,2.00,-18.01,18.12,34410,-1.77,0.62,-0.77
34420,-0.20,-19.65,23.38,34420,-3.16,-0.34,-2.14
34430,-2.09,-8.65,16.98,34430,-4.71,-1.55,-3.62
34440,-1.80,9.14,5.43,34440,-4.35,-2.14,-4.12
34450,1.64,22.79,-1.96,34450,-2.61,-2.27,-3.65
34460,0.53,25.98,-10.81,34460,-1.79,-2.35,-2.86
34470,1.11,25.01,-18.42,34470,-1.09,-1.85,-2.00
34480,2.78,24.12,-22.75,34480,-0.87,-1.01,-1.24
34490,2.82,21.38,-19.71,34490,-0.49,-0.13,-0.55
34500,2.39,18.02,-11.62,34500,0.33,0.41,0.01
34510,1.48,15.79,-4.99,34510,1.06,0.55,0.43
34520,1.02,14.13,-0.15,34520,1.72,0.41,0.75
34530,0.78,12.49,2.13,34530,2.20,0.07,0.97
34540,1.35,11.09,-1.02,34540,2.70,-0.35,1.15
34550,2.10,11.57,-6.84,34550,3.98,-0.50,1.36
34560,2.53,13.31,-11.54,34560,6.32,-0.38,1.79
34570,2.94,12.70,-12.99,34570,8.73,-0.07,2.37
34580,2.41,10.47,-10.69,34580,8.73,0.26,2.91
34590,0.65,7.50,-6.53,34590,8.73,0.44,3.25
34600,3.70,5.91,-2.29,34600,8.73,0.57,3.44
34610,3.34,4.96,2.73,34610,8.73,0.50,3.59
34620,1.84,3.18,5.73,34620,8.73,0.30,3.81
34630,1.87,-0.17,8.51,34630,8.73,-0.01,4.07
34640,1.46,-5.07,9.92,34640,8.73,-0.37,4.23
34650,1.67,-13.55,9.61,34650,8.73,-0.71,4.04
34660,1.26,-19.81,6.40,34660,8.73,-0.94,3.37
34670,2.21,-24.78,0.28,34670,8.73,-0.96,2.36
34680,2.18,-26.56,-5.77,34680,8.73,-0.72,1.29
34690,1.67,-21.34,-5.97,34690,8.73,-0.43,0.46
34700,2.04,-16.10,-6.29,34700,8.73,-0.24,0.02
34710,2.05,-13.09,-5.74,34710,8.73,0.02,-0.25
34720,2.01,-9.77,-2.25,34720,8.73,0.27,-0.49
34730,2.23,-5.31,1.99,34730,7.11,0.41,-0.65
34740,2.55,0.93,6.25,34740,3.88,0.42,-0.63
34750,2.48,3.62,7.88,34750,1.04,0.30,-0.24
34760,2.42,-0.71,7.04,34760,-0.25,0.11,0.37
34770,2.62,-7.50,5.52,34770,-0.03,-0.05,0.71
34780,2.41,-11.28,4.42,34780,0.42,-0.19,0.76
34790,2.55,-12.45,3.14,34790,0.41,-0.29,0.65
34800,2.73,-12.08,0.59,34800,0.11,-0.33,0.50
34810,3.08,-11.15,-2.63,34810,-0.38,-0.23,0.37
34820,3.04,-9.52,-4.87,34820,-0.73,0.02,0.32
34830,2.92,-7.81,-5.34,34830,-1.01,0.35,0.37
34840,2.83,-7.07,-3.56,34840,-1.48,0.67,0.47
34850,1.72,-7.43,-0.22,34850,-1.84,0.87,0.60
34860,1.19,-9.47,4.37,34860,-2.14,0.84,0.66
34870,0.86,-12.50,1.20,34870,-0.93,0.61,0.68
34880,2.02,-11.77,3.66,34880,-1.94,0.58,0.53
34890,0.79,-12.75,7.49,34890,-1.51,0.43,0.52
34900,0.83,-14.31,8.22,34900,-1.77,0.09,0.37
34910,1.16,-15.57,7.11,34910,-2.38,-0.20,0.10
34920,1.19,-16.61,4.41,34920,-3.64,-0.41,-0.27
34930,1.34,-16.93,0.27,34930,-5.02,-0.46,-0.71
34940,1.62,-15.61,-3.05,34940,-6.10,-0.30,-1.13
34950,2.17,-13.35,-3.73,34950,-6.99,-0.03,-1.41
34960,1.88,-11.92,-3.52,34960,-7.21,0.20,-1.54
34970,1.76,-10.60,-2.29,34970,-6.69,0.38,-1.56
34980,1.82,-8.15,1.12,34980,-5.89,0.41,-1.45
34990,1.68,-5.14,2.12,34990,-5.07,0.23,-1.21
35000,2.48,-4.57,3.64,35000,-3.47,-0.01,-0.75
35010,2.52,-5.45,4.54,35010,-2.27,-0.39,-0.38
35020,2.52,-6.27,0.98,35020,-1.82,-0.77,-0.15
35030,2.55,-7.35,-3.95,35030,-1.32,-0.92,0.02
35040,2.76,-8.09,-8.38,35040,-1.17,-0.83,0.09
35050,3.21,-8.76,-10.88,35050,-0.88,-0.56,0.13
35060,3.30,-9.79,-11.60,35060,-0.54,-0.20,0.13
35070,2.91,-10.29,-10.46,35070,-0.36,0.14,0.06
35080,2.71,-8.72,-7.68,35080,-1.10,0.42,-0.08
35090,2.91,-7.57,-4.77,35090,-2.32,0.59,-0.16
35100,2.42,-8.17,-2.17,35100,-3.69,0.59,-0.20
35110,2.07,-9.48,-0.63,35110,-5.24,0.49,-0.31
35120,2.18,-11.70,-0.34,35120,-6.95,0.30,-0.54
35130,1.83,-12.57,-1.77,35130,-8.17,0.11,-0.85
35140,2.63,-11.92,-4.29,35140,-8.73,0.00,-1.23
35150,2.49,-10.42,-6.90,35150,-8.73,0.05,-1.56
35160,2.92,-8.90,-7.69,35160,-8.73,0.16,-1.85
35170,2.86,-7.08,-8.83,35170,-8.73,0.28,-2.04
35180,2.95,-5.06,-9.42,35180,-8.73,0.42,-2.14
35190,3.27,-2.97,-9.17,35190,-8.73,0.58,-2.15
35200,3.46,0.06,-7.88,35200,-8.73,0.73,-2.06
35210,3.37,2.01,-5.66,35210,-8.73,0.74,-1.84
35220,3.45,3.61,-4.22,35220,-8.73,0.61,-1.54
35230,3.41,4.68,-4.74,35230,-7.77,0.40,-1.20
35240,3.45,4.76,-5.57,35240,-5.70,0.24,-0.84
35250,3.55,3.55,-6.21,35250,-3.91,0.10,-0.58
35260,3.37,2.12,-5.91,35260,-2.45,-0.01,-0.47
35270,3.29,1.99,-4.55,35270,-1.55,-0.15,-0.48
35280,3.15,2.84,-3.81,35280,-1.16,-0.36,-0.53
35290,3.12,3.65,-4.42,35290,-1.12,-0.58,-0.56
35300,3.19,4.42,-6.23,35300,-0.99,-0.75,-0.55
35310,3.32,5.20,-8.86,35310,-0.63,-0.83,-0.48
35320,3.55,6.30,-11.40,35320,-0.15,-0.77,-0.36
35330,3.54,6.99,-12.94,35330,0.45,-0.62,-0.17
35340,3.62,7.25,-13.59,35340,1.09,-0.43,0.04
35350,3.43,6.74,-12.83,35350,1.70,-0.24,0.25
35360,3.18,5.89,-10.99,35360,2.10,-0.12,0.40
35370,3.04,4.72,-8.78,35370,2.09,-0.11,0.48
35380,3.10,3.46,-7.72,35380,1.70,-0.18,0.45
35390,3.19,2.46,-8.02,35390,1.10,-0.27,0.35
35400,3.28,2.43,-9.09,35400,0.74,-0.32,0.24
35410,3.41,3.34,-10.14,35410,0.73,-0.31,0.19
35420,3.54,4.11,-10.86,35420,0.89,-0.26,0.23
35430,3.48,3.96,-11.01,35430,1.18,-0.19,0.30
35440,3.42,3.37,-10.81,35440,1.44,-0.12,0.37
35450,3.33,2.33,-10.41,35450,1.60,-0.08,0.40
35460,3.26,1.14,-9.98,35460,1.65,-0.05,0.38
35470,3.05,0.19,-9.73,35470,1.55,-0.04,0.30
35480,3.12,0.11,-9.06,35480,1.27,-0.04,0.18
35490,3.10,0.44,-9.23,35490,0.83,-0.09,0.07
35500,3.08,1.09,-9.72,35500,0.45,-0.11,-0.02
35510,3.29,1.94,-10.13,35510,0.22,-0.11,-0.05
35520,3.23,2.46,-10.64,35520,0.14,-0.08,-0.02
35530,3.27,2.41,-10.83,35530,0.31,-0.03,0.04
35540,3.25,1.90,-10.75,35540,0.56,0.02,0.09
35550,3.11,1.12,-10.13,35550,0.77,0.06,0.11
35560,3.14,0.94,-9.62,35560,0.90,0.08,0.09
35570,3.05,0.78,-9.07,35570,0.86,0.07,0.06
35580,3.03,0.80,-8.76,35580,0.63,0.04,0.01
35590,2.93,1.02,-8.73,35590,0.29,0.01,-0.05
35600,3.03,1.41,-8.83,35600,-0.06,-0.03,-0.08
35610,3.00,1.60,-9.35,35610,-0.34,-0.06,-0.10
35620,3.10,1.63,-9.52,35620,-0.47,-0.07,-0.09
35630,3.07,1.48,-9.96,35630,-0.49,-0.08,-0.08
35640,3.14,1.65,-10.21,35640,-0.59,-0.05,-0.09
35650,3.05,1.69,-10.06,35650,-0.72,-0.02,-0.09
35660,3.00,1.78,-9.86,35660,-0.88,-0.01,-0.09
35670,3.00,2.02,-9.81,35670,-1.07,0.01,-0.09
35680,3.06,2.15,-9.92,35680,-1.35,0.01,-0.09
35690,3.10,1.99,-10.44,35690,-1.68,0.03,-0.11
35700,3.07,1.70,-10.51,35700,-1.92,0.07,-0.13
35710,3.17,1.47,-10.41,35710,-2.22,0.11,-0.19
35720,3.07,1.65,-10.08,35720,-2.34,0.15,-0.24
35730,3.04,2.04,-9.56,35730,-2.17,0.15,-0.26
35740,3.01,2.16,-9.15,35740,-1.76,0.14,-0.24
35750,3.07,2.66,-8.95,35750,-1.27,0.11,-0.23
35760,2.97,3.05,-8.88,35760,-0.95,0.09,-0.20
35770,3.12,3.39,-9.22,35770,-0.95,0.07,-0.20
35780,3.13,3.48,-9.63,35780,-1.27,0.09,-0.22
35790,3.19,3.38,-9.76,35790,-1.71,0.13,-0.26
35800,3.13,3.39,-9.64,35800,-1.80,0.18,-0.28
35810,3.22,3.61,-9.89,35810,-1.39,0.22,-0.25
35820,3.43,3.75,-10.90,35820,-0.61,0.29,-0.18
35830,3.77,4.01,-11.68,35830,0.33,0.42,-0.09
35840,3.57,3.35,-12.85,35840,2.30,0.61,0.11
35850,3.59,2.21,-12.62,35850,4.68,0.84,0.28
35860,3.27,1.83,-9.97,35860,7.60,1.04,0.44
35870,2.31,2.57,-5.83,35870,8.73,1.02,0.62
35880,2.49,5.17,-2.64,35880,8.73,0.79,0.85
35890,2.72,7.89,-1.21,35890,8.73,0.41,1.26
35900,2.74,7.99,-2.93,35900,8.73,0.11,1.88
35910,2.75,5.34,-4.68,35910,8.73,0.03,2.48
35920,2.74,-1.01,-2.75,35920,8.73,-0.02,2.96
35930,4.10,-7.47,0.34,35930,8.73,-0.17,3.10
35940,2.52,-17.39,-5.82,35940,8.73,-0.44,2.85
35950,3.12,-25.77,-16.68,35950,8.73,-0.11,1.93
35960,2.88,-24.53,-23.19,35960,8.73,0.67,0.45
35970,3.23,-8.43,-24.12,35970,8.73,1.79,-1.10
35980,0.87,7.63,-19.52,35980,7.42,3.00,-1.74
35990,-0.96,13.61,-6.30,35990,0.85,4.04,-1.41
36000,-2.43,6.81,10.95,36000,-1.47,4.34,-0.51
36010,-2.46,1.69,22.99,36010,0.93,3.75,0.42
36020,-1.83,-0.58,26.63,36020,4.00,2.81,1.20
36030,-1.46,-8.41,26.01,36030,4.08,2.00,1.50
36040,-0.26,-15.62,25.86,36040,2.05,1.30,1.14
36050,0.21,-16.59,23.55,36050,-0.39,0.60,0.58
36060,0.43,-14.54,18.03,36060,-1.33,0.02,0.20
36070,0.48,-10.43,13.97,36070,-1.44,-0.32,0.04
36080,0.96,-6.25,11.55,36080,-1.80,-0.56,0.09
36090,1.42,-3.08,7.77,36090,-3.05,-0.67,0.23
36100,1.65,-2.60,3.25,36100,-5.01,-0.58,0.42
36110,1.09,-4.93,0.98,36110,-7.09,-0.36,0.57
36120,0.54,-9.63,0.71,36120,-8.73,-0.19,0.58
36130,0.35,-15.52,0.04,36130,-8.73,-0.08,0.27
36140,0.13,-22.28,-0.13,36140,-8.73,0.00,-0.40
36150,0.33,-30.75,-0.95,36150,-8.73,0.11,-1.52
36160,0.20,-37.14,-0.67,36160,-8.73,0.29,-3.07
36170,-0.82,-36.01,0.13,36170,-8.73,0.57,-4.65
36180,-0.29,-29.66,0.48,36180,-8.73,0.97,-5.94
36190,-1.12,-19.99,0.16,36190,-8.73,1.60,-6.80
36200,-2.13,-8.59,3.38,36200,-8.73,2.24,-7.03
36210,-1.92,3.74,8.57,36210,-8.73,2.61,-6.62
36220,-1.36,12.43,12.44,36220,-8.73,2.51,-5.62
36230,-0.17,18.08,11.98,36230,-8.73,2.00,-4.24
36240,1.93,18.93,8.29,36240,-8.73,1.37,-2.61
36250,1.96,13.85,4.43,36250,-5.19,0.89,-1.15
36260,2.19,3.29,9.40,36260,-1.02,0.49,-0.39
36270,1.04,-8.94,15.36,36270,-0.87,-0.19,-0.69
36280,-0.71,-16.66,15.95,36280,-2.71,-1.05,-1.86
36290,-1.13,-10.30,6.51,36290,-3.88,-1.80,-3.24
36300,-0.13,12.55,-8.94,36300,-3.55,-1.85,-3.80
36310,3.49,30.43,-15.51,36310,-1.80,-1.24,-3.08
36320,2.63,35.16,-18.46,36320,-0.85,-0.81,-1.78
36330,3.13,30.15,-22.09,36330,-0.73,-0.00,-0.54
36340,2.70,23.34,-16.76,36340,0.20,0.90,0.36
36350,1.02,18.70,-5.84,36350,0.78,1.35,0.96
36360,0.43,14.72,3.64,36360,1.35,1.23,1.37
36370,-0.26,12.16,9.56,36370,1.99,0.68,1.70
36380,-0.05,8.87,9.72,36380,2.75,-0.05,1.90
36390,0.47,7.08,5.55,36390,3.59,-0.68,2.01
36400,1.53,6.68,-0.84,36400,4.54,-1.07,2.10
36410,2.52,5.80,-8.06,36410,5.88,-1.11,2.27
36420,3.08,4.59,-10.85,36420,7.72,-0.89,2.44
36430,3.06,3.24,-10.30,36430,8.73,-0.61,2.59
36440,2.96,2.61,-7.84,36440,8.73,-0.46,2.69
36450,3.15,2.27,-5.89,36450,8.73,-0.40,2.73
36460,3.30,1.56,-4.91,36460,8.73,-0.39,2.79
36470,3.33,0.00,-4.69,36470,8.73,-0.35,2.81
36480,3.25,-1.41,-3.65,36480,8.73,-0.27,2.79
36490,2.56,-2.26,-1.22,36490,8.73,-0.27,2.77
36500,1.58,-2.69,1.74,36500,8.73,-0.42,2.77
36510,0.92,-4.67,3.57,36510,8.73,-0.72,2.74
36520,0.86,-9.41,1.80,36520,8.51,-1.07,2.47
36530,1.64,-15.32,-4.72,36530,2.80,-1.27,1.80
36540,3.26,-18.32,-11.91,36540,-0.60,-1.15,1.07
36550,1.78,-17.35,-15.14,36550,-1.00,-0.88,0.59
36560,2.02,-17.48,-17.01,36560,1.60,-0.52,0.34
36570,2.44,-16.38,-14.12,36570,4.32,-0.18,0.13
36580,2.13,-13.92,-9.74,36580,5.56,-0.01,-0.15
36590,2.39,-10.11,-5.51,36590,5.10,0.00,-0.46
36600,2.05,-5.77,-2.85,36600,2.96,-0.16,-0.72
36610,2.45,-2.57,-4.13,36610,-0.36,-0.31,-0.86
36620,2.35,-0.77,-7.08,36620,-3.00,-0.31,-0.81
36630,2.69,-1.17,-9.42,36630,-4.67,-0.21,-0.65
36640,3.02,-3.04,-10.92,36640,-5.59,-0.06,-0.52
36650,3.00,-4.03,-11.94,36650,-5.97,0.11,-0.48
36660,2.98,-3.97,-11.89,36660,-6.06,0.29,-0.45
36670,2.89,-3.28,-10.96,36670,-6.08,0.43,-0.41
36680,2.72,-2.83,-9.74,36680,-6.07,0.51,-0.33
36690,2.52,-2.85,-8.72,36690,-6.13,0.51,-0.26
36700,2.60,-3.09,-8.90,36700,-6.22,0.48,-0.22
36710,2.71,-3.10,-9.25,36710,-6.25,0.46,-0.20
36720,2.79,-2.96,-9.78,36720,-6.12,0.44,-0.19
36730,2.70,-2.87,-9.94,36730,-5.74,0.45,-0.17
36740,2.72,-2.42,-9.26,36740,-5.17,0.43,-0.14
36750,2.74,-2.31,-8.78,36750,-4.54,0.37,-0.12
36760,2.78,-2.11,-8.52,36760,-3.79,0.29,-0.11
36770,2.90,-1.90,-8.46,36770,-2.91,0.20,-0.10
36780,2.94,-1.06,-8.60,36780,-1.81,0.11,-0.07
36790,2.91,-0.42,-8.23,36790,-0.49,0.01,0.02
36800,2.79,0.19,-7.56,36800,1.00,-0.12,0.15
36810,2.82,0.07,-7.21,36810,2.23,-0.27,0.28
36820,2.76,-0.63,-7.16,36820,3.00,-0.42,0.37
36830,2.77,-1.81,-8.03,36830,3.23,-0.56,0.37
36840,2.80,-2.86,-9.21,36840,2.99,-0.64,0.29
36850,3.06,-3.71,-10.85,36850,2.46,-0.65,0.14
36860,2.84,-3.85,-12.27,36860,1.74,-0.60,-0.04
36870,3.11,-3.32,-13.85,36870,0.91,-0.46,-0.24
36880,3.00,-2.29,-14.42,36880,0.31,-0.28,-0.36
36890,3.06,-1.03,-14.04,36890,-0.10,-0.09,-0.40
36900,2.84,0.35,-13.49,36900,-0.20,0.07,-0.37
36910,2.89,1.36,-12.16,36910,-0.15,0.20,-0.25
36920,2.79,1.34,-10.29,36920,-0.04,0.26,-0.10
36930,2.68,0.72,-8.64,36930,0.04,0.23,0.01
36940,2.68,-0.15,-7.85,36940,-0.01,0.14,0.07
36950,2.75,-0.79,-8.21,36950,-0.10,0.04,0.08
36960,2.81,-1.11,-9.06,36960,-0.13,-0.01,0.08
36970,2.86,-1.20,-9.78,36970,-0.12,-0.03,0.07
36980,2.88,-1.22,-10.28,36980,-0.08,-0.01,0.07
36990,2.90,-0.99,-10.61,36990,-0.01,0.02,0.08
37000,2.94,-0.90,-10.68,37000,0.21,0.07,0.12
37010,2.83,-1.00,-10.23,37010,0.56,0.10,0.18
37020,2.68,-1.27,-9.52,37020,0.86,0.10,0.24
37030,2.68,-1.96,-8.97,37030,0.98,0.07,0.27
37040,2.67,-2.39,-8.38,37040,0.95,0.03,0.24
37050,2.74,-2.57,-8.05,37050,0.74,-0.04,0.19
37060,2.78,-2.69,-8.55,37060,0.48,-0.11,0.12
37070,2.86,-2.50,-9.19,37070,0.36,-0.14,0.09
37080,2.95,-2.54,-9.62,37080,0.42,-0.14,0.08
37090,2.84,-2.79,-9.73,37090,0.72,-0.12,0.08
37100,2.85,-3.03,-9.42,37100,1.07,-0.12,0.09
37110,2.77,-3.15,-8.86,37110,1.39,-0.13,0.08
37120,2.62,-3.21,-8.08,37120,1.66,-0.16,0.08
37130,2.53,-3.31,-7.44,37130,1.78,-0.23,0.06
37140,2.47,-3.07,-6.70,37140,1.80,-0.32,0.03
37150,2.37,-2.88,-6.71,37150,1.78,-0.45,0.03
37160,2.27,-3.04,-7.10,37160,2.02,-0.56,0.07
37170,2.26,-3.41,-7.55,37170,2.38,-0.66,0.13
37180,2.30,-4.05,-8.42,37180,2.74,-0.74,0.18
37190,2.26,-4.65,-9.68,37190,3.39,-0.77,0.23
37200,2.23,-5.34,-10.54,37200,4.05,-0.76,0.28
37210,2.25,-6.00,-11.45,37210,4.30,-0.70,0.27
37220,2.16,-6.62,-11.58,37220,4.40,-0.59,0.24
37230,2.20,-6.90,-10.94,37230,4.22,-0.49,0.17
37240,1.97,-6.70,-10.23,37240,3.94,-0.42,0.12
37250,1.90,-6.40,-9.23,37250,3.68,-0.37,0.10
37260,1.84,-6.81,-8.29,37260,3.47,-0.37,0.13
37270,1.59,-7.69,-7.34,37270,3.38,-0.39,0.15
37280,1.64,-8.70,-6.89,37280,3.03,-0.45,0.11
37290,1.75,-9.36,-8.32,37290,2.24,-0.51,-0.01
37300,2.08,-8.79,-11.78,37300,0.75,-0.42,-0.21
37310,3.06,-7.89,-17.29,37310,-2.99,-0.04,-0.56
37320,4.83,-5.93,-23.25,37320,-8.73,0.70,-1.09
37330,4.07,-3.24,-22.95,37330,-8.73,1.73,-1.57
37340,2.98,-4.31,-21.25,37340,-8.73,2.41,-1.71
37350,2.64,-5.49,-20.93,37350,-8.73,2.62,-1.59
37360,2.71,-6.20,-29.02,37360,-8.73,2.91,-1.23
37370,1.31,-4.39,-31.86,37370,-8.73,3.46,-0.71
37380,0.28,-4.79,-34.35,37380,-8.73,4.13,-0.03
37390,-1.24,-12.40,-29.67,37390,-8.73,5.00,0.55
37400,-3.09,-21.49,-13.21,37400,-8.73,5.56,0.59
37410,-1.97,-24.12,7.57,37410,-6.17,5.41,0.05
37420,-2.56,-23.46,33.46,37420,-3.75,4.21,-1.05
37430,-1.05,-17.29,39.23,37430,-4.09,2.25,-2.11
37440,-1.08,-13.13,39.23,37440,-5.15,0.46,-3.08
37450,-0.87,-0.78,17.34,37450,-3.36,-0.92,-3.60
37460,0.23,6.96,5.32,37460,-2.28,-1.35,-3.69
37470,-1.40,17.88,9.19,37470,-0.29,-1.78,-3.44
37480,-0.33,27.90,-5.29,37480,-1.40,-1.98,-2.82
37490,1.06,33.40,-13.16,37490,-0.94,-1.58,-1.89
37500,1.71,32.25,-17.73,37500,-0.63,-0.81,-0.78
37510,3.22,23.81,-15.18,37510,-0.10,0.07,0.13
37520,2.14,18.67,-4.37,37520,0.84,0.43,0.65
37530,1.49,14.90,4.12,37530,1.40,0.24,1.03
37540,1.52,11.46,6.34,37540,1.96,-0.26,1.22
37550,2.01,10.22,3.13,37550,2.69,-0.67,1.32
37560,2.67,10.14,-0.37,37560,3.66,-0.91,1.48
37570,3.12,10.19,-3.51,37570,4.84,-0.95,1.69
37580,3.05,9.75,-5.04,37580,6.13,-0.86,1.94
37590,1.94,8.29,-5.13,37590,7.37,-0.79,2.16
37600,3.60,8.79,-4.07,37600,8.73,-0.55,2.41
37610,3.94,10.14,4.51,37610,8.73,-0.70,2.83
37620,1.89,9.89,5.80,37620,8.73,-1.11,3.36
37630,2.08,7.74,4.96,37630,8.73,-1.44,3.93
37640,1.49,4.21,2.03,37640,8.73,-1.58,4.49
37650,1.29,-0.87,-0.37,37650,8.73,-1.40,4.95
37660,1.07,-6.16,0.04,37660,8.73,-1.13,5.19
37670,0.78,-10.39,1.42,37670,8.73,-0.90,5.22
37680,0.58,-12.76,2.34,37680,8.73,-0.73,5.07
37690,0.86,-14.26,0.75,37690,8.73,-0.56,4.83
37700,0.64,-15.73,-2.52,37700,8.73,-0.24,4.51
37710,2.27,-18.25,-0.99,37710,8.73,0.26,3.91
37720,0.94,-20.68,-0.52,37720,8.73,0.56,3.14
37730,1.84,-19.20,1.69,37730,8.73,0.79,2.18
37740,0.88,-16.55,6.24,37740,8.73,0.83,1.32
37750,0.46,-15.15,7.08,37750,8.32,0.70,0.62
37760,0.34,-14.33,6.12,37760,5.07,0.68,0.05
37770,0.34,-12.76,6.65,37770,3.18,0.68,-0.27
37780,0.10,-10.67,9.83,37780,2.38,0.59,-0.39
37790,0.26,-8.23,7.30,37790,0.86,0.35,-0.45
37800,0.62,-7.32,13.87,37800,1.40,0.08,-0.24
37810,0.76,-7.61,14.88,37810,1.17,-0.39,-0.05
37820,1.22,-9.81,12.06,37820,0.89,-0.86,0.04
37830,1.57,-9.81,7.86,37830,0.16,-1.16,-0.04
37840,1.71,-7.66,3.96,37840,-0.77,-1.26,-0.10
37850,2.14,-7.00,0.25,37850,-1.87,-1.23,-0.10
37860,2.30,-8.29,-3.86,37860,-2.60,-1.05,-0.09
37870,2.60,-8.79,-6.82,37870,-2.98,-0.64,-0.12
37880,2.35,-8.02,-5.88,37880,-3.38,-0.19,-0.12
37890,1.98,-7.52,-2.77,37890,-4.15,0.17,-0.08
37900,1.53,-8.61,0.87,37900,-5.33,0.33,-0.08
37910,1.00,-10.11,2.57,37910,-7.24,0.33,-0.21
37920,0.79,-12.00,1.53,37920,-8.73,0.33,-0.47
37930,0.69,-18.54,-0.81,37930,-8.73,0.43,-0.99
37940,0.85,-26.79,-2.55,37940,-8.73,0.70,-1.94
37950,1.31,-28.50,1.93,37950,-8.73,1.05,-3.19
37960,-0.52,-29.25,0.35,37960,-8.73,1.23,-4.15
37970,-1.45,-27.36,0.09,37970,-8.73,1.51,-4.96
37980,-1.41,-17.84,4.20,37980,-8.73,1.68,-5.56
37990,-1.13,-6.88,6.53,37990,-8.73,1.56,-5.61
38000,1.26,1.44,8.80,38000,-8.73,1.32,-5.30
38010,0.07,8.38,9.70,38010,-8.73,0.87,-4.75
38020,0.45,14.65,10.40,38020,-8.73,0.33,-3.97
38030,1.65,19.94,9.99,38030,-6.84,-0.32,-2.95
38040,1.85,20.87,7.58,38040,-4.36,-1.01,-1.79
38050,2.03,17.56,2.99,38050,-2.10,-1.61,-0.75
38060,2.16,11.91,-2.10,38060,0.09,-2.01,0.02
38070,2.47,6.06,-7.59,38070,1.66,-2.18,0.43
38080,2.67,1.39,-12.76,38080,2.52,-2.11,0.52
38090,3.20,-1.64,-16.63,38090,2.57,-1.78,0.34
38100,3.55,-1.50,-18.65,38100,2.32,-1.35,0.05
38110,3.16,1.39,-18.58,38110,1.91,-0.90,-0.19
38120,3.30,5.14,-15.92,38120,1.67,-0.53,-0.21
38130,3.12,7.54,-13.49,38130,1.50,-0.34,-0.04
38140,2.90,8.46,-11.42,38140,1.53,-0.26,0.24
38150,2.80,7.12,-10.44,38150,1.66,-0.27,0.54
38160,2.80,4.71,-10.18,38160,1.72,-0.29,0.75
38170,2.74,2.09,-10.37,38170,1.73,-0.30,0.84
38180,2.79,-0.24,-10.76,38180,1.72,-0.29,0.82
38190,2.87,-2.35,-11.06,38190,1.67,-0.26,0.71
38200,3.01,-3.69,-10.94,38200,1.54,-0.23,0.49
38210,2.93,-4.32,-10.93,38210,1.36,-0.19,0.24
38220,2.95,-3.93,-10.66,38220,1.17,-0.17,-0.02
38230,2.89,-2.10,-10.66,38230,0.94,-0.17,-0.24
38240,2.97,0.10,-11.10,38240,0.76,-0.15,-0.33
38250,3.07,2.10,-11.20,38250,0.57,-0.11,-0.33
38260,2.99,3.48,-11.22,38260,0.42,-0.07,-0.24
38270,3.06,3.89,-11.48,38270,0.25,-0.01,-0.11
38280,3.08,3.35,-11.55,38280,0.07,0.06,0.02
38290,2.92,2.81,-10.96,38290,-0.13,0.13,0.12
38300,2.97,1.74,-10.35,38300,-0.32,0.17,0.20
38310,2.66,0.33,-9.81,38310,-0.40,0.19,0.22
38320,2.74,-0.49,-9.07,38320,-0.52,0.17,0.17
38330,2.74,-0.36,-8.97,38330,-0.66,0.13,0.11
38340,2.71,-0.09,-9.37,38340,-0.73,0.09,0.07
38350,2.72,-0.13,-9.68,38350,-0.72,0.07,0.05
38360,2.79,0.38,-10.01,38360,-0.62,0.07,0.03
38370,2.79,1.08,-9.94,38370,-0.54,0.08,0.06
38380,2.75,0.65,-9.88,38380,-0.49,0.09,0.11
38390,2.75,-0.23,-9.64,38390,-0.49,0.09,0.11
38400,2.76,-0.58,-9.68,38400,-0.51,0.09,0.07
38410,2.73,-0.71,-9.53,38410,-0.57,0.09,0.03
38420,2.80,-0.82,-9.46,38420,-0.67,0.08,-0.04
38430,2.83,-0.41,-9.95,38430,-0.73,0.07,-0.10
38440,2.88,0.12,-10.51,38440,-0.76,0.09,-0.14
38450,2.94,0.62,-10.79,38450,-0.77,0.14,-0.16
38460,2.91,0.97,-10.52,38460,-0.85,0.19,-0.17
38470,2.77,1.15,-9.61,38470,-0.97,0.21,-0.17
38480,2.76,1.16,-8.91,38480,-1.18,0.19,-0.18
38490,2.74,0.98,-8.82,38490,-1.39,0.14,-0.20
38500,2.82,0.91,-9.10,38500,-1.52,0.09,-0.23
38510,2.92,1.07,-10.15,38510,-1.52,0.07,-0.25
38520,3.04,1.86,-10.91,38520,-1.34,0.11,-0.25
38530,3.10,2.67,-10.98,38530,-1.06,0.18,-0.20
38540,2.97,3.03,-10.57,38540,-0.88,0.24,-0.14
38550,2.89,2.83,-9.74,38550,-0.86,0.28,-0.09
38560,2.98,2.11,-9.07,38560,-1.10,0.28,-0.09
38570,2.88,1.33,-8.88,38570,-1.48,0.26,-0.14
38580,2.97,0.80,-8.76,38580,-1.83,0.24,-0.23
38590,2.96,0.79,-8.75,38590,-1.90,0.21,-0.32
38600,2.92,1.47,-8.77,38600,-1.77,0.19,-0.38
38610,3.01,2.70,-8.45,38610,-1.41,0.16,-0.38
38620,2.86,3.87,-8.30,38620,-0.98,0.11,-0.32
38630,2.94,4.82,-7.99,38630,-0.54,0.06,-0.21
38640,2.85,5.00,-7.87,38640,-0.17,0.00,-0.08
38650,2.85,4.37,-7.63,38650,0.01,-0.06,0.02
38660,2.83,3.42,-7.87,38660,0.03,-0.11,0.05
38670,2.81,2.53,-7.91,38670,-0.05,-0.16,0.03
38680,2.87,2.18,-8.24,38680,-0.15,-0.22,-0.03
38690,2.90,2.39,-8.91,38690,-0.25,-0.24,-0.09
38700,2.94,3.03,-9.76,38700,-0.30,-0.22,-0.12
38710,2.99,3.65,-10.43,38710,-0.39,-0.18,-0.13
38720,3.01,4.26,-10.99,38720,-0.51,-0.11,-0.10
38730,2.97,4.53,-11.29,38730,-0.65,-0.01,-0.06
38740,3.02,4.57,-11.14,38740,-0.87,0.09,-0.03
38750,2.93,4.30,-10.18,38750,-1.18,0.17,-0.01
38760,2.91,3.98,-9.21,38760,-1.53,0.20,-0.01
38770,2.86,3.79,-8.75,38770,-1.76,0.19,-0.03
38780,2.92,3.36,-9.11,38780,-1.93,0.17,-0.06
38790,3.07,3.24,-9.88,38790,-2.21,0.18,-0.13
38800,3.18,3.41,-10.45,38800,-2.46,0.25,-0.20
38810,3.29,3.41,-10.63,38810,-2.50,0.35,-0.25
38820,3.30,3.80,-10.92,38820,-2.29,0.47,-0.29
38830,3.33,4.16,-10.81,38830,-1.90,0.60,-0.28
38840,3.37,4.20,-10.80,38840,-1.37,0.74,-0.25
38850,3.37,3.70,-10.44,38850,-0.91,0.90,-0.23
38860,3.27,3.26,-10.23,38860,-0.33,1.08,-0.23
38870,3.21,3.51,-10.04,38870,0.43,1.25,-0.21
38880,2.80,4.89,-9.18,38880,1.80,1.42,-0.12
38890,2.65,7.03,-6.40,38890,3.62,1.51,0.07
38900,2.62,9.65,-3.25,38900,6.15,1.47,0.43
38910,2.22,13.80,0.73,38910,8.73,1.30,1.01
38920,1.69,18.22,6.56,38920,8.73,0.96,1.84
38930,0.47,22.58,12.66,38930,8.73,0.44,2.92
38940,0.18,24.21,16.04,38940,8.73,-0.10,4.32
38950,-2.54,17.88,19.97,38950,8.73,-0.67,5.86
38960,-4.38,5.83,20.14,38960,8.73,-1.08,7.15
38970,-4.27,-14.70,14.19,38970,8.73,-1.08,7.68
38980,-2.43,-31.96,5.19,38980,8.73,-0.49,6.86
38990,-0.64,-39.23,2.75,38990,8.73,0.29,4.99
39000,0.13,-39.23,2.06,39000,8.73,0.77,2.61
39010,0.56,-31.87,-1.67,39010,8.73,1.18,0.44
39020,-0.75,-23.75,-0.93,39020,2.41,1.73,-0.99
39030,-2.32,-21.18,6.30,39030,-1.44,2.07,-1.77
39040,-1.13,-14.86,12.81,39040,-0.84,1.98,-2.02
39050,-0.99,-2.34,16.21,39050,1.92,1.39,-1.64
39060,0.43,4.96,13.69,39060,4.60,0.78,-0.74
39070,1.52,3.56,9.31,39070,4.54,0.58,0.08
39080,1.90,-6.18,8.82,39080,2.58,0.65,0.46
39090,1.49,-12.74,10.58,39090,0.79,0.70,0.30
39100,1.57,-9.90,11.64,39100,-0.27,0.65,0.04
39110,0.80,-3.33,12.62,39110,-1.03,0.51,0.11
39120,0.85,-3.09,12.67,39120,-1.85,0.31,0.37
39130,0.62,-2.43,11.93,39130,-2.94,0.09,0.55
39140,0.41,-2.13,9.92,39140,-4.60,-0.11,0.70
39150,-0.01,-4.32,7.04,39150,-6.72,-0.27,0.77
39160,-0.44,-9.40,3.78,39160,-8.73,-0.33,0.67
39170,-0.89,-13.90,1.86,39170,-8.73,-0.34,0.29
39180,-0.31,-18.76,-0.56,39180,-8.73,-0.29,-0.37
39190,-0.21,-25.35,-3.43,39190,-8.73,-0.08,-1.43
39200,-0.15,-28.92,-3.13,39200,-8.73,0.20,-2.61
39210,-1.17,-27.68,-2.85,39210,-8.73,0.48,-3.74
39220,-0.42,-24.68,-2.29,39220,-8.73,0.79,-4.66
39230,-0.11,-20.96,-3.41,39230,-8.73,1.19,-5.33
39240,0.24,-15.65,-4.67,39240,-8.73,1.78,-5.84
39250,-1.08,-7.60,-2.63,39250,-8.73,2.48,-5.98
39260,-1.80,1.16,4.63,39260,-8.73,2.92,-5.69
39270,-1.19,7.02,11.01,39270,-8.73,2.86,-5.01
39280,-0.74,10.96,12.60,39280,-8.73,2.32,-3.99
39290,0.34,14.63,10.42,39290,-8.73,1.63,-2.76
39300,0.65,15.21,9.28,39300,-4.13,1.01,-1.38
39310,0.62,6.29,15.43,39310,-1.54,0.47,-0.69
39320,-0.68,-7.52,20.15,39320,-2.17,-0.43,-1.04
39330,-1.47,-11.82,15.59,39330,-3.38,-1.40,-2.16
39340,0.18,6.15,9.08,39340,-1.85,-1.74,-3.04
39350,-0.48,23.79,0.59,39350,-0.68,-2.42,-2.78
39360,1.19,31.35,-12.59,39360,-0.95,-2.18,-1.77
39370,2.89,28.65,-19.24,39370,-0.48,-1.48,-0.63
39380,2.99,19.71,-23.14,39380,-0.69,-0.59,0.18
39390,2.41,12.09,-19.63,39390,-0.54,0.43,0.52
39400,1.02,9.67,-8.68,39400,-0.05,0.96,0.58
39410,-0.12,10.29,1.65,39410,0.50,0.91,0.66
39420,-0.66,10.46,7.08,39420,1.06,0.43,0.76
39430,-0.37,9.98,7.27,39430,1.28,-0.23,0.82
39440,0.19,9.56,2.29,39440,1.05,-0.78,0.82
39450,1.26,9.00,-4.71,39450,0.77,-1.02,0.78
39460,2.16,8.86,-10.98,39460,0.87,-0.92,0.77
39470,2.77,9.46,-14.01,39470,1.49,-0.57,0.85
39480,2.68,9.78,-12.85,39480,2.31,-0.17,1.00
39490,2.30,9.45,-9.71,39490,2.98,0.12,1.15
39500,2.00,9.22,-6.82,39500,3.54,0.25,1.29
39510,1.94,9.07,-4.96,39510,4.41,0.27,1.46
39520,2.01,9.02,-3.68,39520,5.80,0.22,1.75
39530,1.96,6.69,-2.83,39530,7.14,0.16,2.01
39540,1.90,3.56,-1.04,39540,8.36,0.06,2.13
39550,1.90,0.56,0.44,39550,8.73,-0.16,2.13
39560,1.79,-1.26,1.08,39560,8.73,-0.43,2.02
39570,1.89,-1.51,-0.35,39570,8.73,-0.77,1.90
39580,2.55,-3.37,-0.67,39580,8.73,-1.08,1.82
39590,1.90,-5.18,-4.61,39590,8.73,-1.34,1.67
39600,2.32,-6.25,-8.43,39600,8.73,-1.44,1.53
39610,2.47,-7.54,-11.54,39610,8.73,-1.37,1.41
39620,2.38,-9.48,-13.78,39620,8.73,-1.23,1.22
39630,2.54,-11.90,-16.31,39630,8.73,-0.97,0.87
39640,2.43,-12.47,-18.12,39640,8.73,-0.64,0.41
39650,2.29,-10.46,-17.65,39650,7.60,-0.24,-0.06
39660,2.51,-6.37,-14.19,39660,5.27,0.11,-0.39
39670,2.43,-2.36,-10.83,39670,3.14,0.28,-0.46
39680,2.13,-0.24,-8.32,39680,1.75,0.33,-0.30
39690,2.48,-0.17,-6.67,39690,0.85,0.28,-0.03
39700,2.22,-2.34,-6.10,39700,0.31,0.20,0.22
39710,2.15,-5.32,-5.55,39710,-0.24,0.09,0.30
39720,2.09,-7.08,-5.91,39720,-1.24,-0.02,0.19
39730,2.23,-7.21,-7.78,39730,-3.04,-0.07,-0.04
39740,2.50,-5.93,-9.59,39740,-5.35,-0.01,-0.32
39750,2.87,-4.58,-11.50,39750,-8.09,0.13,-0.56
39760,2.87,-3.07,-12.86,39760,-8.73,0.31,-0.65
39770,2.89,-1.38,-12.77,39770,-8.73,0.47,-0.59
39780,2.59,-0.83,-11.93,39780,-8.73,0.55,-0.42
39790,2.02,0.02,-11.27,39790,-8.44,0.59,-0.21
39800,2.59,-0.86,-10.92,39800,-7.49,0.57,0.01
39810,2.37,-2.94,-10.23,39810,-6.32,0.54,0.12
39820,2.48,-4.50,-9.96,39820,-5.18,0.49,0.11
39830,2.55,-4.67,-9.73,39830,-3.98,0.46,0.01
39840,2.64,-3.58,-9.18,39840,-2.90,0.44,-0.11
39850,2.53,-1.82,-7.50,39850,-2.04,0.40,-0.20
39860,2.43,-0.11,-6.12,39860,-1.55,0.25,-0.25
39870,2.26,0.72,-5.63,39870,-1.52,0.07,-0.26
39880,2.46,1.06,-6.82,39880,-1.66,-0.11,-0.27
39890,2.52,0.92,-8.86,39890,-1.65,-0.20,-0.27
39900,2.76,1.29,-10.10,39900,-1.58,-0.20,-0.29
39910,2.85,2.32,-10.87,39910,-1.33,-0.15,-0.27
39920,2.74,3.23,-11.25,39920,-1.01,-0.08,-0.21
39930,2.71,3.80,-11.03,39930,-0.62,-0.01,-0.10
39940,2.67,3.48,-10.34,39940,-0.28,0.03,0.01
39950,2.59,2.71,-9.92,39950,-0.06,0.03,0.08
39960,2.62,1.81,-9.64,39960,0.13,0.03,0.09
39970,2.54,1.14,-9.08,39970,0.35,0.01,0.06
39980,2.61,0.72,-8.63,39980,0.39,-0.04,-0.00
39990,2.56,1.26,-8.30,39990,0.42,-0.11,-0.07
40000,2.68,2.13,-8.64,40000,0.46,-0.18,-0.09
40010,2.76,2.50,-9.55,40010,0.58,-0.23,-0.06
40020,2.84,2.82,-10.51,40020,0.93,-0.21,-0.00
40030,2.93,2.76,-11.22,40030,1.23,-0.17,0.08
40040,2.86,2.52,-11.54,40040,1.56,-0.10,0.15
40050,2.90,2.51,-11.17,40050,1.81,-0.02,0.21
40060,2.74,2.28,-10.32,40060,1.84,0.05,0.25
40070,2.60,1.67,-8.81,40070,1.62,0.06,0.26
40080,2.44,0.87,-7.58,40080,1.11,-0.01,0.21
40090,2.41,0.29,-7.55,40090,0.55,-0.11,0.14
40100,2.51,-0.19,-8.53,40100,0.03,-0.20,0.06
40110,2.60,-0.23,-9.86,40110,-0.21,-0.24,-0.01
40120,2.75,0.16,-10.80,40120,-0.07,-0.22,-0.04
40130,2.78,0.64,-11.16,40130,0.38,-0.18,-0.02
40140,2.72,1.10,-10.97,40140,0.98,-0.14,0.05
40150,2.71,1.40,-10.36,40150,1.46,-0.11,0.12
40160,2.58,1.15,-9.29,40160,1.69,-0.11,0.19
40170,2.42,0.64,-8.36,40170,1.71,-0.16,0.22
40180,2.41,-0.05,-8.06,40180,1.56,-0.24,0.21
40190,2.39,-0.64,-8.46,40190,1.40,-0.33,0.17
40200,2.31,-1.03,-9.05,40200,1.52,-0.39,0.15
40210,2.38,-1.31,-9.62,40210,1.85,-0.44,0.14
40220,2.20,-1.84,-10.00,40220,2.44,-0.48,0.16
40230,2.06,-2.16,-10.02,40230,3.13,-0.52,0.18
40240,1.97,-2.49,-10.18,40240,3.49,-0.57,0.17
40250,1.96,-3.29,-11.32,40250,3.31,-0.59,0.11
40260,2.26,-4.24,-13.97,40260,2.46,-0.52,-0.04
40270,2.68,-4.16,-17.37,40270,0.21,-0.27,-0.34
40280,3.82,-2.64,-21.53,40280,-5.08,0.28,-0.89
40290,3.90,-1.04,-22.41,40290,-8.73,1.13,-1.55
40300,2.86,-2.35,-19.19,40300,-8.73,1.93,-1.98
40310,2.81,-7.38,-18.11,40310,-8.73,2.33,-2.21
40320,1.80,-5.98,-19.84,40320,-8.73,2.73,-2.18
40330,1.62,1.59,-19.24,40330,-8.73,3.20,-1.91
40340,0.19,7.91,-13.67,40340,-8.73,3.67,-1.30
40350,0.03,7.41,-0.23,40350,-8.73,3.78,-0.57
40360,-0.40,1.57,11.71,40360,-7.19,3.19,-0.14
40370,0.02,-3.62,17.46,40370,-5.76,2.31,-0.25
40380,0.86,-6.44,19.08,40380,-4.66,1.39,-0.65
40390,1.45,-6.42,17.54,40390,-4.42,0.50,-1.28
40400,1.37,-3.20,11.81,40400,-3.86,-0.24,-1.84
40410,1.57,2.63,5.24,40410,-3.31,-0.73,-2.19
40420,1.77,7.09,-1.85,40420,-1.78,-0.81,-2.26
40430,-0.20,25.01,10.03,40430,-1.32,-1.35,-1.95
40440,1.60,23.28,-2.07,40440,-0.53,-1.58,-1.08
40450,1.15,22.02,-6.42,40450,-0.02,-1.61,-0.35
40460,1.28,15.49,-10.80,40460,0.04,-1.23,0.16
40470,1.52,10.33,-12.95,40470,0.16,-0.80,0.31
40480,2.11,10.89,-14.79,40480,0.69,-0.20,0.31
40490,2.19,14.03,-7.64,40490,1.55,0.24,0.45
40500,1.49,16.91,-0.41,40500,1.99,0.28,0.74
40510,0.87,18.34,3.31,40510,2.63,0.04,1.17
40520,0.99,17.95,3.59,40520,3.45,-0.29,1.71
40530,1.29,16.21,0.19,40530,4.08,-0.48,2.16
40540,1.78,13.55,-3.63,40540,5.08,-0.43,2.56
40550,2.10,11.22,-5.29,40550,7.06,-0.21,2.91
40560,2.55,9.91,-3.41,40560,8.73,0.06,3.24
40570,1.68,8.80,-3.13,40570,8.73,0.25,3.47
40580,3.12,7.53,6.46,40580,8.73,0.34,3.70
40590,2.65,7.61,14.44,40590,8.73,-0.16,3.89
40600,1.60,7.17,12.21,40600,8.73,-0.75,4.22
40610,2.25,3.25,6.96,40610,8.73,-1.05,4.61
40620,1.65,0.95,3.11,40620,8.73,-0.99,4.94
40630,0.66,0.93,2.70,40630,8.73,-0.72,5.26
40640,1.00,1.83,0.30,40640,8.73,-0.31,5.53
40650,0.50,-0.52,3.66,40650,8.73,0.09,5.74
40660,-1.49,-3.00,5.28,40660,8.73,0.45,5.82
40670,-2.51,-6.99,7.30,40670,8.73,0.80,5.77
40680,-2.51,-11.69,12.19,40680,8.73,1.05,5.46
40690,-2.70,-16.45,16.89,40690,8.73,1.00,4.83
40700,-1.74,-20.27,19.69,40700,8.73,0.75,4.01
40710,-2.68,-24.96,19.14,40710,7.40,0.19,2.97
40720,-1.98,-27.34,13.64,40720,3.49,-0.27,1.92
40730,-1.18,-27.04,7.00,40730,0.75,-0.44,0.96
40740,-1.02,-24.07,4.36,40740,-0.80,-0.40,0.17
40750,-0.84,-21.06,5.85,40750,-1.33,-0.40,-0.31
40760,-0.75,-18.11,7.04,40760,-1.76,-0.57,-0.66
40770,-0.45,-14.81,5.57,40770,-2.13,-0.80,-0.89
40780,0.22,-11.93,2.25,40780,-2.56,-0.94,-1.00
40790,0.85,-9.86,-1.77,40790,-2.94,-0.91,-1.01
40800,1.64,-8.57,-4.21,40800,-3.11,-0.75,-0.97
40810,2.01,-7.51,-5.41,40810,-2.77,-0.52,-0.84
40820,1.43,-7.57,-4.41,40820,-2.27,-0.26,-0.67
40830,1.52,-6.22,-2.94,40830,-2.01,-0.10,-0.54
40840,1.59,-5.69,-0.47,40840,-2.68,-0.03,-0.37
40850,1.12,-8.39,0.32,40850,-3.88,-0.06,-0.27
40860,0.79,-11.27,0.04,40860,-5.59,-0.04,-0.38
40870,0.78,-13.41,-0.47,40870,-8.09,-0.02,-0.69
40880,1.08,-16.61,-1.39,40880,-8.73,0.04,-1.15
40890,1.89,-20.10,-3.22,40890,-8.73,0.15,-1.79
40900,0.76,-21.69,-5.21,40900,-8.73,0.30,-2.49
40910,0.11,-21.90,-6.55,40910,-8.73,0.59,-3.19
40920,0.88,-18.44,-7.17,40920,-8.73,0.98,-3.69
40930,-0.15,-12.15,-5.36,40930,-8.73,1.26,-3.93
40940,0.94,-6.60,-3.73,40940,-8.73,1.41,-3.88
40950,1.20,-2.45,-2.07,40950,-8.73,1.46,-3.67
40960,1.47,0.65,0.16,40960,-8.73,1.41,-3.37
40970,2.11,2.78,2.09,40970,-8.73,1.25,-3.08
40980,2.14,4.13,3.07,40980,-8.73,1.00,-2.78
40990,2.54,4.24,2.55,40990,-8.73,0.73,-2.52
41000,2.60,3.05,1.54,41000,-8.73,0.50,-2.35
41010,2.35,1.95,1.04,41010,-8.43,0.30,-2.26
41020,2.40,3.23,0.72,41020,-6.59,0.06,-2.22
41030,3.09,6.34,0.73,41030,-4.16,-0.23,-2.06
41040,1.89,11.19,-0.77,41040,-1.74,-0.52,-1.73
41050,1.68,14.61,-2.13,41050,0.21,-0.77,-1.20
41060,2.15,15.48,-3.50,41060,1.52,-0.98,-0.60
41070,2.53,13.48,-6.03,41070,2.30,-1.11,-0.01
41080,3.03,9.91,-9.21,41080,2.46,-1.08,0.30
41090,2.98,6.87,-10.86,41090,2.54,-0.97,0.42
41100,3.17,5.48,-12.64,41100,2.40,-0.80,0.41
41110,3.21,5.21,-13.61,41110,2.10,-0.57,0.35
41120,3.44,5.62,-13.22,41120,1.47,-0.33,0.30
41130,3.31,5.40,-12.41,41130,0.72,-0.14,0.27
41140,3.15,4.10,-11.75,41140,0.13,-0.01,0.23
41150,3.07,2.99,-11.27,41150,-0.27,0.09,0.15
41160,3.04,2.56,-10.30,41160,-0.32,0.18,0.06
41170,3.08,3.07,-8.83,41170,-0.18,0.20,-0.01
41180,2.88,3.53,-7.40,41180,-0.06,0.14,-0.05
41190,2.90,5.05,-5.98,41190,0.23,0.04,-0.04
41200,2.79,5.96,-5.48,41200,0.39,-0.11,0.04
41210,2.94,5.47,-6.07,41210,0.42,-0.27,0.12
41220,2.85,4.50,-7.21,41220,0.51,-0.37,0.15
41230,3.03,3.81,-8.40,41230,0.56,-0.42,0.13
41240,3.20,3.75,-10.17,41240,0.52,-0.42,0.09
41250,3.23,3.81,-11.86,41250,0.45,-0.33,0.05
41260,3.37,3.93,-12.85,41260,0.30,-0.17,0.03
41270,3.19,3.91,-12.72,41270,0.13,0.02,0.00
41280,3.11,4.34,-11.40,41280,0.02,0.18,-0.01
41290,2.88,5.06,-9.58,41290,-0.12,0.25,0.00
41300,2.69,5.23,-7.83,41300,-0.21,0.21,0.08
41310,2.70,4.43,-7.51,41310,-0.17,0.12,0.16
41320,2.79,3.49,-7.65,41320,-0.02,0.04,0.19
41330,2.91,2.43,-8.11,41330,0.17,-0.04,0.20
41340,2.90,1.48,-8.82,41340,0.45,-0.08,0.17
41350,2.93,1.19,-9.51,41350,0.70,-0.10,0.11
41360,2.97,1.34,-10.18,41360,0.93,-0.08,0.05
41370,2.93,1.53,-10.71,41370,1.11,-0.04,-0.00
41380,2.97,1.50,-10.86,41380,1.18,0.04,-0.04
41390,2.86,1.41,-10.45,41390,1.17,0.12,-0.09
41400,2.83,1.20,-10.02,41400,1.05,0.16,-0.14
41410,2.74,1.12,-9.79,41410,0.92,0.18,-0.20
41420,2.81,1.14,-9.63,41420,0.87,0.20,-0.25
41430,2.84,1.29,-9.30,41430,0.89,0.22,-0.30
41440,2.87,1.86,-8.30,41440,1.03,0.21,-0.32
41450,3.01,2.76,-7.57,41450,1.28,0.15,-0.30
41460,3.01,3.18,-7.56,41460,1.68,0.05,-0.22
41470,3.15,3.08,-8.11,41470,2.12,-0.04,-0.12
41480,3.29,2.36,-8.85,41480,2.40,-0.11,-0.04
41490,3.33,1.29,-9.70,41490,2.44,-0.15,-0.01
41500,3.44,0.37,-10.68,41500,2.33,-0.16,-0.04
41510,3.51,-0.15,-11.82,41510,2.10,-0.12,-0.10
41520,3.58,-0.25,-12.51,41520,1.83,-0.02,-0.16
41530,3.34,-0.16,-12.88,41530,1.54,0.09,-0.20
41540,3.46,-0.10,-12.77,41540,1.39,0.21,-0.21
41550,3.31,-0.27,-12.18,41550,1.49,0.32,-0.20
41560,3.25,-0.30,-10.96,41560,1.70,0.38,-0.19
41570,3.15,-0.51,-9.52,41570,1.81,0.37,-0.19
41580,3.19,-0.84,-8.39,41580,1.87,0.29,-0.22
41590,3.33,-0.83,-8.06,41590,1.80,0.19,-0.28
41600,3.43,-0.57,-8.11,41600,1.61,0.09,-0.35
41610,3.53,-0.70,-8.65,41610,1.42,0.00,-0.41
41620,3.22,-0.51,-9.55,41620,1.21,-0.05,-0.47
41630,3.31,-0.12,-10.69,41630,1.03,-0.06,-0.52
41640,3.23,0.31,-11.58,41640,0.96,-0.03,-0.52
41650,3.06,0.62,-11.70,41650,1.07,0.03,-0.48
41660,3.09,0.62,-11.55,41660,1.25,0.08,-0.42
41670,2.97,0.34,-11.42,41670,1.42,0.13,-0.37
41680,2.89,-0.01,-10.84,41680,1.52,0.17,-0.33
41690,2.83,-0.26,-10.01,41690,1.56,0.18,-0.31
41700,2.74,-0.45,-8.79,41700,1.49,0.16,-0.30
41710,2.65,-0.56,-7.75,41710,1.31,0.08,-0.31
41720,2.80,-0.68,-7.34,41720,1.06,-0.03,-0.34
41730,2.50,-0.75,-7.92,41730,0.80,-0.15,-0.40
41740,2.61,-0.05,-9.31,41740,0.61,-0.23,-0.45
41750,2.73,0.90,-10.30,41750,0.57,-0.23,-0.44
41760,2.70,1.70,-10.85,41760,0.62,-0.19,-0.37
41770,2.74,2.29,-11.02,41770,0.72,-0.13,-0.26
41780,2.73,2.59,-10.64,41780,0.80,-0.09,-0.12
41790,2.69,2.22,-10.27,41790,0.80,-0.06,0.01
41800,2.74,1.38,-9.96,41800,0.72,-0.04,0.13
41810,2.68,0.44,-9.41,41810,0.64,-0.02,0.20
41820,2.72,-0.37,-8.88,41820,0.47,-0.03,0.25
41830,2.66,-1.38,-8.38,41830,0.30,-0.06,0.28
41840,2.75,-2.38,-8.15,41840,0.15,-0.11,0.27
41850,2.75,-3.28,-8.10,41850,0.10,-0.16,0.24
41860,2.70,-4.09,-7.94,41860,0.18,-0.22,0.19
41870,2.42,-5.44,-8.34,41870,0.13,-0.30,0.08
41880,2.85,-6.81,-11.20,41880,-0.29,-0.35,-0.10
41890,3.96,-5.51,-14.74,41890,-0.28,-0.14,-0.30
41900,2.90,-4.04,-10.90,41900,0.28,-0.04,-0.38
41910,2.71,-3.23,-11.31,41910,-0.01,0.00,-0.45
41920,3.09,-1.92,-10.20,41920,0.13,0.07,-0.43
41930,2.94,-1.27,-8.65,41930,0.15,0.05,-0.37
41940,3.03,-0.57,-9.33,41940,-0.02,0.01,-0.30
41950,3.53,4.09,-13.59,41950,0.63,0.06,-0.05
41960,3.17,1.24,-10.55,41960,0.80,0.24,0.29
41970,2.82,-3.04,-6.88,41970,0.59,0.16,0.33
41980,3.19,-2.83,-8.69,41980,0.59,0.05,0.27
41990,3.42,-2.76,-9.70,41990,0.53,0.04,0.24
42000,4.23,-3.02,-9.35,42000,0.38,0.04,0.20
42010,4.03,-3.38,-8.78,42010,0.21,0.04,0.17
42020,2.96,-4.92,-8.30,42020,0.48,-0.02,0.10
42030,3.92,-3.41,-9.29,42030,0.48,-0.05,0.01
42040,3.93,-2.83,-9.86,42040,0.62,-0.03,-0.00
42050,4.42,-1.14,-10.20,42050,0.28,0.11,-0.08
42060,6.17,1.11,-11.48,42060,-0.97,0.25,0.24
42070,5.69,-3.85,-7.75,42070,-1.31,0.32,0.38
42080,2.07,-5.49,-6.65,42080,-1.05,0.08,0.38
42090,3.36,-4.40,-4.62,42090,-0.64,-0.29,0.21
42100,3.48,-4.83,-5.40,42100,-1.02,-0.63,-0.06
42110,3.70,-4.14,-6.34,42110,-0.84,-0.93,-0.18
42120,3.42,-3.07,-7.66,42120,-0.65,-1.13,-0.20
42130,3.06,-1.92,-8.95,42130,-0.44,-1.23,-0.12
42140,2.55,-1.26,-10.13,42140,-0.22,-1.20,0.01
42150,2.35,-1.13,-11.32,42150,0.05,-1.07,0.17
42160,2.19,-1.11,-12.10,42160,0.14,-0.86,0.31
42170,1.85,-1.54,-12.54,42170,0.07,-0.62,0.43
42180,1.56,-2.04,-12.63,42180,0.04,-0.34,0.53
42190,1.51,-2.24,-12.27,42190,-0.19,-0.14,0.58
42200,1.33,-2.45,-11.56,42200,-0.18,0.01,0.59
42210,1.17,-2.45,-10.97,42210,-0.25,0.12,0.55
42220,0.69,-2.50,-10.52,42220,-0.59,0.17,0.47
42230,0.62,-2.69,-10.33,42230,-0.75,0.15,0.41
42240,1.27,-2.64,-10.23,42240,-0.60,0.11,0.37
42250,1.67,-2.20,-10.10,42250,-0.48,0.08,0.32
42260,1.60,-1.98,-9.95,42260,-0.37,0.07,0.24
42270,1.65,-2.28,-9.99,42270,-0.22,0.06,0.15
42280,1.63,-2.55,-9.89,42280,-0.06,0.04,0.05
42290,1.74,-3.02,-9.94,42290,-0.00,0.02,-0.08
42300,1.44,-2.70,-9.92,42300,0.04,-0.01,-0.18
42310,1.30,-2.00,-9.88,42310,-0.01,-0.03,-0.24
42320,1.09,-1.46,-9.84,42320,-0.09,-0.05,-0.26
42330,1.32,-1.08,-10.10,42330,-0.17,-0.02,-0.24
42340,1.41,-1.00,-10.10,42340,-0.21,0.02,-0.20
42350,1.70,-0.79,-10.03,42350,-0.18,0.07,-0.13
42360,1.92,-0.79,-9.72,42360,-0.15,0.11,-0.05
42370,2.21,-0.97,-9.47,42370,-0.04,0.12,0.06
42380,2.39,-1.27,-9.20,42380,0.05,0.12,0.17
42390,2.47,-1.46,-8.92,42390,0.13,0.08,0.26
42400,2.21,-1.72,-8.66,42400,0.12,0.01,0.36
42410,2.06,-2.24,-8.69,42410,0.06,-0.08,0.41
42420,1.97,-2.65,-8.98,42420,0.01,-0.16,0.42
42430,1.92,-2.83,-9.28,42430,-0.09,-0.21,0.39
42440,1.90,-3.08,-9.82,42440,-0.18,-0.22,0.32
42450,2.01,-3.15,-10.13,42450,-0.20,-0.20,0.21
42460,2.21,-3.18,-10.31,42460,-0.19,-0.14,0.08
42470,2.36,-3.22,-10.46,42470,-0.22,-0.08,-0.06
42480,2.50,-3.22,-10.41,42480,-0.24,-0.02,-0.20
42490,2.40,-2.94,-10.08,42490,-0.24,0.03,-0.32
42500,2.61,-2.76,-9.96,42500,-0.24,0.04,-0.42
42510,2.65,-2.43,-9.72,42510,-0.18,0.04,-0.50
42520,2.62,-2.05,-9.64,42520,-0.11,0.02,-0.54
42530,2.57,-1.67,-9.53,42530,-0.05,-0.01,-0.56
42540,2.59,-1.29,-9.46,42540,-0.09,-0.03,-0.56
42550,2.36,-1.00,-9.40,42550,-0.21,-0.07,-0.53
42560,2.31,-0.55,-9.67,42560,-0.14,-0.11,-0.46
42570,2.37,-0.10,-9.82,42570,-0.16,-0.12,-0.34
42580,2.47,-0.04,-10.10,42580,-0.20,-0.12,-0.21
42590,2.49,-0.17,-10.31,42590,-0.20,-0.10,-0.08
42600,2.54,-0.28,-10.37,42600,-0.19,-0.06,0.05
42610,2.51,-0.39,-10.33,42610,-0.12,-0.04,0.16
42620,2.29,-0.41,-10.06,42620,-0.09,-0.03,0.26
42630,2.24,-0.71,-9.97,42630,-0.10,-0.04,0.33
42640,2.07,-1.19,-9.98,42640,-0.08,-0.06,0.39
42650,1.93,-1.71,-10.22,42650,-0.06,-0.09,0.43
42660,1.93,-2.08,-10.41,42660,-0.08,-0.10,0.42
42670,1.80,-2.48,-10.54,42670,-0.08,-0.08,0.37
42680,1.81,-2.71,-10.55,42680,-0.05,-0.04,0.28
42690,1.77,-2.95,-10.64,42690,-0.02,0.01,0.18
42700,1.80,-2.91,-10.53,42700,0.01,0.07,0.08
42710,1.77,-2.70,-10.33,42710,0.02,0.12,0.00
42720,1.89,-2.53,-9.96,42720,0.03,0.14,-0.06
42730,1.99,-2.58,-9.84,42730,0.01,0.14,-0.10
42740,2.05,-2.58,-9.70,42740,0.00,0.13,-0.13
42750,2.00,-2.39,-9.62,42750,0.02,0.11,-0.14
42760,2.08,-2.21,-9.50,42760,0.00,0.09,-0.13
42770,2.24,-2.08,-9.60,42770,0.01,0.08,-0.11
42780,2.30,-1.86,-9.49,42780,0.02,0.08,-0.08
42790,2.39,-1.65,-9.41,42790,-0.01,0.08,-0.04
42800,2.42,-1.72,-9.29,42800,-0.01,0.08,-0.01
42810,2.46,-1.74,-9.17,42810,-0.03,0.07,0.00
42820,2.35,-1.72,-9.02,42820,-0.08,0.04,0.01
42830,2.21,-1.78,-9.02,42830,-0.07,0.00,0.01
42840,2.20,-1.78,-9.15,42840,-0.04,-0.03,0.02
42850,2.24,-1.76,-9.39,42850,-0.05,-0.06,0.04
42860,2.37,-1.79,-9.59,42860,-0.04,-0.06,0.05
42870,2.43,-1.73,-9.68,42870,-0.01,-0.05,0.07
42880,2.43,-1.48,-9.67,42880,0.07,-0.04,0.09
42890,2.36,-1.23,-9.59,42890,0.12,-0.02,0.11
42900,2.43,-1.23,-9.47,42900,0.12,-0.01,0.12
42910,2.40,-1.57,-9.44,42910,0.13,-0.01,0.13
42920,2.38,-1.91,-9.50,42920,0.16,-0.03,0.13
42930,2.23,-1.98,-9.53,42930,0.20,-0.06,0.12
42940,1.98,-2.14,-9.62,42940,0.19,-0.09,0.10
42950,2.05,-2.26,-9.96,42950,0.12,-0.10,0.06
42960,1.97,-2.42,-10.21,42960,0.02,-0.11,0.03
42970,2.06,-2.54,-10.37,42970,-0.04,-0.10,0.01
42980,2.12,-2.19,-10.45,42980,-0.08,-0.09,0.01
42990,2.02,-1.71,-10.24,42990,-0.11,-0.08,0.01
43000,2.00,-1.55,-10.18,43000,-0.11,-0.07,0.03
43010,1.92,-1.77,-10.24,43010,-0.11,-0.06,0.05
43020,1.97,-1.97,-10.41,43020,-0.09,-0.05,0.07
43030,1.90,-2.09,-10.40,43030,-0.08,-0.03,0.09
43040,1.92,-2.23,-10.38,43040,-0.06,-0.01,0.10
43050,1.90,-2.20,-10.35,43050,-0.03,0.03,0.10
43060,2.06,-2.30,-10.24,43060,-0.02,0.07,0.11
43070,2.26,-2.24,-10.10,43070,0.01,0.10,0.12
43080,2.29,-2.06,-9.84,43080,0.03,0.11,0.14
43090,2.42,-1.99,-9.70,43090,0.04,0.11,0.15
43100,2.35,-2.08,-9.57,43100,0.03,0.10,0.16
43110,2.45,-2.18,-9.52,43110,0.07,0.08,0.17
43120,2.49,-2.34,-9.60,43120,0.03,0.05,0.18
43130,2.42,-2.56,-9.62,43130,-0.02,0.03,0.17
43140,2.43,-2.72,-9.69,43140,-0.06,0.00,0.15
43150,2.31,-2.90,-9.80,43150,-0.09,-0.01,0.11
43160,2.38,-3.06,-9.90,43160,-0.10,-0.02,0.07
43170,2.28,-2.93,-9.92,43170,-0.12,-0.02,0.03
43180,2.36,-2.70,-9.94,43180,-0.14,-0.01,-0.01
43190,2.30,-2.44,-9.88,43190,-0.13,-0.00,-0.02
43200,2.29,-2.25,-9.79,43200,-0.11,0.01,-0.02
43210,2.37,-2.22,-9.76,43210,-0.10,0.02,0.00
43220,2.46,-2.24,-9.73,43220,-0.08,0.03,0.03
43230,2.49,-2.23,-9.65,43230,-0.09,0.03,0.04
43240,2.55,-2.11,-9.54,43240,-0.11,0.02,0.05
43250,2.48,-2.11,-9.46,43250,-0.13,-0.00,0.05
43260,2.46,-2.08,-9.39,43260,-0.11,-0.04,0.07
43270,2.37,-2.15,-9.47,43270,-0.14,-0.07,0.07
43280,2.23,-2.23,-9.70,43280,-0.12,-0.10,0.07
43290,2.12,-2.21,-9.92,43290,-0.11,-0.09,0.06
43300,2.09,-2.29,-10.11,43300,-0.13,-0.08,0.03
43310,2.13,-2.40,-10.21,43310,-0.10,-0.05,0.01
43320,2.13,-2.35,-10.27,43320,-0.07,-0.02,0.00
43330,2.19,-2.27,-10.14,43330,-0.05,0.01,-0.00
43340,2.17,-2.28,-10.06,43340,-0.07,0.03,-0.01
43350,2.04,-2.15,-9.92,43350,-0.04,0.04,-0.01
43360,1.97,-2.00,-9.87,43360,-0.02,0.04,-0.01
43370,2.02,-2.07,-9.77,43370,-0.04,0.04,-0.00
43380,2.15,-2.28,-9.79,43380,-0.07,0.04,-0.00
43390,2.14,-2.20,-9.69,43390,-0.08,0.03,0.00
43400,2.01,-2.06,-9.60,43400,-0.11,0.02,0.00
43410,2.11,-2.00,-9.59,43410,-0.10,0.01,0.00
43420,2.15,-1.92,-9.59,43420,-0.08,0.00,0.00
43430,2.17,-1.99,-9.50,43430,-0.12,-0.01,0.00
43440,2.20,-2.12,-9.61,43440,-0.13,-0.02,0.01
43450,2.23,-2.07,-9.61,43450,-0.12,-0.03,0.02
43460,2.21,-1.93,-9.56,43460,-0.10,-0.05,0.04
43470,2.17,-1.80,-9.73,43470,-0.09,-0.06,0.07
43480,2.17,-1.88,-9.74,43480,-0.10,-0.06,0.10
43490,2.12,-2.09,-9.92,43490,-0.08,-0.06,0.13
43500,2.20,-2.18,-10.08,43500,-0.07,-0.05,0.15
43510,2.21,-2.27,-10.13,43510,-0.08,-0.04,0.15
43520,2.18,-2.47,-10.06,43520,-0.06,-0.01,0.15
43530,2.31,-2.45,-10.03,43530,-0.05,0.01,0.13
43540,2.38,-2.60,-9.90,43540,-0.06,0.02,0.12
43550,2.43,-2.70,-9.86,43550,-0.06,0.03,0.09
43560,2.53,-2.69,-9.78,43560,-0.05,0.03,0.06
43570,2.57,-2.65,-9.67,43570,-0.07,0.02,0.03
43580,2.53,-2.62,-9.59,43580,-0.06,0.01,0.00
43590,2.52,-2.55,-9.65,43590,-0.05,-0.01,-0.02
43600,2.44,-2.32,-9.67,43600,-0.04,-0.03,-0.03
43610,2.32,-2.12,-9.72,43610,-0.05,-0.05,-0.03
43620,2.21,-1.94,-9.86,43620,-0.05,-0.07,-0.02
43630,2.26,-1.86,-10.05,43630,-0.06,-0.06,0.00
43640,2.25,-1.97,-10.13,43640,-0.07,-0.04,0.03
43650,2.26,-2.11,-10.14,43650,-0.07,-0.01,0.05
43660,2.28,-2.27,-10.08,43660,-0.11,0.01,0.05
43670,2.23,-2.34,-9.83,43670,-0.10,0.01,0.04
43680,2.24,-2.32,-9.65,43680,-0.08,-0.00,0.02
43690,2.23,-2.31,-9.57,43690,-0.10,-0.02,0.00
43700,2.17,-2.30,-9.62,43700,-0.08,-0.05,-0.01
43710,2.07,-2.21,-9.75,43710,-0.09,-0.07,-0.01
43720,1.88,-2.11,-9.93,43720,-0.08,-0.07,-0.01
43730,1.98,-2.00,-10.24,43730,-0.07,-0.05,-0.01
43740,1.95,-1.92,-10.16,43740,-0.12,-0.02,-0.01
43750,1.99,-1.88,-10.07,43750,-0.09,0.01,0.00
43760,2.09,-1.81,-9.80,43760,-0.09,0.04,0.01
43770,2.11,-1.97,-9.68,43770,-0.08,0.04,0.02
43780,2.12,-2.08,-9.52,43780,-0.06,0.02,0.04
43790,2.06,-2.11,-9.56,43790,-0.06,-0.00,0.05
43800,2.02,-2.18,-9.71,43800,-0.10,-0.03,0.07
43810,1.97,-2.15,-9.77,43810,-0.11,-0.05,0.08
43820,2.02,-2.21,-10.04,43820,-0.14,-0.05,0.08
43830,2.03,-2.23,-10.11,43830,-0.14,-0.04,0.08
43840,2.06,-2.39,-10.31,43840,-0.14,-0.01,0.07
43850,2.22,-2.52,-10.20,43850,-0.12,0.02,0.06
43860,2.25,-2.44,-10.04,43860,-0.12,0.05,0.04
43870,2.22,-2.36,-9.76,43870,-0.10,0.05,0.03
43880,2.21,-2.36,-9.69,43880,-0.08,0.04,0.01
43890,2.29,-2.29,-9.65,43890,-0.07,0.03,-0.01
43900,2.36,-2.32,-9.82,43900,-0.07,0.01,-0.03
43910,2.38,-2.21,-9.94,43910,-0.08,0.00,-0.04
43920,2.32,-2.15,-9.94,43920,-0.10,-0.00,-0.04
43930,2.27,-2.04,-9.96,43930,-0.11,-0.01,-0.02
43940,2.20,-1.92,-9.92,43940,-0.13,-0.02,0.01
43950,2.23,-1.86,-10.00,43950,-0.13,-0.02,0.04
43960,2.25,-1.87,-10.02,43960,-0.15,-0.01,0.06
43970,2.26,-1.96,-10.01,43970,-0.15,0.01,0.08
43980,2.21,-1.96,-9.97,43980,-0.13,0.03,0.08
43990,2.19,-2.11,-9.90,43990,-0.14,0.04,0.08
44000,2.21,-2.34,-9.85,44000,-0.11,0.05,0.06
44010,2.32,-2.46,-9.92,44010,-0.10,0.05,0.03
44020,2.38,-2.44,-9.69,44020,-0.13,0.04,-0.00
44030,2.32,-2.49,-9.60,44030,-0.16,0.03,-0.03
44040,2.35