,,,,,GyroX,GyroY,GyroZ,GyroX_MAX,GyroX_MIN,GyroY_MAX,GyroY_MIN,GyroZ_MAX,GyroZ_MIN,GyroX_DIFF,GyroY_DIFF,GyroZ_DIFF
38860,2.23,-3.28,-9.12,38860,0.07,-0.07,-0.05,8.73,-5.58,8.73,-8.73,4.48,-3.6,14.31,17.46,8.08
38870,2.19,-3.09,-9.14,38870,-0.08,-0.11,-0.1,,,,,,,,,
38880,2.19,-3.09,-8.85,38880,-0.16,-0.17,-0.14,,,,,,,,,
38890,2.1,-2.93,-9.05,38890,-0.15,-0.21,-0.16,,,,,,,,,
38900,2.42,-2.74,-9.4,38900,-0.18,-0.23,-0.18,,,,,,,,,
38910,2.18,-2.45,-9.31,38910,-0.37,-0.22,-0.18,,,,,,,,,
38920,2.04,-2.2,-9.24,38920,-0.37,-0.26,-0.15,,,,,,,,,
38930,2.25,-2.42,-9.48,38930,-0.32,-0.3,-0.11,,,,,,,,,
38940,1.98,-2.67,-9.81,38940,-0.41,-0.32,-0.1,,,,,,,,,
38950,2.13,-3.08,-9.96,38950,-0.3,-0.36,-0.11,,,,,,,,,
38960,2.14,-3.37,-10.27,38960,-0.22,-0.35,-0.14,,,,,,,,,
38970,2.1,-3.45,-10.42,38970,-0.22,-0.32,-0.19,,,,,,,,,
38980,2.15,-3.17,-10.57,38980,-0.28,-0.27,-0.25,,,,,,,,,
38990,2.17,-2.8,-10.73,38990,-0.22,-0.23,-0.27,,,,,,,,,
39000,1.94,-2.74,-10.85,39000,-0.29,-0.18,-0.29,,,,,,,,,
39010,1.94,-2.49,-11.12,39010,-0.45,-0.12,-0.31,,,,,,,,,
39020,1.66,-2.15,-11.01,39020,-0.49,-0.07,-0.31,,,,,,,,,
39030,1.54,-1.71,-11.15,39030,-0.42,-0.03,-0.29,,,,,,,,,
39040,1.8,-1.61,-11.28,39040,-0.49,0.04,-0.24,,,,,,,,,
39050,2.08,-1.52,-11.29,39050,-0.6,0.11,-0.15,,,,,,,,,
39060,2.24,-1.79,-11.23,39060,-0.54,0.23,-0.04,,,,,,,,,
39070,2.19,-2.21,-10.94,39070,-0.43,0.34,0.05,,,,,,,,,
39080,1.64,-2.39,-10.53,39080,-0.17,0.43,0.11,,,,,,,,,
39090,2.14,-2.68,-9.98,39090,0.1,0.46,0.14,,,,,,,,,
39100,2.25,-3.77,-9.93,39100,0.23,0.5,0.08,,,,,,,,,
39110,2.06,-4.43,-9.85,39110,0.22,0.54,-0.05,,,,,,,,,
39120,1.91,-4.67,-9.63,39120,0.22,0.53,-0.23,,,,,,,,,
39130,1.95,-4.37,-9.45,39130,0.1,0.49,-0.42,,,,,,,,,
39140,2.43,-3.68,-9.12,39140,0.02,0.44,-0.55,,,,,,,,,
39150,2.87,-2.85,-8.67,39150,-0.28,0.39,-0.63,,,,,,,,,
39160,3.14,-2.43,-8.23,39160,-0.43,0.34,-0.65,,,,,,,,,
39170,3.29,-2.34,-8.15,39170,-0.28,0.27,-0.63,,,,,,,,,
39180,3.17,-2.58,-8.32,39180,-0.1,0.2,-0.61,,,,,,,,,
39190,3.03,-3.02,-8.68,39190,0.1,0.09,-0.63,,,,,,,,,
39200,2.27,-3.65,-9.3,39200,0.11,-0.03,-0.68,,,,,,,,,
39210,1.64,-4.3,-10.34,39210,0.05,-0.18,-0.79,,,,,,,,,
39220,1.15,-4.26,-11.41,39220,-0.03,-0.26,-0.95,,,,,,,,,
39230,1.36,-3.74,-12.34,39230,-0.22,-0.27,-1.1,,,,,,,,,
39240,1.49,-2.6,-13.32,39240,-0.07,-0.17,-1.18,,,,,,,,,
39250,2.15,-1.6,-13.48,39250,0.3,0.06,-1.18,,,,,,,,,
39260,3.42,-1.24,-13.6,39260,0.71,0.39,-1.14,,,,,,,,,
39270,4.3,-1.21,-13.29,39270,1.01,0.76,-1.07,,,,,,,,,
39280,3.65,-1.47,-12.59,39280,0.78,1.12,-1.04,,,,,,,,,
39290,2.71,-1.66,-11.67,39290,0.63,1.37,-1.02,,,,,,,,,
39300,2.36,-1.43,-10.86,39300,0.89,1.51,-0.98,,,,,,,,,
39310,2.28,-0.91,-10.54,39310,1.3,1.59,-0.89,,,,,,,,,
39320,2.4,-0.26,-10.33,39320,1.58,1.63,-0.76,,,,,,,,,
39330,2.43,0.08,-9.94,39330,1.71,1.63,-0.57,,,,,,,,,
39340,2.48,-0.42,-9.53,39340,1.86,1.66,-0.4,,,,,,,,,
39350,3.13,-1.67,-8.72,39350,1.95,1.66,-0.29,,,,,,,,,
39360,3.34,-2.73,-7.94,39360,2,1.63,-0.25,,,,,,,,,
39370,3.42,-3.59,-7.11,39370,2.05,1.59,-0.29,,,,,,,,,
39380,3.73,-4.1,-6.55,39380,1.69,1.55,-0.43,,,,,,,,,
39390,3.12,-4.11,-6.23,39390,1.71,1.46,-0.58,,,,,,,,,
39400,3.21,-3.38,-6.15,39400,1.51,1.34,-0.69,,,,,,,,,
39410,3.35,-2.24,-6.24,39410,1.25,1.23,-0.73,,,,,,,,,
39420,3.74,-1.55,-6.04,39420,0.99,1.14,-0.69,,,,,,,,,
39430,4.09,-1.79,-5.77,39430,0.78,1.05,-0.59,,,,,,,,,
39440,4.9,-2.1,-5.26,39440,0.67,0.93,-0.46,,,,,,,,,
39450,4.73,-2.55,-4.76,39450,0.56,0.76,-0.32,,,,,,,,,
39460,4.33,-2.54,-4.41,39460,0.33,0.55,-0.23,,,,,,,,,
39470,3.86,-2.32,-4.67,39470,0.29,0.31,-0.12,,,,,,,,,
39480,3.82,-2.28,-5.58,39480,0.22,0.09,-0.01,,,,,,,,,
39490,4.51,-2.68,-6.48,39490,0.1,-0.06,0.1,,,,,,,,,
39500,4.36,-2.74,-7.39,39500,-0.02,-0.14,0.22,,,,,,,,,
39510,4.3,-3.26,-8.31,39510,-0.27,-0.14,0.28,,,,,,,,,
39520,4.29,-3.71,-8.93,39520,-0.31,-0.1,0.33,,,,,,,,,
39530,4.65,-3.87,-9.09,39530,-0.58,-0.06,0.36,,,,,,,,,
39540,5.18,-3.92,-8.93,39540,-0.85,-0.02,0.42,,,,,,,,,
39550,5.83,-4.23,-8.53,39550,-1.08,0.01,0.48,,,,,,,,,
39560,5.85,-4.21,-7.36,39560,-1.26,-0.01,0.52,,,,,,,,,
39570,5.94,-4.19,-5.74,39570,-1.45,-0.19,0.59,,,,,,,,,
39580,7.07,-5.61,-5.98,39580,-1.54,-0.39,0.62,,,,,,,,,
39590,6.85,-7.03,-6.79,39590,-1.31,-0.51,0.51,,,,,,,,,
39600,6.24,-6.98,-7.16,39600,-1.25,-0.61,0.33,,,,,,,,,
39610,5.99,-7.27,-8.41,39610,-1.17,-0.69,0.11,,,,,,,,,
39620,5.95,-7.31,-9.35,39620,-1.07,-0.69,-0.11,,,,,,,,,
39630,6.17,-7.05,-10.15,39630,-0.86,-0.6,-0.33,,,,,,,,,
39640,6.04,-6.7,-10.28,39640,-0.82,-0.48,-0.53,,,,,,,,,
39650,5.86,-6.02,-10.03,39650,-0.73,-0.36,-0.71,,,,,,,,,
39660,5.84,-5.21,-9.26,39660,-0.7,-0.27,-0.85,,,,,,,,,
39670,5.87,-4.55,-8.39,39670,-0.63,-0.23,-0.94,,,,,,,,,
39680,5.67,-4.05,-7.81,39680,-0.57,-0.23,-1.02,,,,,,,,,
39690,5.46,-3.62,-7.38,39690,-0.5,-0.24,-1.08,,,,,,,,,
39700,5.11,-3.25,-7.45,39700,-0.35,-0.28,-1.13,,,,,,,,,
39710,4.32,-2.47,-7.86,39710,-0.19,-0.31,-1.13,,,,,,,,,
39720,4.05,-1.44,-8.21,39720,-0.2,-0.34,-1.06,,,,,,,,,
39730,3.74,-1.07,-8.38,39730,-0.34,-0.36,-0.94,,,,,,,,,
39740,4.16,-0.94,-8.96,39740,-0.41,-0.37,-0.8,,,,,,,,,
39750,4.57,-0.49,-9.59,39750,-0.29,-0.34,-0.63,,,,,,,,,
39760,5.1,-0.39,-10.28,39760,-0.18,-0.21,-0.45,,,,,,,,,
39770,4.7,-1.1,-9.15,39770,0.2,-0.09,-0.28,,,,,,,,,
39780,5.21,-1.56,-7.96,39780,0.49,-0.1,-0.15,,,,,,,,,
39790,5.37,-3.11,-7.78,39790,0.35,-0.15,-0.15,,,,,,,,,
39800,4.62,-4.78,-8.18,39800,0.46,-0.18,-0.27,,,,,,,,,
39810,4.6,-5.17,-9.04,39810,0.28,-0.18,-0.51,,,,,,,,,
39820,4,-4.33,-7.09,39820,-0.2,-0.29,-0.73,,,,,,,,,
39830,4.46,-2.45,-6.73,39830,-0.66,-0.55,-0.82,,,,,,,,,
39840,5.32,-0.36,-8.39,39840,-0.77,-0.75,-0.74,,,,,,,,,
39850,5.95,1.36,-10.72,39850,-0.61,-0.75,-0.49,,,,,,,,,
39860,4.1,2.42,-11.91,39860,-0.75,-0.61,-0.19,,,,,,,,,
39870,5.98,1.7,-12.02,39870,-0.32,-0.42,0.13,,,,,,,,,
39880,5.62,0.28,-11.33,39880,-0.18,-0.23,0.36,,,,,,,,,
39890,5.16,-0.69,-9.69,39890,0.11,-0.11,0.49,,,,,,,,,
39900,4.86,-1.16,-8.11,39900,0.25,-0.12,0.56,,,,,,,,,
39910,4.99,-1.33,-7.85,39910,0.08,-0.19,0.58,,,,,,,,,
39920,4.95,-1.11,-8.81,39920,-0.11,-0.24,0.62,,,,,,,,,
39930,6.74,-0.04,-8.65,39930,-1.01,-0.05,0.58,,,,,,,,,
39940,3.72,-2.28,-4.28,39940,-0.77,-0.26,0.73,,,,,,,,,
39950,4.88,-2.59,-3.68,39950,-1.32,-0.6,0.65,,,,,,,,,
39960,4.18,-2.86,-2.87,39960,-1.64,-1.02,0.56,,,,,,,,,
39970,3.97,-4.02,-2.25,39970,-1.86,-1.48,0.39,,,,,,,,,
39980,4.43,-3.54,-4.44,39980,-1.6,-1.86,0.19,,,,,,,,,
39990,4.37,-2.47,-7.55,39990,-1.16,-2.06,0.1,,,,,,,,,
40000,3.46,0.06,-12.14,40000,-0.66,-2.04,0.11,,,,,,,,,
40010,4.13,0.92,-14.51,40010,-0.25,-1.79,0.21,,,,,,,,,
40020,3.75,-2.92,-13.94,40020,0.19,-1.54,0.22,,,,,,,,,
40030,4.6,-1.92,-15.02,40030,0.12,-1.26,0.09,,,,,,,,,
40040,4.69,0.78,-14.94,40040,0.14,-0.93,0.06,,,,,,,,,
40050,4.21,3.67,-13.11,40050,-0.05,-0.62,0.2,,,,,,,,,
40060,3.9,4.01,-10.46,40060,-0.23,-0.5,0.45,,,,,,,,,
40070,3.54,2.31,-8.7,40070,-0.38,-0.55,0.67,,,,,,,,,
40080,3.09,-0.95,-8.7,40080,-0.5,-0.68,0.77,,,,,,,,,
40090,3.09,-3.64,-8.77,40090,-0.68,-0.82,0.7,,,,,,,,,
40100,3.58,-5,-11.21,40100,-0.99,-1.01,0.56,,,,,,,,,
40110,3.02,-5.87,-14.58,40110,-0.67,-1.11,0.41,,,,,,,,,
40120,3.05,-6.12,-20.19,40120,-0.38,-1.07,0.24,,,,,,,,,
40130,3,-5.59,-25.85,40130,0.16,-0.85,0.08,,,,,,,,,
40140,3.39,-3.51,-33.09,40140,0.34,-0.35,-0.03,,,,,,,,,
40150,3.85,-2.01,-39.18,40150,-0.2,0.51,-0.08,,,,,,,,,
40160,4.22,-0.72,-39.23,40160,-1.22,1.72,-0.08,,,,,,,,,
40170,3.15,0.49,-39.23,40170,-1.96,3.07,0.02,,,,,,,,,
40180,1.71,1.65,-39.23,40180,-2.16,4.63,0.25,,,,,,,,,
40190,-2.02,2.9,-39.23,40190,-1.63,6.18,0.62,,,,,,,,,
40200,-6.79,3.76,-39.23,40200,-0.59,7.69,1,,,,,,,,,
40210,-11.11,4.34,-31.75,40210,0.08,8.73,1.28,,,,,,,,,
40220,-13.88,5.57,-20.9,40220,0.11,8.73,1.48,,,,,,,,,
40230,-15.54,7.57,-14.75,40230,-0.38,8.73,1.74,,,,,,,,,
40240,-16.86,7.84,-10.59,40240,-1.07,8.73,2.12,,,,,,,,,
40250,-18.26,3.82,-6.73,40250,-1.39,8.73,2.53,,,,,,,,,
40260,-20.25,-1.96,-1.67,40260,-1.51,8.73,2.67,,,,,,,,,
40270,-20.33,-9.25,6.35,40270,-1.27,8.73,2.52,,,,,,,,,
40280,-19.58,-13.6,14.67,40280,-0.97,8.73,2.04,,,,,,,,,
40290,-18.03,-14.76,22.71,40290,-1.24,8.73,1.43,,,,,,,,,
40300,-15.71,-13.58,27.63,40300,-1.81,8.15,0.85,,,,,,,,,
40310,-15,-14.89,32.7,40310,-3.12,7.09,0.29,,,,,,,,,
40320,-11.99,-20.02,39.23,40320,-3.34,5.74,-0.32,,,,,,,,,
40330,-9.22,-21.31,39.23,40330,-3.25,4.03,-1.19,,,,,,,,,
40340,-6.95,-18.98,39.23,40340,-2.49,1.93,-2.01,,,,,,,,,
40350,-6.2,-9.89,39.23,40350,-1.5,-0.87,-2.53,,,,,,,,,
40360,-9.27,-1.58,39.23,40360,-0.74,-4.28,-2.55,,,,,,,,,
40370,-16.86,2.53,39.23,40370,0.17,-8.05,-2.3,,,,,,,,,
40380,-33.91,4.54,39.23,40380,1.63,-8.73,-1.71,,,,,,,,,
40390,-39.23,-2.61,39.23,40390,2.97,-8.73,-0.99,,,,,,,,,
40400,-39.23,-15.88,38.17,40400,4.46,-8.73,-0.52,,,,,,,,,
40410,-39.23,-30.44,6.11,40410,6.48,-8.73,-0.33,,,,,,,,,
40420,-39.23,-36.14,-39.23,40420,7.58,-8.73,-0.43,,,,,,,,,
40430,-39.23,-26.79,-39.23,40430,5.57,-8.73,-0.93,,,,,,,,,
40440,-24.85,-13.65,-39.23,40440,0.84,-8.73,-1.57,,,,,,,,,
40450,7.39,10.9,-39.23,40450,-1.73,-3.24,-1.64,,,,,,,,,
40460,1.34,21.96,-39.23,40460,-4.73,5.79,-0.43,,,,,,,,,
40470,-12.47,7.71,-39.23,40470,-5.38,8.73,0.87,,,,,,,,,
40480,-15.06,-3.34,17.04,40480,-2.94,8.68,1.64,,,,,,,,,
40490,-5.17,-15.18,39.23,40490,-0.54,5.36,1.71,,,,,,,,,
40500,1.72,-23.21,39.23,40500,0.87,1.8,0.97,,,,,,,,,
40510,3.43,-19.25,33.62,40510,0.61,-1.2,-0.05,,,,,,,,,
40520,3.59,-10.78,-0.19,40520,0.74,-2.57,-0.63,,,,,,,,,
40530,4.76,-3.36,-19.96,40530,1.58,-2.39,-0.71,,,,,,,,,
40540,5.56,-0.74,-22.82,40540,2.32,-1.64,-0.56,,,,,,,,,
40550,6.01,0.49,-19.35,40550,2.17,-1,-0.47,,,,,,,,,
40560,6.11,1.98,-17.87,40560,1.62,-0.5,-0.39,,,,,,,,,
40570,5.84,2.79,-15.96,40570,1.31,-0.05,-0.24,,,,,,,,,
40580,5.32,1.71,-11.57,40580,1.11,0.28,-0.08,,,,,,,,,
40590,4.86,-0.34,-5.91,40590,0.88,0.33,-0.02,,,,,,,,,
40600,3.06,-3.47,-5.41,40600,0.83,0.1,-0.07,,,,,,,,,
40610,5.41,-5.23,-5.93,40610,0.76,-0.02,-0.26,,,,,,,,,
40620,3.29,-4.4,-6.43,40620,0.63,-0.13,-0.48,,,,,,,,,
40630,4.7,-3.33,-8.21,40630,0.44,-0.21,-0.65,,,,,,,,,
40640,5.06,-1.61,-9.07,40640,0.11,-0.21,-0.74,,,,,,,,,
40650,4.55,0.82,-9.56,40650,-0.23,-0.19,-0.74,,,,,,,,,
40660,4.95,2.75,-10.11,40660,-0.47,-0.15,-0.62,,,,,,,,,
40670,5.14,3.95,-11.24,40670,-0.57,-0.08,-0.38,,,,,,,,,
40680,4.38,3.36,-11.89,40680,-0.44,0.05,-0.1,,,,,,,,,
40690,4.11,1.69,-10.32,40690,-0.17,0.16,0.13,,,,,,,,,
40700,4.15,-0.47,-7.45,40700,0.01,0.14,0.28,,,,,,,,,
40710,3.6,-3.03,-5.52,40710,0.05,-0.03,0.29,,,,,,,,,
40720,3.65,-4.28,-4.98,40720,-0.1,-0.23,0.2,,,,,,,,,
40730,3.57,-4.39,-5.57,40730,-0.31,-0.43,0.07,,,,,,,,,
40740,3.48,-3.59,-7.47,40740,-0.46,-0.57,-0.03,,,,,,,,,
40750,3.6,-2,-9.71,40750,-0.41,-0.62,-0.06,,,,,,,,,
40760,3.64,-0.35,-11.73,40760,-0.27,-0.56,-0.01,,,,,,,,,
40770,3.81,0.8,-12.58,40770,-0.17,-0.42,0.12,,,,,,,,,
40780,3.58,0.77,-12.43,40780,-0.14,-0.25,0.27,,,,,,,,,
40790,3.4,-0.37,-11.11,40790,-0.16,-0.11,0.4,,,,,,,,,
40800,3.37,-2.31,-9.65,40800,-0.2,-0.06,0.44,,,,,,,,,
40810,3.28,-4.23,-8.79,40810,-0.21,-0.08,0.39,,,,,,,,,
40820,3.45,-5.53,-8.8,40820,-0.26,-0.13,0.23,,,,,,,,,
40830,3.36,-5.41,-9.42,40830,-0.24,-0.16,0.06,,,,,,,,,
40840,3.61,-4.37,-9.91,40840,-0.17,-0.16,-0.08,,,,,,,,,
40850,3.63,-2.83,-10.35,40850,-0.17,-0.13,-0.15,,,,,,,,,
40860,3.74,-1.58,-10.56,40860,-0.14,-0.09,-0.15,,,,,,,,,
40870,3.86,-0.68,-10.76,40870,-0.13,-0.04,-0.11,,,,,,,,,
40880,3.86,0.16,-10.48,40880,-0.15,0.02,-0.03,,,,,,,,,
40890,3.88,0.32,-9.99,40890,-0.2,0.06,0.07,,,,,,,,,
40900,3.86,-0.04,-9.43,40900,-0.3,0.08,0.17,,,,,,,,,
40910,3.8,-0.97,-9.21,40910,-0.43,0.07,0.23,,,,,,,,,
40920,3.65,-2.2,-9.26,40920,-0.47,0.06,0.24,,,,,,,,,
40930,3.66,-3.43,-9.18,40930,-0.37,0.02,0.19,,,,,,,,,
40940,3.73,-3.76,-9.25,40940,-0.23,-0.01,0.11,,,,,,,,,
40950,3.69,-3.19,-9.31,40950,-0.1,-0.04,0.03,,,,,,,,,
40960,3.52,-2.4,-8.84,40960,0.02,-0.07,-0.01,,,,,,,,,
40970,3.59,-1.47,-7.9,40970,0.05,-0.13,-0.02,,,,,,,,,
40980,3.81,-0.94,-7.62,40980,0,-0.22,0.01,,,,,,,,,
40990,3.74,-0.61,-8.32,40990,-0.08,-0.29,0.07,,,,,,,,,
41000,3.77,-1,-9.44,41000,-0.12,-0.33,0.13,,,,,,,,,
41010,3.84,-1.37,-10.45,41010,-0.14,-0.3,0.16,,,,,,,,,
41020,3.97,-1.61,-10.89,41020,-0.15,-0.24,0.18,,,,,,,,,
41030,3.85,-1.98,-10.84,41030,-0.13,-0.15,0.19,,,,,,,,,
41040,3.87,-2.64,-9.86,41040,-0.11,-0.09,0.17,,,,,,,,,
41050,3.87,-2.86,-8.49,41050,-0.1,-0.09,0.13,,,,,,,,,
41060,3.66,-3.07,-7.4,41060,-0.09,-0.17,0.08,,,,,,,,,
41070,3.7,-3.36,-6.71,41070,-0.08,-0.31,0.03,,,,,,,,,
41080,3.72,-3.3,-6.56,41080,-0.05,-0.47,-0.02,,,,,,,,,
41090,3.55,-3.64,-6.7,41090,0.04,-0.66,-0.07,,,,,,,,,
41100,3.73,-3.78,-7.26,41100,0.2,-0.87,-0.13,,,,,,,,,
41110,3.75,-3.39,-9.03,41110,0.37,-1.08,-0.17,,,,,,,,,
41120,3.87,-2.65,-12.93,41120,0.63,-1.24,-0.18,,,,,,,,,
41130,3.93,-1.61,-18.61,41130,0.82,-1.22,-0.14,,,,,,,,,
41140,3.62,-1.54,-24.84,41140,0.57,-0.96,-0.06,,,,,,,,,
41150,4.29,-2.9,-32.84,41150,-0.31,-0.43,-0.05,,,,,,,,,
41160,4.2,-3.85,-39.23,41160,-1.46,0.37,-0.09,,,,,,,,,
41170,3.79,-6.55,-39.23,41170,-2.4,1.72,-0.11,,,,,,,,,
41180,2.72,-10.2,-39.23,41180,-2.44,3.52,-0.25,,,,,,,,,
41190,-0.36,-8.66,-39.23,41190,-1.76,5.58,-0.45,,,,,,,,,
41200,-6.36,-4.79,-39.23,41200,-1.03,7.77,-0.5,,,,,,,,,
41210,-14.1,-1.23,-39.23,41210,-0.15,8.73,-0.42,,,,,,,,,
41220,-21.7,1.53,-39.23,41220,0.3,8.73,-0.34,,,,,,,,,
41230,-26.8,3.09,-27.95,41230,0.07,8.73,-0.19,,,,,,,,,
41240,-28.59,2.76,-12.14,41240,-0.59,8.73,0.02,,,,,,,,,
41250,-27.82,0.27,1.24,41250,-1.28,8.73,0.23,,,,,,,,,
41260,-25.4,-1.33,11.39,41260,-1.87,8.73,0.44,,,,,,,,,
41270,-23.85,-4.18,15.43,41270,-2.26,8.73,0.61,,,,,,,,,
41280,-21.98,-6.1,18.13,41280,-1.89,8.73,0.63,,,,,,,,,
41290,-20.99,-5.64,22.14,41290,-1.62,8.73,0.48,,,,,,,,,
41300,-18.94,-5.45,27.93,41300,-1.63,8.73,0.29,,,,,,,,,
41310,-16.9,-4.66,34.39,41310,-1.82,7.85,0.14,,,,,,,,,
41320,-14.94,-5.48,39.23,41320,-2.28,6.55,0.03,,,,,,,,,
41330,-11.93,-6.28,39.23,41330,-2.44,5.03,-0.09,,,,,,,,,
41340,-9.33,-8.46,39.23,41340,-2.22,3.27,-0.41,,,,,,,,,
41350,-7.86,-8.43,39.23,41350,-2.04,1.32,-0.78,,,,,,,,,
41360,-7.56,-5.9,39.23,41360,-1.85,-0.78,-1.12,,,,,,,,,
41370,-8.87,-2.36,39.23,41370,-1.45,-3.28,-1.32,,,,,,,,,
41380,-11.65,0.48,39.23,41380,-0.75,-5.74,-1.3,,,,,,,,,
41390,-17.89,0.61,39.23,41390,0.01,-8.3,-1.15,,,,,,,,,
41400,-28.02,-3.68,39.23,41400,0.8,-8.73,-0.99,,,,,,,,,
41410,-39.23,-10.78,39.23,41410,2.05,-8.73,-0.94,,,,,,,,,
41420,-39.23,-17.64,39.23,41420,3.67,-8.73,-0.93,,,,,,,,,
41430,-39.23,-23.76,26.04,41430,5.31,-8.73,-0.86,,,,,,,,,
41440,-39.23,-26.64,-10.48,41440,6.36,-8.73,-0.79,,,,,,,,,
41450,-39.23,-20.94,-39.23,41450,5.89,-8.73,-0.75,,,,,,,,,
41460,-39.23,0.39,-39.23,41460,2.59,-8.73,-0.67,,,,,,,,,
41470,-13.07,12.41,-39.23,41470,-1.03,-8.73,-0.22,,,,,,,,,
41480,9.43,17.44,-39.23,41480,-2.88,0.2,0.7,,,,,,,,,
41490,-3.32,0.17,-39.23,41490,-2.21,7.8,1.56,,,,,,,,,
41500,-17.73,-9.61,-32.94,41500,-1.77,8.73,1.69,,,,,,,,,
41510,-14.61,-17.86,22.98,41510,-1.69,8.73,1.4,,,,,,,,,
41520,-5.25,-26.15,39.23,41520,-0.89,6.31,0.7,,,,,,,,,
41530,2.39,-23.85,39.23,41530,-0.24,2.73,-0.42,,,,,,,,,
41540,2.58,-11.06,39.23,41540,0.17,-0.63,-1.18,,,,,,,,,
41550,2.95,-2.81,15.76,41550,0.78,-2.62,-1.3,,,,,,,,,
41560,3.4,-0.77,-4.54,41560,1.63,-3.19,-1.11,,,,,,,,,
41570,4.54,-0.41,-15.74,41570,2.18,-3.04,-0.95,,,,,,,,,
41580,6.03,2.1,-23.43,41580,2.22,-2.46,-0.84,,,,,,,,,
41590,6.88,6.48,-27.46,41590,1.87,-1.48,-0.6,,,,,,,,,
41600,7.02,7.72,-25.93,41600,1.24,-0.52,-0.26,,,,,,,,,
41610,6.43,4.98,-19.6,41610,0.51,0.26,0.03,,,,,,,,,
41620,5.79,0.85,-11.06,41620,-0.1,0.62,0.13,,,,,,,,,
41630,5.24,-2.47,-4.94,41630,-0.45,0.56,0.07,,,,,,,,,
41640,5,-4.62,-1.96,41640,-0.56,0.26,-0.11,,,,,,,,,
41650,5.03,-5.52,-2.52,41650,-0.57,-0.12,-0.36,,,,,,,,,
41660,4.98,-4.38,-5.07,41660,-0.52,-0.39,-0.6,,,,,,,,,
41670,5.12,-2.01,-7.49,41670,-0.44,-0.53,-0.74,,,,,,,,,
41680,5.5,0.97,-10.12,41680,-0.36,-0.55,-0.76,,,,,,,,,
41690,5.97,4.6,-13.05,41690,-0.25,-0.46,-0.61,,,,,,,,,
41700,5.84,7.53,-15.07,41700,-0.15,-0.2,-0.26,,,,,,,,,
41710,5.75,6.89,-13.75,41710,-0.03,0.08,0.16,,,,,,,,,
41720,5.32,3.75,-10.24,41720,0.08,0.22,0.47,,,,,,,,,
41730,5.12,0.31,-7.36,41730,0.1,0.18,0.6,,,,,,,,,
41740,4.9,-2.62,-6,41740,-0.03,0.06,0.57,,,,,,,,,
41750,4.88,-4.65,-6.05,41750,-0.15,-0.11,0.43,,,,,,,,,
41760,4.81,-5.14,-7.25,41760,-0.22,-0.23,0.23,,,,,,,,,
41770,4.71,-4.67,-8.27,41770,-0.23,-0.29,0.05,,,,,,,,,
41780,4.64,-3.75,-8.92,41780,-0.22,-0.31,-0.09,,,,,,,,,
41790,4.71,-2.38,-9.71,41790,-0.19,-0.32,-0.18,,,,,,,,,
41800,4.72,-0.29,-10.9,41800,-0.15,-0.29,-0.17,,,,,,,,,
41810,4.72,1.16,-11.39,41810,-0.1,-0.19,-0.06,,,,,,,,,
41820,4.65,1.2,-10.85,41820,-0.05,-0.11,0.09,,,,,,,,,
41830,4.61,0.19,-10.17,41830,0.01,-0.07,0.21,,,,,,,,,
41840,4.44,-1.47,-9.65,41840,0.03,-0.05,0.26,,,,,,,,,
41850,4.4,-3.38,-9.32,41850,0.03,-0.06,0.22,,,,,,,,,
41860,4.32,-4.44,-8.7,41860,-0.02,-0.07,0.09,,,,,,,,,
41870,4.4,-4.16,-8.08,41870,-0.07,-0.11,-0.06,,,,,,,,,
41880,4.44,-3.3,-8.55,41880,-0.09,-0.18,-0.18,,,,,,,,,
41890,4.59,-2.39,-9.43,41890,-0.09,-0.19,-0.25,,,,,,,,,
41900,4.69,-1.31,-9.9,41900,-0.05,-0.17,-0.28,,,,,,,,,
41910,4.76,-0.69,-9.95,41910,-0.02,-0.13,-0.26,,,,,,,,,
41920,4.7,-0.06,-9.6,41920,-0.02,-0.09,-0.23,,,,,,,,,
41930,4.72,0.23,-9.05,41930,-0.02,-0.07,-0.16,,,,,,,,,
41940,4.56,0.13,-8.83,41940,0.03,-0.08,-0.09,,,,,,,,,
41950,4.41,-0.33,-8.69,41950,0.09,-0.1,-0.03,,,,,,,,,
41960,4.36,-0.82,-8.34,41960,0.12,-0.14,-0.02,,,,,,,,,
41970,4.39,-0.17,-8.72,41970,0.14,-0.18,-0.01,,,,,,,,,
41980,4.61,-0.84,-8.9,41980,0,-0.19,0.05,,,,,,,,,
41990,4.54,-1.4,-9.52,41990,0,-0.22,0.04,,,,,,,,,
42000,4.67,-0.74,-10.49,42000,0.02,-0.21,0.02,,,,,,,,,
42010,4.65,-0.28,-10.76,42010,-0.13,-0.14,0.06,,,,,,,,,
42020,4.7,-0.92,-10.84,42020,-0.21,-0.04,0.1,,,,,,,,,
42030,4.57,-1.41,-10.54,42030,-0.22,0.06,0.1,,,,,,,,,
42040,4.46,-1.58,-9.85,42040,-0.18,0.13,0.1,,,,,,,,,
42050,4.46,-2.02,-8.48,42050,-0.11,0.16,0.08,,,,,,,,,
42060,4.25,-2.18,-7.22,42060,-0.04,0.12,0.05,,,,,,,,,
42070,4.37,-2.13,-6.02,42070,-0.02,0.03,0.01,,,,,,,,,
42080,4.43,-2,-5.24,42080,-0.06,-0.11,-0.03,,,,,,,,,
42090,4.31,-2.2,-4.87,42090,-0.1,-0.3,-0.05,,,,,,,,,
42100,4.5,-2.59,-4.73,42100,-0.07,-0.52,-0.1,,,,,,,,,
42110,4.63,-2.9,-5.42,42110,0.01,-0.76,-0.15,,,,,,,,,
42120,4.71,-3.04,-7.45,42120,0.14,-0.98,-0.2,,,,,,,,,
42130,4.93,-2.79,-10.64,42130,0.38,-1.12,-0.24,,,,,,,,,
42140,5.15,-1.93,-15.27,42140,0.57,-1.14,-0.27,,,,,,,,,
42150,5.58,-0.75,-20.81,42150,0.44,-0.98,-0.27,,,,,,,,,
42160,6.22,0.27,-29.65,42160,-0.21,-0.6,-0.24,,,,,,,,,
42170,6.45,1.15,-39.23,42170,-0.93,0.18,-0.18,,,,,,,,,
42180,6.1,2.59,-39.23,42180,-1.66,1.58,-0.06,,,,,,,,,
42190,4.83,4.64,-39.23,42190,-1.94,3.57,0.22,,,,,,,,,
42200,-0.25,4.92,-39.23,42200,-1.61,5.99,0.64,,,,,,,,,
42210,-9.79,5.5,-39.23,42210,-0.32,8.72,1.08,,,,,,,,,
42220,-21.46,3.69,-39.23,42220,0.78,8.73,1.35,,,,,,,,,
42230,-26.48,-0.46,-38.08,42230,0.81,8.73,1.38,,,,,,,,,
42240,-29.92,-4.02,-15.03,42240,-0.34,8.73,1.25,,,,,,,,,
42250,-28.77,-7.5,0.43,42250,-1.51,8.73,1.11,,,,,,,,,
42260,-27.64,-9.26,8.57,42260,-2.16,8.73,0.98,,,,,,,,,
42270,-26,-10.37,14.04,42270,-2.57,8.73,0.84,,,,,,,,,
42280,-24.27,-10.22,18.34,42280,-2.7,8.73,0.7,,,,,,,,,
42290,-22.84,-9.08,22,42290,-2.98,8.73,0.54,,,,,,,,,
42300,-21.63,-10.22,28.96,42300,-2.37,8.73,0.48,,,,,,,,,
42310,-16.28,-12.49,39.23,42310,-1.51,8.43,0.27,,,,,,,,,
42320,-12.97,-14.23,39.23,42320,-1.15,6.74,-0.19,,,,,,,,,
42330,-9.79,-13.7,39.23,42330,-0.7,4.56,-0.75,,,,,,,,,
42340,-7.77,-9.9,39.23,42340,-0.57,2.05,-1.28,,,,,,,,,
42350,-7.45,-4.23,39.23,42350,-0.41,-0.52,-1.58,,,,,,,,,
42360,-8.84,-0.04,39.23,42360,-0.34,-2.94,-1.62,,,,,,,,,
42370,-10.15,1.79,39.23,42370,-0.21,-4.76,-1.6,,,,,,,,,
42380,-12.79,3.91,39.23,42380,-0.12,-6.54,-1.47,,,,,,,,,
42390,-16.68,3.31,39.23,42390,-0.01,-8.49,-1.28,,,,,,,,,
42400,-24.72,0.43,39.23,42400,0.46,-8.73,-1.09,,,,,,,,,
42410,-38.19,-5.71,39.23,42410,1.64,-8.73,-0.94,,,,,,,,,
42420,-39.23,-12.6,39.23,42420,3.44,-8.73,-0.8,,,,,,,,,
42430,-39.23,-19.84,34.73,42430,5.1,-8.73,-0.65,,,,,,,,,
42440,-39.23,-25.7,0.88,42440,6.55,-8.73,-0.52,,,,,,,,,
42450,-39.23,-19.8,-39.23,42450,6.58,-8.73,-0.43,,,,,,,,,
42460,-39.23,-4.8,-39.23,42460,2.85,-8.73,-0.32,,,,,,,,,
42470,-20.22,12.4,-39.23,42470,-2.59,-8.73,-0.27,,,,,,,,,
42480,4,23.14,-39.23,42480,-4.18,-2.83,0.41,,,,,,,,,
42490,-0.69,7.75,-39.23,42490,-2.19,5.76,1.85,,,,,,,,,
42500,-15,-12.21,-39.23,42500,-1.12,8.73,2.07,,,,,,,,,
42510,-19.14,-22.95,-10.67,42510,-0.37,8.73,1.48,,,,,,,,,
42520,-11.62,-28.41,30.14,42520,-0.72,8.73,0.47,,,,,,,,,
42530,-2.65,-28.53,39.23,42530,-0.79,6.18,-0.76,,,,,,,,,
42540,1.75,-17.22,39.23,42540,-0.73,2.76,-1.82,,,,,,,,,
42550,3.36,-3.98,39.23,42550,-0.36,-0.21,-2.21,,,,,,,,,
42560,2.77,4.46,19.07,42560,0.4,-2.03,-2,,,,,,,,,
42570,3.46,6.64,2.06,42570,1.22,-2.78,-1.55,,,,,,,,,
42580,4.38,7.78,-9.95,42580,1.73,-2.86,-1.05,,,,,,,,,
42590,5.83,9.41,-19.07,42590,1.7,-2.47,-0.63,,,,,,,,,
42600,6.46,10.41,-24,42600,1.71,-1.7,-0.17,,,,,,,,,
42610,6.74,8.47,-23.73,42610,1.48,-0.83,0.27,,,,,,,,,
42620,6.55,3.47,-19.53,42620,0.84,-0.07,0.49,,,,,,,,,
42630,6.08,-1.63,-12.6,42630,0.03,0.39,0.42,,,,,,,,,
42640,5.68,-4.84,-6.55,42640,-0.65,0.45,0.17,,,,,,,,,
42650,5.38,-6.45,-3.16,42650,-0.75,0.22,-0.14,,,,,,,,,
42660,5.24,-6.22,-2.42,42660,-0.54,-0.13,-0.46,,,,,,,,,
42670,5.13,-3.69,-3.4,42670,-0.29,-0.47,-0.7,,,,,,,,,
42680,5.26,-0.17,-6.34,42680,-0.15,-0.71,-0.79,,,,,,,,,
42690,5.51,3.73,-10.53,42690,-0.11,-0.77,-0.68,,,,,,,,,
42700,5.88,5.74,-13.4,42700,-0.09,-0.64,-0.44,,,,,,,,,
42710,5.98,6.24,-14.86,42710,0,-0.41,-0.12,,,,,,,,,
42720,5.89,5.12,-14.41,42720,0.09,-0.13,0.18,,,,,,,,,
42730,5.79,2.34,-11.86,42730,0.15,0.08,0.39,,,,,,,,,
42740,5.51,-0.28,-9.09,42740,0.14,0.16,0.45,,,,,,,,,
42750,5.47,-2.16,-6.59,42750,0.1,0.11,0.4,,,,,,,,,
42760,5.17,-3.04,-5.09,42760,0.05,-0.04,0.28,,,,,,,,,
42770,5.22,-3.21,-4.48,42770,-0.02,-0.24,0.15,,,,,,,,,
42780,5.04,-2.63,-5.22,42780,-0.08,-0.46,0.05,,,,,,,,,
42790,4.98,-2.34,-6.77,42790,-0.11,-0.61,-0.03,,,,,,,,,
42800,5.01,-1.56,-9.23,42800,-0.09,-0.71,-0.09,,,,,,,,,
42810,5.21,0.25,-12.37,42810,-0.04,-0.67,-0.09,,,,,,,,,
42820,5.31,1.53,-14.75,42820,0,-0.48,0.01,,,,,,,,,
42830,5.27,1.52,-15.02,42830,0.08,-0.22,0.15,,,,,,,,,
42840,5.19,0.6,-13.68,42840,0.15,0.01,0.26,,,,,,,,,
42850,5.09,-0.69,-11.82,42850,0.19,0.14,0.31,,,,,,,,,
42860,4.98,-1.74,-10.35,42860,0.18,0.2,0.3,,,,,,,,,
42870,4.89,-2.63,-9.38,42870,0.15,0.21,0.25,,,,,,,,,
42880,4.77,-2.99,-8.7,42880,0.12,0.19,0.16,,,,,,,,,
42890,4.17,-2.62,-8.8,42890,0.26,0.14,0.08,,,,,,,,,
42900,5,-2.45,-8.34,42900,0.28,0.11,0.01,,,,,,,,,
42910,4.75,-2.01,-7.84,42910,0.17,0.05,-0.07,,,,,,,,,
42920,4.84,-1.42,-7.96,42920,0.07,-0.04,-0.12,,,,,,,,,
42930,5.06,-0.94,-8.7,42930,0.01,-0.09,-0.13,,,,,,,,,
42940,4.82,-0.62,-9.56,42940,-0.04,-0.1,-0.13,,,,,,,,,
42950,4.75,-0.32,-9.96,42950,0.01,-0.08,-0.12,,,,,,,,,
42960,4.9,-0.14,-9.73,42960,0.05,-0.03,-0.1,,,,,,,,,
42970,4.87,0.28,-8.97,42970,0.07,-0.01,-0.07,,,,,,,,,
42980,4.88,0.5,-8.25,42980,0.11,-0.03,-0.02,,,,,,,,,
42990,4.96,0.71,-8,42990,0.16,-0.08,0.05,,,,,,,,,
43000,4.86,0.77,-8.24,43000,0.11,-0.12,0.12,,,,,,,,,
43010,4.88,0.14,-8.69,43010,-0.03,-0.13,0.17,,,,,,,,,
43020,4.73,-0.91,-9.03,43020,-0.17,-0.11,0.18,,,,,,,,,
43030,4.66,-1.86,-9.26,43030,-0.25,-0.08,0.13,,,,,,,,,
43040,4.63,-2.04,-8.9,43040,-0.25,-0.04,0.07,,,,,,,,,
43050,4.57,-1.79,-8.16,43050,-0.19,-0.04,0.02,,,,,,,,,
43060,4.58,-1.3,-7.55,43060,-0.15,-0.07,-0.01,,,,,,,,,
43070,4.61,-0.7,-6.97,43070,-0.16,-0.15,-0.02,,,,,,,,,
43080,4.67,-0.13,-6.95,43080,-0.19,-0.25,0,,,,,,,,,
43090,4.67,0.14,-7.48,43090,-0.18,-0.34,0.05,,,,,,,,,
43100,4.58,0.14,-7.87,43100,-0.13,-0.4,0.1,,,,,,,,,
43110,4.76,-0.22,-7.86,43110,-0.1,-0.45,0.15,,,,,,,,,
43120,4.7,-0.6,-7.87,43120,-0.05,-0.5,0.18,,,,,,,,,
43130,4.55,-1.15,-7.56,43130,0.1,-0.56,0.19,,,,,,,,,
43140,4.47,-1.67,-6.79,43140,0.26,-0.64,0.18,,,,,,,,,
43150,4.55,-1.74,-5.25,43150,0.39,-0.78,0.14,,,,,,,,,
43160,4.52,-1.41,-3.89,43160,0.51,-1.01,0.14,,,,,,,,,
43170,4.09,-1.48,-3.09,43170,0.71,-1.31,0.17,,,,,,,,,
43180,4.3,-1.63,-2.69,43180,0.95,-1.68,0.22,,,,,,,,,
43190,3.93,-1.71,-4.11,43190,1.17,-2.1,0.27,,,,,,,,,
43200,3.48,-1.2,-8.09,43200,1.27,-2.46,0.33,,,,,,,,,
43210,3.22,-0.16,-14.69,43210,1.35,-2.63,0.43,,,,,,,,,
43220,3.16,0.58,-22.87,43220,1.24,-2.51,0.57,,,,,,,,,
43230,3.5,0.86,-34.37,43230,0.37,-2.01,0.7,,,,,,,,,
43240,4.64,-0.5,-39.23,43240,-1.1,-0.85,0.75,,,,,,,,,
43250,5.43,-0.47,-39.23,43250,-2.24,1.01,0.8,,,,,,,,,
43260,2.75,-0.14,-39.23,43260,-2.01,3.73,0.95,,,,,,,,,
43270,-4.14,0.87,-39.23,43270,-0.75,6.87,1.22,,,,,,,,,
43280,-14.65,-0.05,-39.23,43280,0.44,8.73,1.41,,,,,,,,,
43290,-23.54,-0.76,-39.23,43290,0.96,8.73,1.36,,,,,,,,,
43300,-29.13,2.39,-35.09,43300,0.26,8.73,1.3,,,,,,,,,
43310,-31.97,3.53,-18.29,43310,-0.89,8.73,1.52,,,,,,,,,
43320,-32.01,1.28,-6.1,43320,-2.07,8.73,1.86,,,,,,,,,
43330,-31.86,-3.2,0.25,43330,-2.94,8.73,2.17,,,,,,,,,
43340,-31.1,-8.91,3.98,43340,-2.91,8.73,2.3,,,,,,,,,
43350,-29.69,-14.6,9.66,43350,-2.28,8.73,2.12,,,,,,,,,
43360,-27.09,-18.85,17.48,43360,-1.28,8.73,1.63,,,,,,,,,
43370,-25.96,-22.57,26.22,43370,-0.46,8.73,0.87,,,,,,,,,
43380,-22.68,-25.8,35.46,43380,-0.06,8.73,0.02,,,,,,,,,
43390,-18.88,-27.44,39.23,43390,-0.38,8.3,-1.23,,,,,,,,,
43400,-15.21,-22.88,39.23,43400,-0.29,6.44,-2.33,,,,,,,,,
43410,-12.3,-16.49,39.23,43410,-1.03,4.29,-3.17,,,,,,,,,
43420,-10.1,-8.07,39.23,43420,-0.62,1.98,-3.6,,,,,,,,,
43430,-8.4,2.77,39.23,43430,0.22,-0.28,-3.6,,,,,,,,,
43440,-7.84,12.61,39.23,43440,0.9,-2.43,-3.1,,,,,,,,,
43450,-8.43,17.73,39.23,43450,0.98,-4.54,-2.26,,,,,,,,,
43460,-11.69,17.72,39.23,43460,1.06,-6.99,-1.23,,,,,,,,,
43470,-18.59,13.61,39.23,43470,1.66,-8.73,-0.29,,,,,,,,,
43480,-30.14,4.79,39.23,43480,2.37,-8.73,0.48,,,,,,,,,
43490,-39.23,-6.87,39.23,43490,3.25,-8.73,0.92,,,,,,,,,
43500,-39.23,-15.38,39.23,43500,4.23,-8.73,1.05,,,,,,,,,
43510,-39.23,-21.73,26.46,43510,5.26,-8.73,1.18,,,,,,,,,
43520,-39.23,-25.83,-3.66,43520,5.76,-8.73,1.16,,,,,,,,,
43530,-39.23,-23.32,-39.23,43530,6.19,-8.73,1.2,,,,,,,,,
43540,-39.23,-5.81,-39.23,43540,3.81,-8.73,1.42,,,,,,,,,
43550,-27.9,8.69,-39.23,43550,-0.99,-8.73,1.54,,,,,,,,,
43560,3.74,13.5,-39.23,43560,-4.22,-3.62,1.97,,,,,,,,,
43570,-2.29,-11.37,-39.23,43570,-2.43,5.68,2.71,,,,,,,,,
43580,-16.59,-28.12,-39.23,43580,-1.07,8.73,2.09,,,,,,,,,
43590,-20.93,-29.49,-13.55,43590,-0.88,8.73,0.99,,,,,,,,,
43600,-16.22,-29.79,30.11,43600,-0.73,8.73,0.06,,,,,,,,,
43610,-6.01,-29.45,39.23,43610,-0.78,6.46,-1.06,,,,,,,,,
43620,0.37,-21.16,39.23,43620,-0.53,3.16,-2.06,,,,,,,,,
43630,1.4,-6.87,39.09,43630,-0.4,0.23,-2.62,,,,,,,,,
43640,2.06,3.98,17.91,43640,0.21,-1.52,-2.49,,,,,,,,,
43650,2.78,8.72,3.99,43650,0.95,-2.31,-1.97,,,,,,,,,
43660,3.76,9.07,-4.63,43660,1.48,-2.56,-1.38,,,,,,,,,
43670,4.78,7.77,-10.53,43670,1.52,-2.5,-0.92,,,,,,,,,
43680,6.02,6.65,-16.19,43680,1.34,-2.14,-0.55,,,,,,,,,
43690,6.68,5.95,-19.74,43690,1.2,-1.56,-0.26,,,,,,,,,
43700,6.72,3.87,-19.63,43700,0.92,-0.88,-0.04,,,,,,,,,
43710,6.55,0.39,-16.91,43710,0.5,-0.31,0.02,,,,,,,,,
43720,6.02,-2.66,-13.16,43720,0.02,0.05,-0.11,,,,,,,,,
43730,5.56,-3.8,-9.31,43730,-0.37,0.21,-0.35,,,,,,,,,
43740,5.14,-3.45,-6.06,43740,-0.63,0.16,-0.58,,,,,,,,,
43750,5.14,-2.07,-4.7,43750,-0.81,-0.02,-0.75,,,,,,,,,
43760,5.32,0.79,-5.9,43760,-0.84,-0.23,-0.8,,,,,,,,,
43770,5.49,3.71,-8.15,43770,-0.68,-0.36,-0.67,,,,,,,,,
43780,5.63,5.39,-10.13,43780,-0.5,-0.36,-0.4,,,,,,,,,
43790,5.75,5.44,-10.75,43790,-0.28,-0.27,-0.03,,,,,,,,,
43800,5.55,3.54,-10.35,43800,-0.12,-0.2,0.27,,,,,,,,,
43810,5.52,0.66,-9.16,43810,0.06,-0.16,0.44,,,,,,,,,
43820,5.21,-2.07,-7.91,43820,0.17,-0.17,0.46,,,,,,,,,
43830,5.17,-3.98,-7.05,43830,0.09,-0.24,0.35,,,,,,,,,
43840,5.12,-5.06,-6.71,43840,-0.07,-0.33,0.16,,,,,,,,,
43850,5.12,-4.74,-7.97,43850,-0.18,-0.44,-0.05,,,,,,,,,
43860,5.24,-3.16,-9.86,43860,-0.23,-0.47,-0.2,,,,,,,,,
43870,5.17,-1.32,-11.32,43870,-0.22,-0.42,-0.25,,,,,,,,,
43880,5.2,0.01,-11.85,43880,-0.19,-0.33,-0.21,,,,,,,,,
43890,5.2,0.53,-11.84,43890,-0.13,-0.24,-0.12,,,,,,,,,
43900,5.17,0.31,-11.63,43900,-0.1,-0.16,-0.02,,,,,,,,,
43910,5.08,-0.29,-11.3,43910,-0.07,-0.09,0.05,,,,,,,,,
43920,4.97,-1.07,-10.6,43920,-0.06,-0.03,0.07,,,,,,,,,
43930,4.99,-1.35,-10.09,43930,-0.08,-0.01,0.07,,,,,,,,,
43940,4.83,-1.75,-9.63,43940,-0.1,0,0.05,,,,,,,,,
43950,4.95,-2.18,-9.22,43950,-0.08,-0.02,0,,,,,,,,,
43960,4.89,-1.88,-9.48,43960,-0.04,-0.05,-0.05,,,,,,,,,
43970,5.01,-1.06,-10.1,43970,0,-0.05,-0.09,,,,,,,,,
43980,4.9,-0.78,-10.52,43980,0.01,-0.01,-0.09,,,,,,,,,
43990,5.06,-0.88,-10.2,43990,-0.01,0.05,-0.1,,,,,,,,,
44000,4.95,-0.31,-9.55,44000,-0.05,0.1,-0.1,,,,,,,,,
44010,4.83,0.11,-8.75,44010,-0.11,0.11,-0.06,,,,,,,,,
44020,4.85,0.27,-8.07,44020,-0.14,0.1,-0.02,,,,,,,,,
44030,4.85,0.24,-7.78,44030,-0.15,0.05,0.02,,,,,,,,,
44040,4.82,0.32,-8.35,44040,-0.14,-0.01,0.07,,,,,,,,,
44050,4.73,0.47,-9.24,44050,-0.12,-0.02,0.12,,,,,,,,,
44060,4.74,0.05,-9.76,44060,-0.11,0.01,0.16,,,,,,,,,
44070,4.6,-0.57,-9.52,44070,-0.1,0.05,0.18,,,,,,,,,
44080,4.78,-1.13,-8.91,44080,-0.12,0.07,0.17,,,,,,,,,
44090,4.61,-1.58,-8.27,44090,-0.2,0.07,0.13,,,,,,,,,
44100,4.65,-1.91,-7.54,44100,-0.26,0.03,0.08,,,,,,,,,
44110,4.66,-1.91,-7.33,44110,-0.27,-0.03,0.03,,,,,,,,,
44120,4.58,-1.77,-7.31,44120,-0.27,-0.11,-0.03,,,,,,,,,
44130,4.76,-1.33,-7.58,44130,-0.27,-0.18,-0.07,,,,,,,,,
44140,4.67,-0.47,-8.31,44140,-0.24,-0.23,-0.08,,,,,,,,,
44150,4.64,0.29,-8.81,44150,-0.18,-0.24,-0.03,,,,,,,,,
44160,4.77,0.9,-9.02,44160,-0.1,-0.25,0.05,,,,,,,,,
44170,4.73,0.75,-9.04,44170,-0.02,-0.25,0.14,,,,,,,,,
44180,4.7,0.18,-8.57,44180,0.04,-0.27,0.21,,,,,,,,,
44190,4.64,-0.61,-7.97,44190,0.05,-0.31,0.24,,,,,,,,,
44200,4.63,-1.52,-7.2,44200,0.05,-0.39,0.23,,,,,,,,,
44210,4.61,-2.29,-7.04,44210,0.03,-0.5,0.18,,,,,,,,,
44220,4.72,-2.96,-7,44220,0.1,-0.62,0.11,,,,,,,,,
44230,4.69,-3.59,-7.08,44230,0.26,-0.78,0,,,,,,,,,
44240,4.74,-3.37,-7.92,44240,0.51,-0.95,-0.09,,,,,,,,,
44250,4.86,-2.68,-10.2,44250,0.73,-1.1,-0.15,,,,,,,,,
44260,4.96,-1.67,-13.77,44260,0.85,-1.15,-0.17,,,,,,,,,
44270,5.36,-0.89,-18.51,44270,0.67,-1.06,-0.18,,,,,,,,,
44280,6.07,0.25,-25.8,44280,0.07,-0.78,-0.18,,,,,,,,,
44290,7.35,2.59,-35.46,44290,-1.24,-0.18,-0.18,,,,,,,,,
44300,6.73,6.84,-39.23,44300,-2.12,0.91,0.04,,,,,,,,,
44310,5.69,9.14,-39.23,44310,-2.41,2.67,0.51,,,,,,,,,
44320,3.15,8.39,-39.23,44320,-1.92,4.76,1.12,,,,,,,,,
44330,-1.54,6.17,-39.23,44330,-1.12,6.63,1.63,,,,,,,,,
44340,-7.33,5.34,-39.23,44340,-0.74,8.17,2,,,,,,,,,
44350,-11.52,7.07,-34.43,44350,-0.91,8.73,2.28,,,,,,,,,
44360,-14.97,7.85,-27.45,44360,-1.52,8.73,2.68,,,,,,,,,
44370,-17.85,3.97,-21.01,44370,-1.92,8.73,3.11,,,,,,,,,
44380,-19.51,-0.65,-16.37,44380,-1.89,8.73,3.35,,,,,,,,,
44390,-21.88,-5.15,-10.18,44390,-1.75,8.73,3.4,,,,,,,,,
44400,-22.82,-10.14,-2.1,44400,-1.58,8.73,3.24,,,,,,,,,
44410,-22.54,-14.82,7.15,44410,-1.42,8.73,2.86,,,,,,,,,
44420,-21.08,-18.9,17.02,44420,-1.38,8.73,2.28,,,,,,,,,
44430,-18.36,-22.67,26.02,44430,-1.37,8.73,1.56,,,,,,,,,
44440,-16.44,-25.4,33.52,44440,-1.56,8.22,0.73,,,,,,,,,
44450,-13,-28.3,38.32,44450,-1.18,6.73,-0.34,,,,,,,,,
44460,-10.72,-27.16,39.23,44460,-0.84,5.23,-1.42,,,,,,,,,
44470,-8.8,-21.24,39.23,44470,-0.82,3.59,-2.39,,,,,,,,,
44480,-7.2,-12.82,39.23,44480,-0.59,1.85,-3.03,,,,,,,,,
44490,-6.48,-4.5,39.23,44490,-0.24,0.01,-3.25,,,,,,,,,
44500,-5.93,3,39.23,44500,0.57,-1.83,-3.12,,,,,,,,,
44510,-6.38,8.76,39.23,44510,1.13,-3.74,-2.71,,,,,,,,,
44520,-8.28,10.45,39.23,44520,1.24,-5.85,-2.14,,,,,,,,,
44530,-13.89,7.92,39.23,44530,1.48,-8.26,-1.54,,,,,,,,,
44540,-23.59,2.29,39.23,44540,2.43,-8.73,-0.99,,,,,,,,,
44550,-39.23,-5.3,39.23,44550,3.45,-8.73,-0.56,,,,,,,,,
44560,-39.23,-15.16,39.23,44560,4.74,-8.73,-0.31,,,,,,,,,
44570,-39.23,-19.15,29.46,44570,6.02,-8.73,-0.17,,,,,,,,,
44580,-39.23,-19.62,-5.99,44580,7.49,-8.73,0.17,,,,,,,,,
44590,-39.23,-15.71,-39.23,44590,8.29,-8.73,0.85,,,,,,,,,
44600,-39.23,4.15,-39.23,44600,3.73,-8.73,1.35,,,,,,,,,
44610,-19.53,7.39,-39.23,44610,0.25,-8.73,2.15,,,,,,,,,
44620,3.64,7.55,-39.23,44620,-2.65,-1.75,2.68,,,,,,,,,
44630,-4.21,-12.37,-39.23,44630,-3.4,6.11,3.1,,,,,,,,,
44640,-17.34,-29.29,-39.23,44640,-3.84,8.73,2.58,,,,,,,,,
44650,-20.35,-35.68,-2.52,44650,-3.55,8.73,1.59,,,,,,,,,
44660,-11.88,-38.15,37.95,44660,-2.4,8.09,0.46,,,,,,,,,
44670,-2.2,-33.59,39.23,44670,-0.8,4.49,-1.06,,,,,,,,,
44680,0.72,-17.97,39.23,44680,-0.29,1.11,-2.14,,,,,,,,,
44690,0.66,-4.63,27.21,44690,0.15,-1.31,-2.43,,,,,,,,,
44700,1.58,0.17,5.87,44700,1.05,-2.42,-2.26,,,,,,,,,
44710,2.64,2.47,-6.65,44710,1.78,-2.66,-2.01,,,,,,,,,
44720,4.13,6.18,-14.42,44720,1.95,-2.46,-1.76,,,,,,,,,
44730,5.2,10.87,-19.79,44730,1.8,-1.93,-1.37,,,,,,,,,
44740,5.83,12.44,-21.35,44740,1.17,-1.24,-0.84,,,,,,,,,
44750,6.28,9.33,-21.67,44750,0.07,-0.52,-0.39,,,,,,,,,
44760,6.08,3.46,-19.58,44760,-0.81,0.17,-0.17,,,,,,,,,
44770,5.46,-1.51,-13.91,44770,-1.19,0.6,-0.18,,,,,,,,,
44780,4.97,-4.95,-7.83,44780,-1.26,0.7,-0.39,,,,,,,,,
44790,4.47,-5.6,-3.45,44790,-1.13,0.54,-0.67,,,,,,,,,
44800,4.2,-3.65,-1.55,44800,-1,0.19,-0.94,,,,,,,,,
44810,4.35,0.73,-4.22,44810,-0.92,-0.16,-1.06,,,,,,,,,
44820,4.81,5.68,-9.29,44820,-0.78,-0.31,-0.94,,,,,,,,,
44830,5.32,8.96,-13.48,44830,-0.63,-0.22,-0.59,,,,,,,,,
44840,5.73,9.21,-15.15,44840,-0.53,0.03,-0.14,,,,,,,,,
44850,5.39,7.23,-13.86,44850,-0.27,0.31,0.27,,,,,,,,,
44860,5.14,4.33,-10.05,44860,-0.05,0.47,0.56,,,,,,,,,
44870,4.57,1.11,-5.65,44870,0.06,0.42,0.69,,,,,,,,,
44880,4.46,-2.07,-3.4,44880,0.02,0.19,0.66,,,,,,,,,
44890,4.49,-4.33,-4.03,44890,-0.08,-0.09,0.48,,,,,,,,,
44900,4.55,-4.85,-6.08,44900,-0.17,-0.25,0.26,,,,,,,,,
44910,4.54,-4.27,-7.49,44910,-0.23,-0.33,0.05,,,,,,,,,
44920,4.48,-2.74,-8.06,44920,-0.21,-0.37,-0.09,,,,,,,,,
44930,4.69,-1.02,-8.99,44930,-0.11,-0.42,-0.16,,,,,,,,,
44940,4.79,1.31,-11.16,44940,-0.02,-0.42,-0.13,,,,,,,,,
44950,4.87,3.19,-12.89,44950,0,-0.3,0.01,,,,,,,,,
44960,4.88,3.04,-13.23,44960,0.03,-0.15,0.2,,,,,,,,,
44970,4.87,1.38,-12.29,44970,0.08,-0.01,0.34,,,,,,,,,
44980,4.73,-0.62,-11.14,44980,0.08,0.07,0.37,,,,,,,,,
44990,4.7,-2.04,-9.92,44990,0.03,0.1,0.31,,,,,,,,,
45000,4.6,-2.87,-8.65,45000,-0.04,0.07,0.18,,,,,,,,,
45010,4.6,-3.03,-7.73,45010,-0.06,-0.01,0.04,,,,,,,,,
45020,4.59,-2.37,-7.67,45020,-0.07,-0.09,-0.09,,,,,,,,,
45030,4.63,-1.36,-7.78,45030,-0.06,-0.17,-0.17,,,,,,,,,
45040,4.78,-0.17,-8.49,45040,-0.03,-0.24,-0.2,,,,,,,,,
45050,4.88,1.09,-9.82,45050,0.02,-0.27,-0.18,,,,,,,,,
45060,4.9,2.31,-10.89,45060,0.06,-0.22,-0.09,,,,,,,,,
45070,4.95,2.83,-11.32,45070,0.04,-0.14,0.04,,,,,,,,,
45080,4.77,2.27,-10.97,45080,0.04,-0.06,0.17,,,,,,,,,
45090,4.68,1.01,-10.52,45090,0.04,0,0.24,,,,,,,,,
45100,4.64,-0.37,-9.82,45100,0.01,0.03,0.25,,,,,,,,,
45110,4.55,-1.12,-9.55,45110,-0.04,0.03,0.2,,,,,,,,,
45120,4.61,-1.44,-9.25,45120,-0.08,0.04,0.14,,,,,,,,,
45130,4.46,-1.24,-9.11,45130,-0.14,0.03,0.07,,,,,,,,,
45140,4.62,-0.6,-8.9,45140,-0.17,0.02,0.03,,,,,,,,,
45150,4.52,0.07,-8.97,45150,-0.2,0.01,0.03,,,,,,,,,
45160,4.65,0.24,-9.03,45160,-0.15,0,0.06,,,,,,,,,
45170,4.57,0.23,-9,45170,-0.13,-0.01,0.1,,,,,,,,,
45180,4.53,-0.34,-8.93,45180,-0.13,0,0.12,,,,,,,,,
45190,4.56,-0.76,-9.03,45190,-0.12,-0.01,0.11,,,,,,,,,
45200,4.56,-0.91,-9.05,45200,-0.08,-0.01,0.1,,,,,,,,,
45210,4.54,-0.77,-8.91,45210,-0.03,0,0.08,,,,,,,,,
45220,4.4,-0.72,-8.38,45220,0.01,-0.01,0.06,,,,,,,,,
45230,4.43,-0.66,-7.47,45230,0.05,-0.05,0.04,,,,,,,,,
45240,4.35,-0.45,-6.59,45240,0.09,-0.13,0.03,,,,,,,,,
45250,4.35,-0.3,-5.95,45250,0.19,-0.25,0.04,,,,,,,,,
45260,4.35,-0.68,-5.63,45260,0.31,-0.4,0.05,,,,,,,,,
45270,4.45,-0.9,-5.32,45270,0.46,-0.55,0.04,,,,,,,,,
45280,4.3,-1.25,-5.38,45280,0.53,-0.74,0.04,,,,,,,,,
45290,4.19,-2.69,-6.19,45290,0.55,-0.95,0,,,,,,,,,
45300,4.2,-4.14,-8.54,45300,0.57,-1.15,-0.11,,,,,,,,,
45310,4.53,-3.73,-13.43,45310,0.57,-1.3,-0.3,,,,,,,,,
45320,5.02,-0.33,-23.1,45320,0.45,-1.22,-0.43,,,,,,,,,
45330,6.02,3.64,-35.89,45330,-0.11,-0.63,-0.4,,,,,,,,,
45340,6.44,8.66,-39.23,45340,-0.58,0.43,-0.18,,,,,,,,,
45350,5.31,13.25,-39.23,45350,-0.9,2.1,0.28,,,,,,,,,
45360,3.83,17.37,-39.23,45360,-0.92,4.39,1.03,,,,,,,,,
45370,-3.29,15.98,-39.23,45370,-0.4,7.01,1.95,,,,,,,,,
45380,-11.08,8.14,-39.23,45380,-0.1,8.73,2.58,,,,,,,,,
45390,-18.3,0.51,-39.23,45390,-0.38,8.73,2.77,,,,,,,,,
45400,-22.31,-2.69,-25.73,45400,-0.89,8.73,2.71,,,,,,,,,
45410,-23.11,-3.31,-11.68,45410,-1.33,8.73,2.63,,,,,,,,,
45420,-22.7,-2.16,-4.38,45420,-1.58,8.73,2.65,,,,,,,,,
45430,-22.45,-2.68,0,45430,-1.79,8.73,2.75,,,,,,,,,
45440,-22.14,-7.22,4.93,45440,-1.91,8.73,2.82,,,,,,,,,
45450,-20.98,-12.85,11.69,45450,-1.81,8.73,2.67,,,,,,,,,
45460,-19.27,-19.03,21.16,45460,-0.99,8.73,2.23,,,,,,,,,
45470,-16.48,-23.39,32.39,45470,-0.26,8.69,1.46,,,,,,,,,
45480,-12.23,-23.5,39.23,45480,0.05,7.2,0.51,,,,,,,,,
45490,-9.15,-20.52,39.23,45490,-0.29,5.45,-0.38,,,,,,,,,
45500,-5.61,-17.07,39.23,45500,-0.43,3.62,-1.14,,,,,,,,,
45510,-5.22,-12.73,39.23,45510,-0.33,1.82,-1.71,,,,,,,,,
45520,-4.21,-7.37,35.1,45520,-0.12,0.33,-2.07,,,,,,,,,
45530,-3.88,-1.58,28.82,45530,0.06,-0.83,-2.18,,,,,,,,,
45540,-3.43,3.1,24.75,45540,0.33,-1.75,-2.03,,,,,,,,,
45550,-3.12,5.91,22.27,45550,0.6,-2.65,-1.67,,,,,,,,,
45560,-2.98,5.72,22.17,45560,0.86,-3.42,-1.29,,,,,,,,,
45570,-3.46,2.49,26.72,45570,0.6,-4.23,-1.09,,,,,,,,,
45580,-4.69,0.44,37.11,45580,0.08,-5.37,-1.1,,,,,,,,,
45590,-9.03,-0.55,39.23,45590,-0.07,-7.11,-1.15,,,,,,,,,
45600,-17.15,-2.23,39.23,45600,0.67,-8.73,-1.1,,,,,,,,,
45610,-32.67,-6,39.23,45610,1.93,-8.73,-0.98,,,,,,,,,
45620,-39.23,-12.66,39.23,45620,3.84,-8.73,-0.76,,,,,,,,,
45630,-39.23,-19.86,34.32,45630,5.7,-8.73,-0.45,,,,,,,,,
45640,-39.23,-24.21,-9.59,45640,7.39,-8.73,-0.17,,,,,,,,,
45650,-39.23,-14.54,-39.23,45650,7.39,-8.73,0.33,,,,,,,,,
45660,-39.23,6.15,-39.23,45660,2.62,-8.73,0.94,,,,,,,,,
45670,-6.48,12.58,-39.23,45670,-1.56,-8.58,1.52,,,,,,,,,
45680,4.85,-0.19,-39.23,45680,-2.67,1.73,2.27,,,,,,,,,
45690,-8.49,-23.33,-39.23,45690,-2.69,8.71,2.15,,,,,,,,,
45700,-22.06,-31.98,-39.23,45700,-2.87,8.73,1.25,,,,,,,,,
45710,-23.2,-34.48,7.21,45710,-2.32,8.73,0.19,,,,,,,,,
45720,-13.13,-35.07,39.23,45720,-1.48,8.73,-1.08,,,,,,,,,
45730,-4.61,-24.3,39.23,45730,-1.2,5.7,-2.37,,,,,,,,,
45740,0.86,-6.12,39.23,45740,-0.8,1.93,-3,,,,,,,,,
45750,1.58,8.05,39.23,45750,0.01,-1.1,-2.75,,,,,,,,,
45760,2.15,12.93,19.21,45760,1.16,-2.88,-2.01,,,,,,,,,
45770,3.23,13.59,-0.57,45770,2.18,-3.64,-1.15,,,,,,,,,
45780,4.71,14.78,-14.51,45780,2.52,-3.58,-0.43,,,,,,,,,
45790,6.1,14.69,-24.02,45790,2.45,-2.88,0.28,,,,,,,,,
45800,6.89,10.3,-27.39,45800,1.65,-1.84,0.85,,,,,,,,,
45810,7.32,2.13,-26.83,45810,0.28,-0.77,1.05,,,,,,,,,
45820,6.92,-5.08,-23.62,45820,-0.73,0.15,0.87,,,,,,,,,
45830,6.32,-8.92,-16.94,45830,-1.13,0.78,0.46,,,,,,,,,
45840,5.56,-9.84,-9.06,45840,-1.28,1.01,-0.02,,,,,,,,,
45850,4.98,-9.33,-2.42,45850,-1.26,0.86,-0.47,,,,,,,,,
45860,4.73,-7.51,1.43,45860,-1.22,0.45,-0.86,,,,,,,,,
45870,4.76,-3.71,1.16,45870,-1.11,-0.09,-1.13,,,,,,,,,
45880,5.19,2.06,-4.56,45880,-0.89,-0.54,-1.16,,,,,,,,,
45890,5.77,7.12,-10.58,45890,-0.65,-0.63,-0.91,,,,,,,,,
45900,6.24,9.59,-14.64,45900,-0.51,-0.46,-0.45,,,,,,,,,
45910,6.51,8.51,-15.54,45910,-0.37,-0.16,0.04,,,,,,,,,
45920,6.28,4.86,-13.3,45920,-0.18,0.12,0.41,,,,,,,,,
45930,5.79,0.74,-9.37,45930,-0.02,0.23,0.58,,,,,,,,,
45940,5.75,-2.81,-5.8,45940,-0.07,0.15,0.54,,,,,,,,,
45950,5.57,-5.35,-4.86,45950,-0.26,-0.04,0.35,,,,,,,,,
45960,5.64,-6.47,-5.83,45960,-0.34,-0.22,0.08,,,,,,,,,
45970,5.54,-5.34,-7.36,45970,-0.21,-0.34,-0.19,,,,,,,,,
45980,5.58,-2.53,-8.23,45980,-0.1,-0.41,-0.37,,,,,,,,,
45990,5.53,0.48,-9.52,45990,-0.1,-0.44,-0.39,,,,,,,,,
46000,5.64,2.33,-10.77,46000,-0.07,-0.41,-0.29,,,,,,,,,
46010,5.68,3.03,-11.67,46010,-0.02,-0.33,-0.12,,,,,,,,,
46020,5.72,2.92,-11.77,46020,0.03,-0.21,0.05,,,,,,,,,
46030,5.71,1.91,-11.41,46030,0.02,-0.1,0.19,,,,,,,,,
46040,5.52,0.3,-10.34,46040,-0.05,-0.01,0.27,,,,,,,,,
46050,5.38,-1.03,-8.96,46050,-0.03,0.01,0.27,,,,,,,,,
46060,5.28,-2.06,-8.2,46060,-0.03,-0.03,0.21,,,,,,,,,
46070,5.29,-2.62,-8,46070,-0.04,-0.09,0.11,,,,,,,,,
46080,5.35,-2.33,-8.61,46080,0,-0.15,0.01,,,,,,,,,
46090,5.39,-1.58,-9.44,46090,0.05,-0.16,-0.06,,,,,,,,,
46100,5.3,-0.6,-10.07,46100,0.05,-0.12,-0.1,,,,,,,,,
46110,5.34,0.31,-9.86,46110,-0.04,-0.07,-0.1,,,,,,,,,
46120,5.29,0.78,-9.79,46120,-0.13,-0.03,-0.05,,,,,,,,,
46130,5.19,0.62,-9.86,46130,-0.14,0.02,0,,,,,,,,,
46140,5.11,0.35,-9.23,46140,-0.1,0.06,0.04,,,,,,,,,
46150,5.06,-0.25,-8.36,46150,-0.09,0.06,0.07,,,,,,,,,
46160,5.05,-0.51,-8.28,46160,-0.05,0.02,0.07,,,,,,,,,
46170,5,-0.47,-8.58,46170,0,-0.01,0.06,,,,,,,,,
46180,4.97,-0.34,-8.57,46180,0.06,-0.02,0.04,,,,,,,,,
46190,5,0.03,-8.52,46190,0.02,-0.04,0.03,,,,,,,,,
46200,5.1,0.32,-8.59,46200,-0.07,-0.04,0.05,,,,,,,,,
46210,5.04,-0.22,-8.46,46210,-0.09,-0.04,0.07,,,,,,,,,
46220,5.04,-0.68,-8.19,46220,-0.06,-0.06,0.06,,,,,,,,,
46230,5,-0.86,-8.04,46230,-0.06,-0.09,0.03,,,,,,,,,
46240,4.96,-1,-8.27,46240,-0.1,-0.12,0.01,,,,,,,,,
46250,4.97,-1.26,-8.64,46250,-0.12,-0.14,-0.03,,,,,,,,,
46260,5.07,-1.16,-8.89,46260,-0.1,-0.13,-0.06,,,,,,,,,
46270,5.02,-0.97,-8.8,46270,-0.1,-0.13,-0.08,,,,,,,,,
46280,5.04,-0.5,-8.48,46280,-0.1,-0.14,-0.09,,,,,,,,,
46290,4.93,-0.25,-8.4,46290,-0.06,-0.18,-0.08,,,,,,,,,
46300,5.08,-0.08,-8.18,46300,-0.04,-0.21,-0.07,,,,,,,,,
46310,4.98,-0.09,-8,46310,-0.03,-0.25,-0.04,,,,,,,,,
46320,5,-0.46,-8.01,46320,0.01,-0.3,-0.02,,,,,,,,,
46330,4.98,-1.12,-7.78,46330,0.06,-0.35,-0.02,,,,,,,,,
46340,4.97,-1.5,-7.33,46340,0.14,-0.4,-0.05,,,,,,,,,
46350,4.89,-1.14,-7.62,46350,0.29,-0.48,-0.08,,,,,,,,,
46360,5.01,-1.19,-7.03,46360,0.31,-0.53,-0.1,,,,,,,,,
46370,4.92,-1.16,-6.08,46370,0.49,-0.65,-0.12,,,,,,,,,
46380,4.94,-0.84,-5.2,46380,0.69,-0.83,-0.13,,,,,,,,,
46390,4.83,-0.61,-4.66,46390,0.87,-1.06,-0.11,,,,,,,,,
46400,4.68,-0.74,-4.8,46400,1.08,-1.32,-0.08,,,,,,,,,
46410,4.81,-1.16,-6.21,46410,1.27,-1.57,-0.04,,,,,,,,,
46420,4.59,-1.88,-8.35,46420,1.44,-1.79,-0.04,,,,,,,,,
46430,4.52,-2.1,-12.25,46430,1.49,-1.98,-0.07,,,,,,,,,
46440,4.57,-1.72,-18.05,46440,1.29,-1.98,-0.1,,,,,,,,,
46450,4.88,-1.39,-25.75,46450,0.79,-1.73,-0.13,,,,,,,,,
46460,5.53,-0.57,-35.96,46460,0.2,-1.15,-0.15,,,,,,,,,
46470,5.92,1.27,-39.23,46470,-0.61,-0.13,-0.13,,,,,,,,,
46480,5.93,3.16,-39.23,46480,-1.31,1.47,0.02,,,,,,,,,
46490,3.99,6.14,-39.23,46490,-1.73,3.71,0.31,,,,,,,,,
46500,-1.69,8.91,-39.23,46500,-1.66,6.33,0.82,,,,,,,,,
46510,-9.47,8.39,-39.23,46510,-1.05,8.73,1.42,,,,,,,,,
46520,-18.04,7.59,-39.23,46520,-0.75,8.73,1.91,,,,,,,,,
46530,-24.92,8.49,-36.22,46530,-1.06,8.73,2.35,,,,,,,,,
46540,-30.27,4.6,-17.02,46540,-2.07,8.73,2.93,,,,,,,,,
46550,-29.68,-4,-4.96,46550,-2.31,8.73,3.27,,,,,,,,,
46560,-28.41,-11.46,3.87,46560,-2.18,8.73,3.24,,,,,,,,,
46570,-26.72,-16.59,11.38,46570,-1.84,8.73,2.89,,,,,,,,,
46580,-24.24,-20.96,18.54,46580,-1.53,8.73,2.27,,,,,,,,,
46590,-21,-23.59,26.09,46590,-1.18,8.73,1.46,,,,,,,,,
46600,-17.72,-23.49,31.5,46600,-0.98,8.73,0.58,,,,,,,,,
46610,-14.27,-21.18,34.04,46610,-1.04,7.57,-0.21,,,,,,,,,
46620,-11.37,-19.08,36.25,46620,-1.44,6.29,-0.89,,,,,,,,,
46630,-9.89,-17.56,37.77,46630,-0.97,4.92,-1.49,,,,,,,,,
46640,-7.98,-14,38.71,46640,-0.6,3.45,-2.1,,,,,,,,,
46650,-5.83,-6.5,39.22,46650,-0.01,1.75,-2.56,,,,,,,,,
46660,-4.75,1.12,37.13,46660,0.18,0.25,-2.6,,,,,,,,,
46670,-3.41,7.11,34.33,46670,0.46,-1.11,-2.32,,,,,,,,,
46680,-2.82,10.79,32.92,46680,0.67,-2.35,-1.83,,,,,,,,,
46690,-3.04,10.87,35.61,46690,0.63,-3.58,-1.3,,,,,,,,,
46700,-4.25,7.01,39.23,46700,0.26,-5.06,-0.92,,,,,,,,,
46710,-8.06,2.58,39.23,46710,0.01,-6.91,-0.77,,,,,,,,,
46720,-15.78,-4.16,39.23,46720,0.49,-8.73,-0.72,,,,,,,,,
46730,-29.79,-14.11,39.23,46730,1.24,-8.73,-0.9,,,,,,,,,
46740,-39.23,-25.02,39.23,46740,2.43,-8.73,-1.38,,,,,,,,,
46750,-39.23,-30.5,39.23,46750,4.35,-8.73,-1.97,,,,,,,,,
46760,-39.23,-32.16,13.29,46760,6.63,-8.73,-2.13,,,,,,,,,
46770,-39.23,-30.67,-29.53,46770,8.73,-8.73,-1.94,,,,,,,,,
46780,-39.23,-14.89,-39.23,46780,8.51,-8.73,-1.28,,,,,,,,,
46790,-39.23,7.55,-39.23,46790,4.04,-8.73,-0.41,,,,,,,,,
46800,-2.24,22.72,-39.23,46800,-0.62,-6.77,0.48,,,,,,,,,
46810,3.61,11.73,-39.23,46810,-4.18,3.88,1.67,,,,,,,,,
46820,-15.36,-12.17,-39.23,46820,-5.58,8.73,2.1,,,,,,,,,
46830,-26.42,-23.23,-25.01,46830,-4.57,8.73,1.91,,,,,,,,,
46840,-21.38,-30.49,31.53,46840,-2.68,8.73,1.31,,,,,,,,,
46850,-6.87,-35.1,39.23,46850,-1.41,6.84,0.14,,,,,,,,,
46860,0.1,-27.83,39.23,46860,-0.55,2.59,-1.25,,,,,,,,,
46870,0.78,-10.32,39.23,46870,-0.24,-1.4,-2.25,,,,,,,,,
46880,1.16,1.69,11.16,46880,1.01,-3.17,-2.22,,,,,,,,,
46890,2,6.67,-8.57,46890,2.07,-3.57,-1.74,,,,,,,,,
46900,3.59,7.82,-18.59,46900,2.54,-3.24,-1.24,,,,,,,,,
46910,5.37,8.07,-23.56,46910,2.48,-2.52,-0.82,,,,,,,,,
46920,6.22,8.05,-24.48,46920,2.05,-1.66,-0.47,,,,,,,,,
46930,6.14,6.66,-23.41,46930,0.99,-0.8,-0.22,,,,,,,,,
46940,5.96,3.39,-19.51,46940,0.02,-0.07,-0.09,,,,,,,,,
46950,5.25,0.27,-13.86,46950,-0.53,0.38,-0.1,,,,,,,,,
46960,4.43,-2.14,-8.04,46960,-0.67,0.51,-0.2,,,,,,,,,
46970,4.05,-3.87,-3.49,46970,-0.82,0.37,-0.4,,,,,,,,,
46980,3.76,-4.04,-1.54,46980,-0.9,0.02,-0.67,,,,,,,,,
46990,3.75,-1.54,-2.68,46990,-0.81,-0.35,-0.86,,,,,,,,,
47000,4.12,3.59,-7.02,47000,-0.59,-0.61,-0.85,,,,,,,,,
47010,4.42,7.46,-11.54,47010,-0.42,-0.63,-0.59,,,,,,,,,
47020,4.82,9.14,-14.3,47020,-0.27,-0.46,-0.17,,,,,,,,,
47030,4.8,8.07,-15.01,47030,-0.19,-0.21,0.26,,,,,,,,,
47040,4.69,4.43,-13.43,47040,-0.15,0.03,0.59,,,,,,,,,
47050,4.3,0.01,-10.69,47050,-0.14,0.15,0.71,,,,,,,,,
47060,4.07,-3.66,-8.38,47060,-0.17,0.14,0.62,,,,,,,,,
47070,3.86,-5.77,-7.07,47070,-0.17,0.03,0.4,,,,,,,,,
47080,3.86,-6.2,-6.24,47080,-0.15,-0.13,0.13,,,,,,,,,
47090,3.67,-5.42,-6.8,47090,-0.12,-0.33,-0.15,,,,,,,,,
47100,3.78,-3.88,-8.63,47100,-0.13,-0.46,-0.36,,,,,,,,,
47110,4.06,-0.65,-10.77,47110,-0.16,-0.49,-0.46,,,,,,,,,
47120,4.23,2.81,-12.79,47120,-0.19,-0.42,-0.37,,,,,,,,,
47130,4.34,3.8,-13.84,47130,-0.17,-0.26,-0.15,,,,,,,,,
47140,4.27,2.57,-13.27,47140,-0.13,-0.1,0.06,,,,,,,,,
47150,4.1,0.4,-11.91,47150,-0.13,0,0.16,,,,,,,,,
47160,4.03,-1.21,-10.62,47160,-0.16,0.05,0.16,,,,,,,,,
47170,3.89,-2.36,-9.73,47170,-0.21,0.03,0.1,,,,,,,,,
47180,3.95,-2.29,-9.45,47180,-0.14,-0.01,0,,,,,,,,,
47190,3.76,-1.51,-9.62,47190,-0.06,-0.03,-0.07,,,,,,,,,
47200,3.94,-0.74,-9.25,47200,-0.02,-0.05,-0.12,,,,,,,,,
47210,3.9,-0.3,-9.12,47210,-0.08,-0.08,-0.13,,,,,,,,,
47220,3.98,-0.16,-9.71,47220,-0.08,-0.11,-0.13,,,,,,,,,
47230,4.02,0.39,-10.44,47230,-0.04,-0.1,-0.12,,,,,,,,,
47240,4.17,1.05,-10.83,47240,-0.05,-0.05,-0.07,,,,,,,,,
47250,4.04,1.12,-10.76,47250,-0.12,0.01,0,,,,,,,,,
47260,3.99,0.43,-10.21,47260,-0.1,0.05,0.05,,,,,,,,,
47270,3.84,-0.23,-10.06,47270,-0.07,0.07,0.06,,,,,,,,,
47280,3.74,-0.49,-9.61,47280,-0.04,0.09,0.05,,,,,,,,,
47290,3.77,-0.64,-8.81,47290,-0.02,0.07,0.03,,,,,,,,,
47300,3.74,-0.56,-8.64,47300,-0.01,0.02,0.01,,,,,,,,,
47310,3.75,-0.11,-8.73,47310,-0.01,-0.02,0,,,,,,,,,
47320,3.79,0.03,-8.81,47320,-0.02,-0.04,0,,,,,,,,,
47330,3.79,0.27,-9.03,47330,-0.04,-0.06,0.01,,,,,,,,,
47340,3.74,0.6,-9.08,47340,-0.05,-0.07,0.04,,,,,,,,,
47350,3.74,0.06,-9.19,47350,-0.08,-0.07,0.07,,,,,,,,,
47360,3.75,-0.77,-9.21,47360,-0.08,-0.08,0.06,,,,,,,,,
47370,3.85,-0.81,-9.4,47370,-0.05,-0.11,0.03,,,,,,,,,
47380,3.8,-0.22,-10.21,47380,-0.05,-0.11,0.02,,,,,,,,,
47390,3.88,0,-10.53,47390,-0.08,-0.07,0.03,,,,,,,,,
47400,3.9,0.16,-10.58,47400,-0.09,-0.03,0.04,,,,,,,,,
47410,3.82,0.28,-10.39,47410,-0.09,0,0.06,,,,,,,,,
47420,3.85,0.07,-9.58,47420,-0.09,0.02,0.09,,,,,,,,,
47430,3.85,-0.42,-9.24,47430,-0.08,0,0.1,,,,,,,,,
47440,3.84,-0.79,-9,47440,-0.06,-0.02,0.09,,,,,,,,,
47450,3.85,-0.81,-8.81,47450,-0.05,-0.05,0.07,,,,,,,,,
47460,3.87,-0.61,-8.73,47460,-0.05,-0.08,0.05,,,,,,,,,
47470,3.81,-0.46,-8.77,47470,-0.02,-0.11,0.05,,,,,,,,,
47480,3.87,-0.37,-8.82,47480,0,-0.13,0.06,,,,,,,,,
47490,3.7,-0.48,-8.33,47490,0.01,-0.15,0.06,,,,,,,,,
47500,3.73,-0.86,-7.03,47500,0.1,-0.21,0.05,,,,,,,,,
47510,3.57,-1.43,-5.87,47510,0.23,-0.35,0.04,,,,,,,,,
47520,3.42,-2.34,-5.25,47520,0.4,-0.55,0,,,,,,,,,
47530,3.33,-3.53,-4.98,47530,0.56,-0.81,-0.11,,,,,,,,,
47540,3.31,-3.87,-5.52,47540,0.73,-1.09,-0.24,,,,,,,,,
47550,3.47,-3.41,-8.58,47550,0.98,-1.37,-0.36,,,,,,,,,
47560,3.57,-1.84,-13.91,47560,1.29,-1.52,-0.43,,,,,,,,,
47570,3.92,0.73,-20.93,47570,1.29,-1.46,-0.43,,,,,,,,,
47580,4.49,2.72,-30.8,47580,0.51,-1.09,-0.35,,,,,,,,,
47590,5.59,4.5,-39.23,47590,-0.77,-0.3,-0.26,,,,,,,,,
47600,6.23,9.32,-39.23,47600,-2.07,1.09,-0.03,,,,,,,,,
47610,3.09,15.16,-39.23,47610,-2.64,3.35,0.59,,,,,,,,,
47620,-1.6,17.56,-39.23,47620,-2.08,6.03,1.53,,,,,,,,,
47630,-12.2,17.7,-39.23,47630,-0.71,8.73,2.69,,,,,,,,,
47640,-23.82,12.22,-39.23,47640,-0.09,8.73,3.49,,,,,,,,,
47650,-31.18,4.87,-39.23,47650,-0.41,8.73,3.85,,,,,,,,,
47660,-35.67,-0.59,-21.52,47660,-1.72,8.73,3.97,,,,,,,,,
47670,-35.76,-6.21,-10.46,47670,-2.53,8.73,4.02,,,,,,,,,
47680,-35.2,-10.6,-4.13,47680,-2.33,8.73,3.99,,,,,,,,,
47690,-35.21,-15.01,3.61,47690,-1.84,8.73,3.71,,,,,,,,,
47700,-32.26,-19.3,13.33,47700,-1.1,8.73,3.21,,,,,,,,,
47710,-28.7,-22.75,22.17,47710,-0.61,8.73,2.48,,,,,,,,,
47720,-27.14,-22.36,27.08,47720,-1.31,8.73,1.66,,,,,,,,,
47730,-22.84,-24.8,33.53,47730,-0.87,8.73,0.82,,,,,,,,,
47740,-18.65,-25.43,39.23,47740,-0.64,7.99,-0.29,,,,,,,,,
47750,-14.66,-22.26,39.23,47750,-0.53,6.16,-1.26,,,,,,,,,
47760,-11.42,-17.7,39.23,47760,0.05,4.03,-1.99,,,,,,,,,
47770,-9.57,-11.8,39.23,47770,0.38,1.77,-2.54,,,,,,,,,
47780,-8.79,-5.32,39.23,47780,0.62,-0.41,-2.83,,,,,,,,,
47790,-9.03,-0.77,39.23,47790,0.62,-2.32,-2.88,,,,,,,,,
47800,-9.5,1.64,39.23,47800,0.24,-4.07,-2.84,,,,,,,,,
47810,-12.36,3.25,39.23,47810,0.26,-6.03,-2.69,,,,,,,,,
47820,-17.35,2.08,39.23,47820,0.61,-8.24,-2.47,,,,,,,,,
47830,-26.33,-3.25,39.23,47830,1.01,-8.73,-2.33,,,,,,,,,
47840,-39.23,-10.26,39.23,47840,1.87,-8.73,-2.42,,,,,,,,,
47850,-39.23,-15.39,39.23,47850,3.9,-8.73,-2.49,,,,,,,,,
47860,-39.23,-19.54,26.72,47860,6.04,-8.73,-2.3,,,,,,,,,
47870,-39.23,-23.03,-2.76,47870,8.03,-8.73,-1.94,,,,,,,,,
47880,-39.23,-16.77,-39.23,47880,8.73,-8.73,-1.23,,,,,,,,,
47890,-39.23,-2.29,-39.23,47890,6.66,-8.73,-0.33,,,,,,,,,
47900,-32.35,6.59,-39.23,47900,-0.37,-8.73,-0.07,,,,,,,,,
47910,1.24,16.96,-39.23,47910,-3.41,-5.02,0.38,,,,,,,,,
47920,1.75,12.49,-39.23,47920,-4.27,4.55,1.57,,,,,,,,,
47930,-13.97,-6.84,-39.23,47930,-3.31,8.73,2.14,,,,,,,,,
47940,-23.27,-14.94,-13.07,47940,-2.53,8.73,2.03,,,,,,,,,
47950,-16.46,-21.29,34.27,47950,-2.36,8.73,1.54,,,,,,,,,
47960,-2.87,-30.28,39.23,47960,-1.4,5.58,0.54,,,,,,,,,
47970,2.03,-25.72,39.23,47970,-0.4,1.9,-0.77,,,,,,,,,
47980,2.43,-11.17,39.13,47980,0.18,-1.15,-1.66,,,,,,,,,
47990,2.34,-1.72,13.36,47990,1.06,-2.79,-1.78,,,,,,,,,
48000,3.06,2.21,-4.11,48000,1.91,-3.26,-1.61,,,,,,,,,
48010,4.31,6.34,-13.85,48010,2.61,-3.1,-1.32,,,,,,,,,
48020,5.43,10.38,-19.18,48020,2.78,-2.62,-0.92,,,,,,,,,
48030,6.1,12.31,-23.03,48030,1.93,-1.91,-0.43,,,,,,,,,
48040,6.56,9.65,-25.8,48040,0.35,-1,-0.02,,,,,,,,,
48050,6.66,4.33,-24.13,48050,-0.84,-0.05,0.18,,,,,,,,,
48060,5.69,0.07,-16.84,48060,-1.34,0.6,0.17,,,,,,,,,
48070,4.75,-2.3,-8.34,48070,-1.47,0.78,0.02,,,,,,,,,
48080,4.45,-3.52,-2.95,48080,-1.33,0.55,-0.16,,,,,,,,,
48090,4.23,-3.97,-0.79,48090,-1.04,0.11,-0.39,,,,,,,,,
48100,4.42,-2.21,-2.37,48100,-0.81,-0.36,-0.6,,,,,,,,,
48110,4.56,1.13,-6.36,48110,-0.64,-0.66,-0.68,,,,,,,,,
48120,5.06,4.11,-10.74,48120,-0.41,-0.76,-0.59,,,,,,,,,
48130,5.35,6.53,-14.13,48130,-0.11,-0.67,-0.36,,,,,,,,,
48140,5.59,7.75,-15.27,48140,0.23,-0.45,-0.04,,,,,,,,,
48150,5.51,6.74,-14.33,48150,0.42,-0.21,0.3,,,,,,,,,
48160,5.19,3.76,-11.89,48160,0.42,-0.04,0.53,,,,,,,,,
48170,4.85,0.54,-9.69,48170,0.34,0.02,0.59,,,,,,,,,
48180,4.78,-1.97,-7.9,48180,0.11,0,0.49,,,,,,,,,
48190,4.46,-3.18,-6.66,48190,-0.24,-0.08,0.32,,,,,,,,,
48200,4.41,-3.45,-6.56,48200,-0.35,-0.22,0.12,,,,,,,,,
48210,4.24,-2.76,-6.59,48210,-0.26,-0.36,-0.03,,,,,,,,,
48220,4.22,-1.83,-7,48220,-0.13,-0.51,-0.13,,,,,,,,,
48230,4.35,-0.15,-9.14,48230,-0.02,-0.63,-0.18,,,,,,,,,
48240,4.33,1.94,-12.02,48240,0.04,-0.62,-0.13,,,,,,,,,
48250,4.42,2.88,-13.59,48250,0.14,-0.48,0.01,,,,,,,,,
48260,4.34,2.43,-13.41,48260,0.15,-0.29,0.17,,,,,,,,,
48270,4.22,0.83,-11.87,48270,0.06,-0.15,0.26,,,,,,,,,
48280,4,-1.24,-10.78,48280,-0.06,-0.08,0.25,,,,,,,,,
48290,3.79,-2.48,-9.15,48290,-0.14,-0.06,0.15,,,,,,,,,
48300,3.74,-2.5,-7.58,48300,-0.16,-0.14,0.01,,,,,,,,,
48310,3.81,-2.26,-7.27,48310,-0.13,-0.25,-0.1,,,,,,,,,
48320,3.77,-1.47,-7.55,48320,-0.09,-0.35,-0.18,,,,,,,,,
48330,3.92,-0.05,-8.12,48330,-0.02,-0.43,-0.23,,,,,,,,,
48340,3.86,1.64,-9.19,48340,0.12,-0.48,-0.19,,,,,,,,,
48350,3.98,2.68,-10.04,48350,0.26,-0.48,-0.08,,,,,,,,,
48360,3.91,2.97,-10.51,48360,0.33,-0.44,0.05,,,,,,,,,
48370,3.82,2.22,-10.76,48370,0.25,-0.39,0.17,,,,,,,,,
48380,3.75,0.56,-10.9,48380,0.13,-0.32,0.22,,,,,,,,,
48390,3.67,-1.18,-10.77,48390,0,-0.24,0.19,,,,,,,,,
48400,3.61,-2.07,-9.78,48400,-0.1,-0.2,0.09,,,,,,,,,
48410,3.44,-1.72,-8.87,48410,-0.15,-0.21,-0.03,,,,,,,,,
48420,3.48,-0.8,-8.58,48420,-0.11,-0.26,-0.1,,,,,,,,,
48430,3.52,0.95,-9.38,48430,-0.04,-0.32,-0.1,,,,,,,,,
48440,3.67,2.32,-10.7,48440,0.07,-0.32,-0.02,,,,,,,,,
48450,3.71,2.43,-11.48,48450,0.14,-0.26,0.11,,,,,,,,,
48460,3.76,1.3,-11.69,48460,0.17,-0.17,0.21,,,,,,,,,
48470,3.76,-0.22,-11.04,48470,0.15,-0.09,0.24,,,,,,,,,
48480,3.73,-1.14,-10.28,48480,0.08,-0.04,0.2,,,,,,,,,
48490,3.59,-1.4,-9.65,48490,-0.06,0,0.14,,,,,,,,,
48500,3.54,-1.56,-9.12,48500,-0.17,-0.02,0.07,,,,,,,,,
48510,3.5,-1.17,-8.88,48510,-0.15,-0.05,0,,,,,,,,,
48520,3.54,-0.36,-8.59,48520,-0.1,-0.1,-0.03,,,,,,,,,
48530,3.51,0.2,-8.86,48530,-0.06,-0.16,-0.02,,,,,,,,,
48540,3.61,0.37,-9.6,48540,-0.05,-0.18,0,,,,,,,,,
48550,3.64,0.15,-10.15,48550,-0.02,-0.17,0.03,,,,,,,,,
48560,3.64,-0.16,-10.17,48560,0.03,-0.15,0.04,,,,,,,,,
48570,3.53,-0.45,-9.79,48570,0.04,-0.13,0.03,,,,,,,,,
48580,3.49,-0.66,-9.12,48580,0.01,-0.13,0.01,,,,,,,,,
48590,3.43,-0.66,-8.71,48590,-0.08,-0.17,-0.01,,,,,,,,,
48600,3.42,-0.55,-9.1,48600,-0.11,-0.22,-0.04,,,,,,,,,
48610,3.52,-0.02,-10.18,48610,-0.11,-0.24,-0.05,,,,,,,,,
48620,3.52,0.17,-10.93,48620,-0.15,-0.2,-0.03,,,,,,,,,
48630,3.53,0.04,-11.29,48630,-0.16,-0.13,-0.02,,,,,,,,,
48640,3.53,0.05,-10.96,48640,-0.13,-0.08,-0.02,,,,,,,,,
48650,3.49,0.31,-10.54,48650,-0.1,-0.04,-0.01,,,,,,,,,
48660,3.49,0.58,-9.72,48660,-0.11,-0.02,0.01,,,,,,,,,
48670,3.44,0.7,-9.15,48670,-0.13,-0.03,0.03,,,,,,,,,
48680,3.46,0.54,-9.12,48680,-0.1,-0.07,0.06,,,,,,,,,
48690,3.44,0.26,-9.18,48690,-0.06,-0.1,0.08,,,,,,,,,
48700,3.41,-0.07,-9.39,48700,-0.04,-0.11,0.08,,,,,,,,,
48710,3.47,-0.28,-9.57,48710,-0.04,-0.11,0.06,,,,,,,,,
48720,3.46,0.02,-9.04,48720,-0.05,-0.11,0.04,,,,,,,,,
48730,3.43,0.33,-8.46,48730,-0.05,-0.12,0.04,,,,,,,,,
48740,3.4,0.61,-7.58,48740,0.01,-0.17,0.06,,,,,,,,,
48750,3.43,0.74,-6.44,48750,0.06,-0.25,0.09,,,,,,,,,
48760,3.25,0.58,-5.08,48760,0.17,-0.38,0.12,,,,,,,,,
48770,3.18,0.47,-3.67,48770,0.35,-0.58,0.15,,,,,,,,,
48780,2.86,0.16,-2,48780,0.68,-0.85,0.19,,,,,,,,,
48790,2.31,-0.31,0.51,48790,1.14,-1.24,0.24,,,,,,,,,
48800,1.71,-1.19,2.11,48800,1.66,-1.83,0.29,,,,,,,,,
48810,0.97,-3.32,-0.6,48810,2.12,-2.52,0.31,,,,,,,,,
48820,0.75,-4.61,-9.86,48820,2.32,-3.09,0.23,,,,,,,,,
48830,0.74,-3.65,-24.84,48830,1.8,-3.2,0.09,,,,,,,,,
48840,3.74,-0.73,-39.23,48840,-0.07,-2.48,-0.07,,,,,,,,,
48850,2.17,5.98,-39.23,48850,-2.18,-0.89,-0.05,,,,,,,,,
48860,2.56,13.54,-39.23,48860,-3.05,1.93,0.43,,,,,,,,,
48870,-5.37,17.84,-39.23,48870,-1.91,5.88,1.42,,,,,,,,,
48880,-18.21,14.59,-39.23,48880,-0.21,8.73,2.48,,,,,,,,,
48890,-34.04,5.4,-39.23,48890,0.06,8.73,3.11,,,,,,,,,
48900,-39.23,-5.04,-39.23,48900,-0.17,8.73,3.2,,,,,,,,,
48910,-39.23,-11.28,-19.19,48910,-0.64,8.73,2.83,,,,,,,,,
48920,-39.23,-13.86,0.09,48920,-0.9,8.73,2.36,,,,,,,,,
48930,-39.23,-14.71,11.06,48930,-1.34,8.73,1.92,,,,,,,,,
48940,-37.54,-16.18,17.48,48940,-1.46,8.73,1.46,,,,,,,,,
48950,-31.98,-16.52,22.93,48950,-1.41,8.73,0.88,,,,,,,,,
48960,-28.29,-14.59,26.78,48960,-1.43,8.73,0.39,,,,,,,,,
48970,-23.92,-12.11,31.58,48970,-1.68,8.73,0.02,,,,,,,,,
48980,-20.55,-11.28,37.3,48980,-1.43,8.73,-0.3,,,,,,,,,
48990,-16.19,-9.69,39.23,48990,-1.79,7.5,-0.56,,,,,,,,,
49000,-11.76,-11.52,39.23,49000,-0.73,5.86,-0.81,,,,,,,,,
49010,-8.51,-9.77,39.23,49010,-0.37,4.04,-1.2,,,,,,,,,
49020,-6.09,-6.62,39.23,49020,0.07,2.11,-1.51,,,,,,,,,
49030,-5.19,-3.67,39.23,49030,0.62,0.12,-1.66,,,,,,,,,
49040,-6.11,-2.28,39.23,49040,0.62,-1.76,-1.71,,,,,,,,,
49050,-7.38,-3.34,39.23,49050,0.16,-3.46,-1.88,,,,,,,,,
49060,-9.67,-2.21,39.23,49060,0.16,-5.48,-2.07,,,,,,,,,
49070,-14.19,-1.56,39.23,49070,0.46,-7.54,-2.06,,,,,,,,,
49080,-20.98,-5.19,39.23,49080,0.55,-8.73,-2.13,,,,,,,,,
49090,-31.78,-7.39,39.23,49090,1.25,-8.73,-2.29,,,,,,,,,
49100,-39.23,-9.39,39.23,49100,2.64,-8.73,-2.35,,,,,,,,,
49110,-39.23,-12.1,36.95,49110,4.47,-8.73,-2.19,,,,,,,,,
49120,-39.23,-16.32,15.19,49120,6.4,-8.73,-1.84,,,,,,,,,
49130,-39.23,-14.64,-18.81,49130,8.21,-8.73,-1.37,,,,,,,,,
49140,-39.23,0.09,-39.23,49140,6.41,-8.73,-0.7,,,,,,,,,
49150,-39.23,15.58,-39.23,49150,1.88,-8.73,0.13,,,,,,,,,
49160,-6.06,23.57,-39.23,49160,-3.06,-8.67,0.8,,,,,,,,,
49170,3.29,20.19,-39.23,49170,-4.21,1.15,2.05,,,,,,,,,
49180,-9.4,-7.18,-39.23,49180,-3.06,8.41,2.87,,,,,,,,,
49190,-20.6,-19.15,-35.32,49190,-2.2,8.73,2.54,,,,,,,,,
49200,-16.55,-24.92,20.92,49200,-1.79,8.73,1.83,,,,,,,,,
49210,-5.2,-30.96,39.23,49210,-1.92,6.72,0.82,,,,,,,,,
49220,1.72,-29.14,39.23,49220,-1.17,3.04,-0.54,,,,,,,,,
49230,3.29,-15.1,39.23,49230,-0.22,-0.33,-1.6,,,,,,,,,
49240,2.85,-3.37,20.13,49240,0.78,-2.34,-1.84,,,,,,,,,
49250,3.16,-0.11,0.37,49250,1.47,-3.04,-1.73,,,,,,,,,
49260,4.13,2.92,-10.4,49260,2.28,-3.04,-1.62,,,,,,,,,
49270,5.29,10.9,-17.84,49270,2.86,-2.71,-1.35,,,,,,,,,
49280,5.85,18,-24.01,49280,2.59,-2.05,-0.72,,,,,,,,,
49290,7.05,17.36,-30.16,49290,0.89,-0.99,0.08,,,,,,,,,
49300,7.56,10.02,-32.35,49300,-0.4,0.2,0.61,,,,,,,,,
49310,6.56,1.95,-27.3,49310,-0.9,1.28,0.77,,,,,,,,,
49320,5.09,-3.2,-16.93,49320,-1.15,1.94,0.62,,,,,,,,,
49330,4.44,-5.33,-4.21,49330,-1.28,2.01,0.32,,,,,,,,,
49340,4.3,-5.8,4.14,49340,-1.25,1.5,0.01,,,,,,,,,
49350,4.39,-5.39,6.03,49350,-0.98,0.73,-0.26,,,,,,,,,
49360,4.46,-4.72,3.71,49360,-0.64,0.02,-0.49,,,,,,,,,
49370,4.59,-4.29,0.41,49370,-0.3,-0.49,-0.67,,,,,,,,,
49380,4.67,-2.5,-3.86,49380,-0.04,-0.85,-0.84,,,,,,,,,
49390,4.98,2.15,-9,49390,0.24,-0.96,-0.86,,,,,,,,,
49400,5.19,5.51,-12.07,49400,0.51,-0.83,-0.64,,,,,,,,,
49410,5.32,5.75,-11.59,49410,0.76,-0.64,-0.36,,,,,,,,,
49420,5.23,4.52,-9.75,49420,0.86,-0.51,-0.13,,,,,,,,,
49430,5.06,2.8,-8.26,49430,0.82,-0.47,0.01,,,,,,,,,
49440,4.5,0.74,-7.59,49440,0.73,-0.48,0.05,,,,,,,,,
49450,4.52,-1.54,-6.28,49450,0.68,-0.53,0,,,,,,,,,
49460,4.22,-3.13,-6.46,49460,0.33,-0.64,-0.18,,,,,,,,,
49470,4.12,-2.92,-8.46,49470,0.02,-0.74,-0.4,,,,,,,,,
49480,4.16,-1.18,-11.65,49480,-0.15,-0.75,-0.56,,,,,,,,,
49490,4.44,1.41,-15.08,49490,-0.12,-0.63,-0.61,,,,,,,,,
49500,4.49,3.68,-15.96,49500,0.01,-0.38,-0.5,,,,,,,,,
49510,4.73,4.4,-14.67,49510,0.07,-0.14,-0.28,,,,,,,,,
49520,4.78,3.23,-13.08,49520,0.08,0,-0.08,,,,,,,,,
49530,4.8,0.92,-11.5,49530,0.05,0.07,0.02,,,,,,,,,
49540,4.8,-0.96,-10.56,49540,0.01,0.09,0.02,,,,,,,,,
49550,4.7,-1.79,-10.14,49550,-0.03,0.1,-0.06,,,,,,,,,
49560,4.72,-1.76,-9.7,49560,-0.08,0.11,-0.16,,,,,,,,,
49570,4.62,-1.28,-9.5,49570,-0.17,0.11,-0.26,,,,,,,,,
49580,4.46,-0.98,-9.44,49580,-0.28,0.12,-0.34,,,,,,,,,
49590,4.49,-0.83,-9.31,49590,-0.37,0.14,-0.41,,,,,,,,,
49600,4.44,-0.12,-9.66,49600,-0.45,0.16,-0.48,,,,,,,,,
49610,4.53,1.28,-10.4,49610,-0.51,0.19,-0.51,,,,,,,,,
49620,4.66,3.16,-11.1,49620,-0.57,0.28,-0.44,,,,,,,,,
49630,4.67,4.63,-11.18,49630,-0.54,0.38,-0.3,,,,,,,,,
49640,4.59,5.31,-10.61,49640,-0.43,0.46,-0.1,,,,,,,,,
49650,4.58,4.28,-9.36,49650,-0.35,0.51,0.1,,,,,,,,,
49660,4.6,2.55,-7.36,49660,-0.29,0.49,0.22,,,,,,,,,
49670,4.47,0.84,-5.5,49670,-0.26,0.37,0.24,,,,,,,,,
49680,4.48,-0.31,-4.5,49680,-0.22,0.18,0.2,,,,,,,,,
49690,4.63,-0.94,-4.58,49690,-0.19,-0.03,0.12,,,,,,,,,
49700,4.72,-1.02,-5.45,49700,-0.15,-0.2,0.02,,,,,,,,,
49710,4.64,-0.59,-6.08,49710,-0.11,-0.32,-0.07,,,,,,,,,
49720,4.69,0.2,-7.09,49720,-0.07,-0.41,-0.13,,,,,,,,,
49730,4.72,1.73,-8.72,49730,-0.02,-0.47,-0.14,,,,,,,,,
49740,4.79,3.16,-10.91,49740,-0.01,-0.43,-0.09,,,,,,,,,
49750,4.94,3.9,-12.37,49750,-0.05,-0.29,0.02,,,,,,,,,
49760,4.99,3.81,-12.28,49760,-0.09,-0.11,0.16,,,,,,,,,
49770,4.85,2.51,-10.77,49770,-0.11,0.02,0.27,,,,,,,,,
49780,4.63,0.85,-8.91,49780,-0.14,0.06,0.3,,,,,,,,,
49790,4.54,-0.32,-7.14,49790,-0.16,0.01,0.26,,,,,,,,,
49800,4.41,-0.97,-6.52,49800,-0.17,-0.12,0.17,,,,,,,,,
49810,4.54,-1.08,-7.05,49810,-0.15,-0.26,0.08,,,,,,,,,
49820,4.57,-0.85,-8.14,49820,-0.14,-0.34,-0.01,,,,,,,,,
49830,4.63,-0.13,-8.88,49830,-0.13,-0.38,-0.08,,,,,,,,,
49840,4.72,1.12,-10.18,49840,-0.12,-0.37,-0.1,,,,,,,,,
49850,4.78,1.86,-11.38,49850,-0.12,-0.31,-0.07,,,,,,,,,
49860,4.9,2.92,-12.3,49860,-0.11,-0.2,-0.01,,,,,,,,,
49870,4.79,3.11,-12.18,49870,-0.11,-0.05,0.1,,,,,,,,,
49880,4.8,2.36,-10.81,49880,-0.13,0.06,0.19,,,,,,,,,
49890,4.63,1.3,-9.53,49890,-0.15,0.11,0.24,,,,,,,,,
49900,4.51,0.18,-8.13,49900,-0.16,0.1,0.22,,,,,,,,,
49910,4.47,-0.09,-6.41,49910,-0.15,0.04,0.16,,,,,,,,,
49920,4.41,0.23,-5.26,49920,-0.14,-0.11,0.11,,,,,,,,,
49930,4.45,0.32,-5.01,49930,-0.09,-0.29,0.08,,,,,,,,,
49940,4.34,0.59,-4.77,49940,0.06,-0.45,0.07,,,,,,,,,
49950,4.35,0.57,-3.85,49950,0.32,-0.65,0.07,,,,,,,,,
49960,4.13,0.25,-2.25,49960,0.62,-0.89,0.07,,,,,,,,,
49970,3.85,0.13,0.07,49970,0.94,-1.23,0.07,,,,,,,,,
49980,3.29,-0.65,2.63,49980,1.34,-1.71,0.08,,,,,,,,,
49990,2.57,-1.88,4.58,49990,1.93,-2.38,0.08,,,,,,,,,
50000,0.92,-2.82,2.71,50000,2.63,-3.23,0.08,,,,,,,,,
50010,0.03,-2.88,-7.49,50010,3.29,-4.07,0.05,,,,,,,,,
50020,0.36,-0.99,-26.92,50020,3.09,-4.34,0.02,,,,,,,,,
50030,2.67,2.79,-39.23,50030,1.33,-3.61,0,,,,,,,,,
50040,4.29,10.33,-39.23,50040,-2.4,-1.74,0.04,,,,,,,,,
50050,4.48,21.24,-39.23,50050,-4.74,1.68,0.63,,,,,,,,,
50060,-7.09,26.46,-39.23,50060,-3.52,6.64,2.19,,,,,,,,,
50070,-23.5,20.3,-39.23,50070,-0.84,8.73,3.62,,,,,,,,,
50080,-39.23,8.98,-39.23,50080,0.2,8.73,4.36,,,,,,,,,
50090,-39.23,-2.45,-38.45,50090,0,8.73,4.48,,,,,,,,,
50100,-39.23,-11.84,-9.54,50100,-0.92,8.73,4.16,,,,,,,,,
50110,-39.23,-17.96,10.49,50110,-1.69,8.73,3.62,,,,,,,,,
50120,-39.23,-20,20.88,50120,-1.81,8.73,3.01,,,,,,,,,
50130,-35.71,-20.46,28.41,50130,-1.61,8.73,2.26,,,,,,,,,
50140,-29.45,-17.31,31.62,50140,-1.34,8.73,1.59,,,,,,,,,
50150,-24.24,-13.57,33.78,50150,-1.4,8.73,1.06,,,,,,,,,
50160,-19.49,-10.76,36.31,50160,-1.16,8.73,0.75,,,,,,,,,
50170,-15.57,-8.81,37.48,50170,-1.21,7.37,0.5,,,,,,,,,
50180,-12.72,-10.39,39.23,50180,-0.96,5.83,0.17,,,,,,,,,
50190,-9.76,-12,39.23,50190,-0.31,4.36,-0.15,,,,,,,,,
50200,-7.89,-11.34,39.23,50200,-0.24,2.79,-0.61,,,,,,,,,
50210,-6.9,-10.82,39.23,50210,0.05,1.13,-1.06,,,,,,,,,
50220,-6.56,-8.94,39.23,50220,0.27,-0.47,-1.47,,,,,,,,,
50230,-7.73,-7.38,39.23,50230,0.14,-1.96,-1.82,,,,,,,,,
50240,-8.53,-6.81,39.23,50240,-0.05,-3.45,-2.18,,,,,,,,,
50250,-11.81,-5.49,39.23,50250,0.14,-5.22,-2.47,,,,,,,,,
50260,-15.51,-5.82,39.23,50260,0.4,-7.36,-2.68,,,,,,,,,
50270,-23.85,-7.05,39.23,50270,0.64,-8.73,-2.86,,,,,,,,,
50280,-37.39,-8.87,39.23,50280,1.76,-8.73,-2.96,,,,,,,,,
50290,-39.23,-13.34,39.23,50290,3.34,-8.73,-2.95,,,,,,,,,
50300,-39.23,-17.99,39.23,50300,5.45,-8.73,-2.79,,,,,,,,,
50310,-39.23,-22.01,12.84,50310,7.64,-8.73,-2.37,,,,,,,,,
50320,-39.23,-20.18,-28.53,50320,8.73,-8.73,-1.81,,,,,,,,,
50330,-39.23,-4.11,-39.23,50330,5.26,-8.73,-1.36,,,,,,,,,
50340,-39.23,14.62,-39.23,50340,0.21,-8.73,-0.84,,,,,,,,,
50350,-0.64,29.46,-39.23,50350,-2.19,-6.11,0.16,,,,,,,,,
50360,-0.78,29.05,-39.23,50360,-3.38,4.79,2.04,,,,,,,,,
50370,-20.85,1.61,-39.23,50370,-3.56,8.73,3.17,,,,,,,,,
50380,-29.96,-15.22,-17.71,50380,-2.67,8.73,3.31,,,,,,,,,
50390,-19.84,-30.13,39.23,50390,-1.54,8.73,2.6,,,,,,,,,
50400,-3.49,-35.67,39.23,50400,-1.58,5.76,0.94,,,,,,,,,
50410,2.69,-30.24,39.23,50410,-0.41,1.56,-0.65,,,,,,,,,
50420,2.39,-15.35,39.23,50420,0.49,-1.75,-1.67,,,,,,,,,
50430,1.5,-8.08,13.89,50430,1.24,-3.38,-1.98,,,,,,,,,
50440,1.35,-6.01,-2.33,50440,2.18,-3.8,-2.09,,,,,,,,,
50450,1.8,-0.9,-11.96,50450,3.03,-3.83,-2.22,,,,,,,,,
50460,3.48,11.15,-24.71,50460,3.13,-3.41,-2.05,,,,,,,,,
50470,5.33,20.23,-35.69,50470,1.89,-2.31,-1.39,,,,,,,,,
50480,7.13,20.58,-39.23,50480,0.11,-0.74,-0.51,,,,,,,,,
50490,6.64,13.53,-36.59,50490,-0.99,0.9,0.23,,,,,,,,,
50500,4.7,4.63,-22.63,50500,-1.58,2,0.53,,,,,,,,,
50510,3.62,-0.3,-5.11,50510,-1.85,2.25,0.47,,,,,,,,,
50520,2.98,-2.76,5.25,50520,-1.63,1.71,0.34,,,,,,,,,
50530,3.21,-4.97,9.19,50530,-1.12,0.78,0.11,,,,,,,,,
50540,3.56,-6.12,7.72,50540,-0.69,-0.16,-0.19,,,,,,,,,
50550,3.66,-4.87,2.26,50550,-0.46,-0.89,-0.51,,,,,,,,,
50560,4.04,-0.48,-5.52,50560,-0.17,-1.32,-0.71,,,,,,,,,
50570,4.45,4.87,-13.43,50570,0.17,-1.34,-0.64,,,,,,,,,
50580,4.94,8.07,-17.64,50580,0.57,-1.03,-0.33,,,,,,,,,
50590,5.01,8.42,-17.21,50590,0.86,-0.6,0.07,,,,,,,,,
50600,4.74,6.36,-13.47,50600,0.99,-0.29,0.4,,,,,,,,,
50610,4.15,3.45,-9.77,50610,0.85,-0.16,0.58,,,,,,,,,
50620,3.99,0.01,-7.94,50620,0.34,-0.2,0.59,,,,,,,,,
50630,3.94,-2.28,-8.83,50630,-0.11,-0.25,0.45,,,,,,,,,
50640,3.88,-3.36,-9.8,50640,-0.29,-0.24,0.25,,,,,,,,,
50650,3.64,-3.37,-9.67,50650,-0.2,-0.25,0.06,,,,,,,,,
50660,3.63,-1.62,-9.85,50660,-0.09,-0.3,-0.1,,,,,,,,,
50670,3.62,1.27,-11.13,50670,-0.07,-0.33,-0.13,,,,,,,,,
50680,3.66,2.84,-12.85,50680,-0.08,-0.3,-0.03,,,,,,,,,
50690,3.87,2.69,-14.23,50690,-0.06,-0.18,0.11,,,,,,,,,
50700,3.91,1.71,-14.28,50700,0.02,-0.01,0.23,,,,,,,,,
50710,3.98,0.43,-13.05,50710,0.04,0.13,0.28,,,,,,,,,
50720,3.87,-0.64,-11.34,50720,-0.01,0.22,0.28,,,,,,,,,
50730,3.74,-2.03,-9.71,50730,-0.09,0.25,0.2,,,,,,,,,
50740,3.69,-2.86,-8.47,50740,-0.09,0.21,0.09,,,,,,,,,
50750,3.61,-2.86,-7.36,50750,-0.08,0.14,-0.06,,,,,,,,,
50760,3.6,-1.15,-6.83,50760,-0.15,0.02,-0.19,,,,,,,,,
50770,3.74,0.69,-7.8,50770,-0.21,-0.1,-0.22,,,,,,,,,
50780,3.82,1.33,-9.37,50780,-0.19,-0.13,-0.17,,,,,,,,,
50790,3.85,0.93,-9.82,50790,-0.12,-0.1,-0.12,,,,,,,,,
50800,3.77,0.5,-9.3,50800,-0.12,-0.07,-0.12,,,,,,,,,
50810,3.72,0.36,-8.88,50810,-0.17,-0.08,-0.13,,,,,,,,,
50820,3.69,0.57,-8.77,50820,-0.18,-0.1,-0.14,,,,,,,,,
50830,3.71,1.32,-8.91,50830,-0.14,-0.11,-0.13,,,,,,,,,
50840,3.65,1.86,-8.89,50840,-0.07,-0.13,-0.07,,,,,,,,,
50850,3.67,2.01,-9.29,50850,-0.03,-0.16,-0.02,,,,,,,,,
50860,3.86,2.09,-10.16,50860,-0.03,-0.15,0.04,,,,,,,,,
50870,3.87,2.19,-10.89,50870,-0.04,-0.09,0.11,,,,,,,,,
50880,3.93,1.87,-10.8,50880,-0.04,-0.01,0.18,,,,,,,,,
50890,3.87,0.84,-9.95,50890,-0.05,0.04,0.21,,,,,,,,,
50900,3.79,-0.16,-8.99,50900,-0.09,0.05,0.2,,,,,,,,,
50910,3.77,-0.67,-8.2,50910,-0.13,0.02,0.15,,,,,,,,,
50920,3.72,-0.91,-7.87,50920,-0.14,-0.05,0.09,,,,,,,,,
50930,3.67,-0.72,-8.01,50930,-0.12,-0.12,0.02,,,,,,,,,
50940,3.71,-0.14,-8.29,50940,-0.07,-0.18,-0.01,,,,,,,,,
50950,3.79,0.98,-9.13,50950,-0.05,-0.23,-0.02,,,,,,,,,
50960,3.85,1.94,-10.29,50960,-0.01,-0.22,0.03,,,,,,,,,
50970,3.91,2.27,-10.6,50970,0.04,-0.17,0.12,,,,,,,,,
50980,3.91,1.8,-10.03,50980,0.09,-0.13,0.21,,,,,,,,,
50990,3.84,0.68,-9.39,50990,0.11,-0.13,0.25,,,,,,,,,
51000,3.79,-0.5,-8.68,51000,0.16,-0.15,0.24,,,,,,,,,
51010,3.72,-1.37,-8.16,51010,0.21,-0.21,0.18,,,,,,,,,
51020,3.68,-1.95,-7.45,51020,0.28,-0.28,0.1,,,,,,,,,
51030,3.57,-1.93,-6.43,51030,0.39,-0.39,0,,,,,,,,,
51040,3.4,-1.49,-4.92,51040,0.57,-0.56,-0.08,,,,,,,,,
51050,3.18,-1.07,-2.48,51050,0.95,-0.85,-0.11,,,,,,,,,
51060,2.71,-1.43,0.23,51060,1.56,-1.33,-0.11,,,,,,,,,
51070,1.91,-1.51,2.05,51070,2.36,-1.94,-0.08,,,,,,,,,
51080,1.02,-2.07,1.35,51080,3.18,-2.68,-0.01,,,,,,,,,
51090,-0.19,-2.11,-6.07,51090,3.69,-3.41,0.06,,,,,,,,,
51100,-0.17,-1.99,-21.23,51100,3.21,-3.7,0.11,,,,,,,,,
51110,1.67,-1.83,-39.23,51110,1.39,-3.19,0.08,,,,,,,,,
51120,6.19,0.64,-39.23,51120,-1.02,-1.78,-0.03,,,,,,,,,
51130,2.75,7.79,-39.23,51130,-3.06,0.64,0.12,,,,,,,,,
51140,-0.26,12.34,-39.23,51140,-3.06,3.98,0.82,,,,,,,,,
51150,-10.28,12.46,-39.23,51150,-2.07,7.63,1.66,,,,,,,,,
51160,-20.43,9.87,-39.23,51160,-1.12,8.73,2.32,,,,,,,,,
51170,-32.28,8.57,-39.23,51170,-1.09,8.73,2.99,,,,,,,,,
51180,-38.83,3.65,-31.17,51180,-1.28,8.73,3.45,,,,,,,,,
51190,-39.23,-3.73,-12.81,51190,-1.91,8.73,3.67,,,,,,,,,
51200,-38.09,-9.55,-0.92,51200,-2.4,8.73,3.6,,,,,,,,,
51210,-35.29,-12.28,4.24,51210,-2.45,8.73,3.35,,,,,,,,,
51220,-32.74,-12.74,6.9,51220,-2.34,8.73,3.04,,,,,,,,,
51230,-31.14,-13.05,9.48,51230,-2.17,8.73,2.72,,,,,,,,,
51240,-30.58,-13.47,13.67,51240,-2.2,8.73,2.39,,,,,,,,,
51250,-29.37,-15.05,20.57,51250,-2.29,8.73,2.06,,,,,,,,,
51260,-26.67,-20.77,28.79,51260,-1.72,8.73,1.56,,,,,,,,,
51270,-23.76,-25.52,39.21,51270,-1.05,8.73,0.82,,,,,,,,,
51280,-19.7,-24.92,39.23,51280,-1.11,7.21,-0.3,,,,,,,,,
51290,-15.08,-22.02,39.23,51290,-0.66,5.22,-0.94,,,,,,,,,
51300,-12.01,-19.42,39.23,51300,-0.9,2.77,-1.75,,,,,,,,,
51310,-11.14,-16.73,39.23,51310,0.41,0.05,-2.41,,,,,,,,,
51320,-11.83,-9.96,39.23,51320,1.03,-2.73,-2.96,,,,,,,,,
51330,-14.27,-4.6,39.23,51330,1.21,-5.3,-3.24,,,,,,,,,
51340,-18.65,-0.67,39.23,51340,1.69,-7.82,-3.24,,,,,,,,,
51350,-25.28,0.39,39.23,51350,2.27,-8.73,-2.96,,,,,,,,,
51360,-37.22,-3.46,39.23,51360,2.74,-8.73,-2.61,,,,,,,,,
51370,-39.23,-11.91,39.23,51370,3,-8.73,-2.48,,,,,,,,,
51380,-39.23,-20.96,39.23,51380,4.21,-8.73,-2.58,,,,,,,,,
51390,-39.23,-26.01,23.59,51390,6.4,-8.73,-2.61,,,,,,,,,
51400,-39.23,-27,-13.33,51400,8.72,-8.73,-2.26,,,,,,,,,
51410,-39.23,-20.99,-39.23,51410,8.73,-8.73,-1.6,,,,,,,,,
51420,-39.23,-4.37,-39.23,51420,2.5,-8.73,-1.3,,,,,,,,,
51430,-16.5,15.4,-39.23,51430,-2.71,-8.73,-1.25,,,,,,,,,
51440,0.18,35.8,-39.23,51440,-3.89,-0.28,0.1,,,,,,,,,
51450,-10.9,17.84,-39.23,51450,-2.44,8.73,2.3,,,,,,,,,
51460,-29.05,-2.91,-39.23,51460,-2.62,8.73,3,,,,,,,,,
51470,-25.95,-21.16,19.84,51470,-2.25,8.73,2.93,,,,,,,,,
51480,-9.77,-33.71,39.23,51480,-1.8,7.47,1.91,,,,,,,,,
51490,-0.53,-35.98,39.23,51490,-0.89,3.39,0.34,,,,,,,,,
51500,2.88,-24.7,39.23,51500,-0.09,0.04,-1.19,,,,,,,,,
51510,3.06,-8.53,11.16,51510,0.81,-1.91,-1.88,,,,,,,,,
51520,3.69,-1.93,-6.2,51520,1.28,-2.27,-1.94,,,,,,,,,
51530,4.24,2.25,-14.67,51530,1.97,-2.06,-1.86,,,,,,,,,
51540,5.34,10.23,-19.85,51540,2.47,-1.6,-1.63,,,,,,,,,
51550,5.65,18.38,-23.15,51550,2.26,-0.9,-1.03,,,,,,,,,
51560,6.36,19.95,-23.96,51560,0.81,-0.06,-0.22,,,,,,,,,
51570,6.14,13.28,-22.69,51570,-0.66,0.8,0.47,,,,,,,,,
51580,5.36,3.93,-17.87,51580,-1.39,1.46,0.77,,,,,,,,,
51590,4.61,-2.09,-11.17,51590,-1.49,1.78,0.69,,,,,,,,,
51600,4.08,-5.07,-3.05,51600,-1.17,1.74,0.45,,,,,,,,,
51610,3.9,-5.78,3.97,51610,-0.8,1.31,0.12,,,,,,,,,
51620,3.86,-4.5,6.85,51620,-0.6,0.53,-0.22,,,,,,,,,
51630,3.95,-2.11,4.2,51630,-0.48,-0.18,-0.43,,,,,,,,,
51640,4.28,0.33,-1.66,51640,-0.23,-0.69,-0.5,,,,,,,,,
51650,4.54,2.77,-7.29,51650,0.23,-0.92,-0.43,,,,,,,,,
51660,4.9,5.65,-12.36,51660,0.6,-0.91,-0.27,,,,,,,,,
51670,5.12,7.6,-15.71,51670,0.68,-0.67,0.03,,,,,,,,,
51680,5.33,6.56,-15.89,51680,0.57,-0.32,0.36,,,,,,,,,
51690,4.91,3.22,-13.72,51690,0.38,-0.03,0.57,,,,,,,,,
51700,4.72,-0.17,-11.1,51700,0.17,0.12,0.61,,,,,,,,,
51710,4.58,-2.42,-9.22,51710,-0.01,0.15,0.5,,,,,,,,,
51720,4.5,-3.65,-7.54,51720,-0.11,0.1,0.34,,,,,,,,,
51730,4.54,-3.66,-5.78,51730,-0.12,-0.07,0.13,,,,,,,,,
51740,4.58,-2.15,-5.85,51740,-0.05,-0.29,-0.01,,,,,,,,,
51750,4.86,-0.66,-7.21,51750,0.06,-0.48,-0.05,,,,,,,,,
51760,4.97,0.38,-9.39,51760,0.22,-0.57,-0.02,,,,,,,,,
51770,5.19,0.89,-11.43,51770,0.39,-0.57,0.06,,,,,,,,,
51780,5.2,1.16,-12.84,51780,0.51,-0.48,0.15,,,,,,,,,
51790,5.13,0.66,-13.56,51790,0.43,-0.33,0.23,,,,,,,,,
51800,5.05,-0.18,-14.12,51800,0.28,-0.17,0.28,,,,,,,,,
51810,5.09,-1.1,-14.41,51810,0.16,0.01,0.27,,,,,,,,,
51820,4.94,-1.85,-13.99,51820,0.11,0.19,0.24,,,,,,,,,
51830,4.87,-2.45,-12.88,51830,0.05,0.34,0.16,,,,,,,,,
51840,4.75,-2.38,-11.23,51840,0.03,0.43,0.06,,,,,,,,,
51850,4.72,-1.82,-9.62,51850,0.03,0.43,-0.01,,,,,,,,,
51860,4.65,-1,-8.43,51860,0.03,0.37,-0.05,,,,,,,,,
51870,4.65,-0.79,-8.33,51870,0.06,0.28,-0.06,,,,,,,,,
51880,4.81,-0.72,-8.97,51880,0.12,0.22,-0.07,,,,,,,,,
51890,4.75,-0.15,-9.83,51890,0.19,0.2,-0.07,,,,,,,,,
51900,4.8,0.54,-10.73,51900,0.27,0.23,-0.04,,,,,,,,,
51910,4.79,1.18,-11.49,51910,0.34,0.31,0.01,,,,,,,,,
51920,4.76,1.32,-11.21,51920,0.37,0.43,0.09,,,,,,,,,
51930,4.58,0.74,-10.26,51930,0.4,0.5,0.16,,,,,,,,,
51940,4.53,-0.15,-9.39,51940,0.44,0.54,0.2,,,,,,,,,
51950,4.59,-0.64,-8.69,51950,0.48,0.55,0.19,,,,,,,,,
51960,4.6,-0.87,-8.17,51960,0.52,0.53,0.18,,,,,,,,,
51970,4.54,-0.98,-7.97,51970,0.56,0.5,0.17,,,,,,,,,
51980,4.53,-1.04,-8,51980,0.66,0.48,0.16,,,,,,,,,
51990,4.64,-0.91,-7.95,51990,0.79,0.45,0.15,,,,,,,,,
52000,4.74,-0.82,-7.68,52000,1,0.43,0.16,,,,,,,,,
52010,4.7,-0.85,-7.23,52010,1.1,0.39,0.15,,,,,,,,,
52020,4.8,-0.27,-7.02,52020,1.13,0.35,0.15,,,,,,,,,
52030,4.92,0,-6.8,52030,1.11,0.31,0.18,,,,,,,,,
52040,4.99,-0.09,-6.67,52040,1.04,0.27,0.22,,,,,,,,,
52050,4.99,-0.45,-6.62,52050,0.99,0.23,0.24,,,,,,,,,
52060,5.03,-0.84,-6.31,52060,0.95,0.18,0.26,,,,,,,,,
52070,5.01,-1.15,-6,52070,0.91,0.13,0.26,,,,,,,,,
52080,5.35,-0.9,-12.63,52080,-0.15,0.06,0.17,,,,,,,,,
52090,6.09,-1.03,-12.45,52090,1.32,0.57,0.41,,,,,,,,,
52100,5.16,-1.71,-7.41,52100,0.46,0.57,0.33,,,,,,,,,
52110,5.59,-1.91,-9.22,52110,0.3,0.55,0.3,,,,,,,,,
52120,5.69,-1.44,-8.89,52120,0.54,0.55,0.28,,,,,,,,,
52130,5.73,-1.36,-9.31,52130,0.4,0.54,0.28,,,,,,,,,
52140,5.74,-0.95,-8.48,52140,0.51,0.52,0.31,,,,,,,,,
52150,5.59,-1.08,-6.29,52150,0.57,0.43,0.35,,,,,,,,,
52160,5.41,-1.71,-4.26,52160,0.51,0.25,0.36,,,,,,,,,
52170,5.46,-1.58,-4.37,52170,0.27,0,0.36,,,,,,,,,
52180,5.29,-1.41,-6.06,52180,0.19,-0.16,0.39,,,,,,,,,
52190,5.22,-2.82,-7.91,52190,0.18,-0.23,0.42,,,,,,,,,
52200,5.3,-3.51,-9.99,52200,0.12,-0.22,0.4,,,,,,,,,
52210,4.95,-3.96,-12.25,52210,-0.08,-0.11,0.36,,,,,,,,,
52220,4.85,-5.56,-13.89,52220,-0.26,0.1,0.29,,,,,,,,,
52230,4.56,-6.95,-14.45,52230,-0.35,0.35,0.16,,,,,,,,,
52240,4.36,-7.65,-13.25,52240,-0.52,0.55,-0.02,,,,,,,,,
52250,3.96,-5.4,-11.68,52250,-0.88,0.69,-0.17,,,,,,,,,
52260,4.97,-0.87,-12.56,52260,-0.63,0.8,-0.08,,,,,,,,,
52270,4.59,-2.16,-9.61,52270,-0.3,0.88,0.08,,,,,,,,,
52280,4.52,-2.6,-8.26,52280,-0.31,0.81,0.12,,,,,,,,,
52290,5.18,-2.59,-9.69,52290,-0.32,0.76,0.15,,,,,,,,,
52300,5.62,-3.41,-10.39,52300,-0.18,0.78,0.14,,,,,,,,,
52310,5.47,-4.26,-10,52310,-0.07,0.84,0.09,,,,,,,,,
52320,6.61,-4.16,-10.09,52320,0.12,0.84,0.02,,,,,,,,,
52330,5.29,-4.01,-9.7,52330,0.3,0.88,-0.01,,,,,,,,,
52340,6.29,-4.57,-8.61,52340,0.29,0.86,-0.09,,,,,,,,,
52350,5.44,-3.49,-7.16,52350,0.35,0.75,-0.14,,,,,,,,,
52360,5.35,-1.13,-6.24,52360,0.44,0.59,0,,,,,,,,,
52370,5.19,-2.62,-4,52370,-0.38,0.36,-0.04,,,,,,,,,
52380,4.57,-3.82,-4.81,52380,-0.92,0.06,-0.31,,,,,,,,,
52390,6.28,-3.59,-7.13,52390,-0.68,-0.13,-0.45,,,,,,,,,
52400,6.79,-3.58,-8.02,52400,-0.56,-0.15,-0.49,,,,,,,,,
52410,6.07,-3.63,-7.55,52410,-0.49,-0.12,-0.53,,,,,,,,,
52420,5.32,-4.28,-6.93,52420,-0.33,-0.16,-0.67,,,,,,,,,
52430,5.63,-5.08,-7.08,52430,-0.16,-0.21,-0.86,,,,,,,,,
52440,5.64,-4.86,-7.19,52440,-0.12,-0.26,-1.06,,,,,,,,,
52450,5.19,-4.01,-7.35,52450,-0.33,-0.29,-1.24,,,,,,,,,
52460,4.96,-2.53,-8.11,52460,-0.35,-0.28,-1.3,,,,,,,,,
52470,4.91,-1.26,-8.41,52470,-0.25,-0.24,-1.24,,,,,,,,,
52480,4.53,0.26,-8.31,52480,-0.16,-0.19,-1.09,,,,,,,,,
52490,5.15,0.65,-8.17,52490,-0.02,-0.1,-0.86,,,,,,,,,
52500,6.36,0.31,-7.59,52500,0.22,0.03,-0.6,,,,,,,,,
52510,7.72,-0.06,-6.41,52510,0.29,0.09,-0.34,,,,,,,,,
52520,6.94,-0.34,-5.27,52520,0.41,0.01,-0.09,,,,,,,,,
52530,5.99,-1.26,-4.65,52530,0.61,-0.19,0.08,,,,,,,,,
52540,5.42,-2.23,-4.7,52540,0.42,-0.45,0.11,,,,,,,,,
52550,5.33,-3.34,-5.35,52550,0.02,-0.73,0.05,,,,,,,,,
52560,5.4,-4.06,-6.51,52560,-0.4,-0.99,-0.07,,,,,,,,,
52570,4.47,-4.13,-7.85,52570,-0.59,-1.2,-0.24,,,,,,,,,
52580,4.43,-3.43,-8.97,52580,-0.43,-1.27,-0.43,,,,,,,,,
52590,4.7,-3.47,-10.43,52590,-0.28,-1.2,-0.63,,,,,,,,,
52600,4.73,-3.18,-11.26,52600,0.1,-1.05,-0.79,,,,,,,,,
52610,4.77,-1.87,-11.45,52610,0.38,-0.86,-0.92,,,,,,,,,
52620,4.42,-0.48,-11.49,52620,0.49,-0.71,-0.93,,,,,,,,,
52630,4.83,0.16,-11.6,52630,0.68,-0.6,-0.79,,,,,,,,,
52640,5.01,0.54,-11.29,52640,0.66,-0.51,-0.59,,,,,,,,,
52650,4.49,0.53,-10.76,52650,0.35,-0.45,-0.41,,,,,,,,,
52660,4.21,0.23,-10.67,52660,0.11,-0.42,-0.28,,,,,,,,,
52670,4.18,-0.11,-10.74,52670,-0.16,-0.38,-0.19,,,,,,,,,
52680,4.43,-0.32,-10.78,52680,-0.26,-0.31,-0.12,,,,,,,,,
52690,4.55,-0.25,-10.71,52690,-0.32,-0.22,-0.06,,,,,,,,,
52700,4.71,0.03,-10.38,52700,-0.29,-0.11,0.01,,,,,,,,,
52710,4.76,0.28,-9.74,52710,-0.23,0,0.08,,,,,,,,,
52720,4.91,0.08,-9.18,52720,-0.11,0.09,0.15,,,,,,,,,
52730,4.96,-0.19,-8.6,52730,0.08,0.13,0.21,,,,,,,,,
52740,4.93,-0.48,-8.09,52740,0.21,0.12,0.25,,,,,,,,,
52750,4.84,-0.86,-7.66,52750,0.27,0.06,0.26,,,,,,,,,
52760,4.81,-1.28,-7.55,52760,0.29,0,0.24,,,,,,,,,
52770,5,-1.7,-7.66,52770,0.33,-0.05,0.19,,,,,,,,,
52780,5.09,-1.99,-7.8,52780,0.31,-0.08,0.12,,,,,,,,,
52790,5.27,-2.35,-7.91,52790,0.31,-0.09,0.03,,,,,,,,,
52800,5.38,-2.72,-8.07,52800,0.33,-0.08,-0.09,,,,,,,,,
52810,5.43,-3.01,-8.18,52810,0.37,-0.05,-0.22,,,,,,,,,
52820,5.48,-3.15,-8.21,52820,0.44,-0.04,-0.35,,,,,,,,,
52830,5.67,-2.77,-8.04,52830,0.48,-0.05,-0.46,,,,,,,,,
52840,5.5,-2.36,-7.96,52840,0.5,-0.1,-0.51,,,,,,,,,
52850,5.41,-2.12,-8.14,52850,0.49,-0.15,-0.54,,,,,,,,,
52860,5.31,-1.87,-8.39,52860,0.45,-0.2,-0.53,,,,,,,,,
52870,5.25,-1.34,-8.53,52870,0.42,-0.24,-0.5,,,,,,,,,
52880,5.27,-0.65,-8.64,52880,0.42,-0.27,-0.41,,,,,,,,,
52890,5.15,-0.11,-8.74,52890,0.47,-0.29,-0.28,,,,,,,,,
52900,5.18,0.17,-8.74,52900,0.51,-0.3,-0.13,,,,,,,,,
52910,5.21,0.23,-8.83,52910,0.51,-0.3,0.03,,,,,,,,,
52920,5.02,0.18,-8.81,52920,0.52,-0.3,0.19,,,,,,,,,
52930,5.07,-0.15,-8.82,52930,0.47,-0.29,0.33,,,,,,,,,
52940,5.21,-1,-9.04,52940,0.29,-0.28,0.41,,,,,,,,,
52950,5.08,-1.97,-9.24,52950,0.19,-0.25,0.42,,,,,,,,,
52960,5.14,-2.59,-9.35,52960,0.21,-0.22,0.38,,,,,,,,,
52970,5.24,-2.72,-9.53,52970,0.22,-0.19,0.3,,,,,,,,,
52980,5.17,-2.67,-9.53,52980,0.24,-0.16,0.23,,,,,,,,,
52990,5.32,-2.47,-9.56,52990,0.26,-0.12,0.17,,,,,,,,,
53000,5.4,-2.15,-9.49,53000,0.31,-0.09,0.14,,,,,,,,,
53010,5.22,-1.98,-9.48,53010,0.34,-0.07,0.13,,,,,,,,,
53020,5.23,-1.84,-9.6,53020,0.37,-0.06,0.14,,,,,,,,,
53030,5.23,-1.88,-9.66,53030,0.4,-0.05,0.17,,,,,,,,,
53040,5.44,-2.14,-9.82,53040,0.33,-0.03,0.19,,,,,,,,,
53050,5.48,-2.4,-9.89,53050,0.26,0.01,0.21,,,,,,,,,
53060,5.44,-2.67,-9.77,53060,0.2,0.05,0.2,,,,,,,,,
53070,5.37,-3.01,-9.64,53070,0.19,0.07,0.18,,,,,,,,,
53080,5.4,-3.29,-9.61,53080,0.19,0.09,0.15,,,,,,,,,
53090,5.51,-3.48,-9.55,53090,0.17,0.11,0.1,,,,,,,,,
53100,5.49,-3.54,-9.42,53100,0.13,0.14,0.06,,,,,,,,,
53110,5.34,-3.32,-9.42,53110,0.11,0.15,0.01,,,,,,,,,
53120,5.26,-3.08,-9.36,53120,0.09,0.18,-0.01,,,,,,,,,
53130,5.4,-2.74,-9.29,53130,0.1,0.21,-0.01,,,,,,,,,
53140,5.25,-2.49,-8.87,53140,0.07,0.23,0.01,,,,,,,,,
53150,5.32,-2.55,-8.62,53150,0.02,0.23,0.04,,,,,,,,,
53160,5.35,-2.82,-8.27,53160,-0.02,0.21,0.06,,,,,,,,,
53170,5.26,-3.06,-8.03,53170,-0.03,0.17,0.07,,,,,,,,,
53180,5.14,-3.11,-7.94,53180,-0.07,0.12,0.05,,,,,,,,,
53190,5.13,-3.15,-8.09,53190,-0.08,0.08,0.02,,,,,,,,,
53200,5.07,-3.09,-8.19,53200,-0.08,0.05,-0.02,,,,,,,,,
53210,5.11,-2.93,-8.24,53210,-0.04,0.05,-0.05,,,,,,,,,
53220,4.9,-2.81,-8.16,53220,-0.02,0.05,-0.09,,,,,,,,,
53230,4.88,-2.78,-7.99,53230,0,0.05,-0.11,,,,,,,,,
53240,4.89,-2.65,-7.94,53240,0,0.02,-0.12,,,,,,,,,
53250,4.75,-2.52,-8.11,53250,-0.02,-0.01,-0.11,,,,,,,,,
53260,4.65,-2.41,-8.26,53260,-0.04,-0.04,-0.08,,,,,,,,,
53270,4.77,-2.17,-8.44,53270,-0.04,-0.06,-0.03,,,,,,,,,
53280,4.79,-1.95,-8.46,53280,-0.1,-0.06,0.04,,,,,,,,,
53290,4.85,-2.09,-8.43,53290,-0.08,-0.07,0.13,,,,,,,,,
53300,4.92,-2.24,-8.31,53300,-0.04,-0.08,0.19,,,,,,,,,
53310,4.84,-2.4,-8.26,53310,-0.04,-0.09,0.23,,,,,,,,,
53320,4.75,-2.61,-8.37,53320,0,-0.11,0.25,,,,,,,,,
53330,4.68,-2.88,-8.58,53330,0.01,-0.13,0.25,,,,,,,,,
53340,4.74,-3.16,-8.91,53340,-0.01,-0.13,0.22,,,,,,,,,
53350,4.7,-3.39,-9.27,53350,-0.02,-0.1,0.19,,,,,,,,,
53360,4.8,-3.59,-9.45,53360,-0.03,-0.06,0.14,,,,,,,,,
53370,4.9,-3.66,-9.46,53370,-0.05,0,0.08,,,,,,,,,
53380,5.07,-3.51,-9.22,53380,-0.04,0.04,0.03,,,,,,,,,
53390,5.25,-3.17,-8.88,53390,0.01,0.08,-0.01,,,,,,,,,
53400,5.41,-2.84,-8.57,53400,0.05,0.09,-0.02,,,,,,,,,
53410,5.56,-2.51,-8.19,53410,0.08,0.07,0,,,,,,,,,
53420,5.51,-2.25,-7.96,53420,0.07,0.02,0.05,,,,,,,,,
53430,5.5,-2.2,-7.97,53430,0.03,-0.05,0.11,,,,,,,,,
53440,5.51,-2.34,-8.28,53440,-0.01,-0.11,0.18,,,,,,,,,
53450,5.43,-2.66,-8.59,53450,-0.07,-0.15,0.23,,,,,,,,,
53460,5.38,-3.08,-8.96,53460,-0.1,-0.16,0.26,,,,,,,,,
53470,5.4,-3.39,-9.15,53470,-0.11,-0.14,0.25,,,,,,,,,
53480,5.24,-3.71,-9.34,53480,-0.12,-0.11,0.2,,,,,,,,,
53490,5.1,-3.95,-9.34,53490,-0.07,-0.08,0.13,,,,,,,,,
53500,5.06,-3.93,-9.42,53500,-0.04,-0.05,0.04,,,,,,,,,
53510,4.94,-3.79,-9.41,53510,-0.02,-0.01,-0.06,,,,,,,,,
53520,4.85,-3.47,-9.26,53520,0.01,0.03,-0.13,,,,,,,,,
53530,4.86,-3.19,-9.11,53530,0.03,0.06,-0.17,,,,,,,,,
53540,4.99,-2.9,-8.95,53540,0.05,0.09,-0.18,,,,,,,,,
53550,4.89,-2.56,-8.69,53550,0.03,0.09,-0.15,,,,,,,,,
53560,4.96,-2.32,-8.54,53560,0.02,0.09,-0.09,,,,,,,,,
53570,5,-2.22,-8.36,53570,0.02,0.06,-0.01,,,,,,,,,
53580,5.03,-2.27,-8.3,53580,-0.01,0.03,0.08,,,,,,,,,
53590,4.96,-2.4,-8.26,53590,-0.05,0,0.15,,,,,,,,,
53600,4.9,-2.79,-8.3,53600,-0.08,-0.03,0.19,,,,,,,,,
53610,4.94,-3.14,-8.49,53610,-0.06,-0.07,0.21,,,,,,,,,
53620,4.86,-3.41,-8.66,53620,-0.07,-0.08,0.2,,,,,,,,,
53630,4.74,-3.66,-8.91,53630,-0.08,-0.08,0.17,,,,,,,,,
53640,4.69,-3.84,-9.12,53640,-0.05,-0.06,0.13,,,,,,,,,
53650,4.74,-3.87,-9.28,53650,-0.05,-0.03,0.07,,,,,,,,,
53660,4.85,-3.84,-9.27,53660,-0.03,0.01,0.02,,,,,,,,,
53670,4.9,-3.7,-9.09,53670,0,0.04,-0.03,,,,,,,,,
53680,5.01,-3.47,-8.79,53680,-0.01,0.07,-0.05,,,,,,,,,
53690,4.99,-3.21,-8.57,53690,0,0.07,-0.06,,,,,,,,,
53700,5,-2.84,-8.39,53700,-0.02,0.04,-0.03,,,,,,,,,
53710,5.06,-2.65,-8.21,53710,-0.05,0.01,0.01,,,,,,,,,
53720,5.03,-2.61,-8.27,53720,-0.08,-0.03,0.07,,,,,,,,,
53730,5.04,-2.59,-8.21,53730,-0.12,-0.06,0.12,,,,,,,,,
53740,5.04,-2.64,-8.41,53740,-0.15,-0.08,0.15,,,,,,,,,
53750,4.96,-2.92,-8.61,53750,-0.13,-0.1,0.17,,,,,,,,,
53760,4.94,-3.28,-8.79,53760,-0.12,-0.09,0.16,,,,,,,,,
53770,4.93,-3.53,-9,53770,-0.11,-0.08,0.12,,,,,,,,,
53780,4.96,-3.65,-9.14,53780,-0.09,-0.06,0.08,,,,,,,,,
53790,4.93,-3.48,-9.23,53790,-0.09,-0.03,0.04,,,,,,,,,
53800,5,-3.3,-9.11,53800,-0.07,0,0.01,,,,,,,,,
53810,5.04,-3.13,-9.06,53810,-0.05,0.02,0,,,,,,,,,
53820,5.03,-3.09,-8.89,53820,-0.04,0.03,-0.01,,,,,,,,,
53830,4.99,-3.06,-8.66,53830,-0.04,0.02,0,,,,,,,,,
53840,5.05,-2.83,-8.56,53840,-0.05,0.01,0.01,,,,,,,,,
53850,4.93,-2.57,-8.55,53850,-0.06,-0.02,0.04,,,,,,,,,
53860,4.74,-2.42,-8.64,53860,-0.09,-0.05,0.09,,,,,,,,,
53870,4.77,-2.53,-8.88,53870,-0.12,-0.06,0.14,,,,,,,,,
53880,4.84,-2.71,-9.08,53880,-0.13,-0.06,0.18,,,,,,,,,
53890,4.83,-3,-9.16,53890,-0.15,-0.03,0.21,,,,,,,,,
53900,4.79,-3.44,-9.16,53900,-0.16,-0.01,0.21,,,,,,,,,
53910,4.89,-3.74,-9.07,53910,-0.14,0.02,0.18,,,,,,,,,
53920,4.8,-3.85,-8.92,53920,-0.12,0.03,0.12,,,,,,,,,
53930,4.7,-3.84,-8.84,53930,-0.1,0.04,0.05,,,,,,,,,
53940,4.82,-3.79,-8.77,53940,-0.08,0.05,-0.01,,,,,,,,,
53950,4.91,-3.69,-8.86,53950,-0.05,0.06,-0.05,,,,,,,,,
53960,4.96,-3.32,-8.83,53960,-0.07,0.07,-0.07,,,,,,,,,
53970,5.07,-3.02,-8.7,53970,-0.1,0.08,-0.07,,,,,,,,,
53980,5.13,-2.86,-8.56,53980,-0.08,0.08,-0.04,,,,,,,,,
53990,5.13,-2.69,-8.36,53990,-0.09,0.07,0,,,,,,,,,
54000,5.1,-2.66,-8.2,54000,-0.11,0.04,0.04,,,,,,,,,
54010,5.06,-2.73,-8.21,54010,-0.11,0,0.07,,,,,,,,,
54020,5.14,-2.94,-8.36,54020,-0.09,-0.03,0.1,,,,,,,,,
54030,5.17,-3.24,-8.6,54030,-0.09,-0.05,0.11,,,,,,,,,
5,,,,,,,,,,,,,,,,
