31284,1.23,-1.23,-9.41,31284,-0.15,0.07,0.06
31294,1.12,-1.11,-9.14,31294,-0.16,0.03,0.03
31304,1.18,-0.85,-9.06,31304,-0.13,0.01,0.01
31314,1.17,-0.68,-9.20,31314,-0.11,-0.02,-0.03
31324,1.11,-0.53,-9.26,31324,-0.10,-0.02,-0.06
31334,1.06,-0.50,-9.44,31334,-0.08,-0.01,-0.07
31344,1.11,-0.43,-9.60,31344,-0.02,0.01,-0.06
31354,1.20,-0.47,-9.65,31354,-0.02,0.04,-0.05
31364,1.13,-0.54,-9.44,31364,0.00,0.06,-0.04
31374,1.22,-0.49,-9.30,31374,0.03,0.07,-0.03
31384,1.36,-0.29,-9.03,31384,0.07,0.06,-0.01
31394,1.40,-0.24,-8.86,31394,0.15,0.03,0.01
31404,1.34,-0.35,-8.98,31404,0.21,-0.01,0.03
31414,1.23,-0.64,-9.30,31414,0.29,-0.04,0.04
31424,1.07,-1.22,-9.71,31424,0.28,-0.06,0.04
31434,0.89,-1.79,-10.20,31434,0.32,-0.06,-0.00
31444,0.89,-2.05,-10.72,31444,0.34,-0.01,-0.07
31454,0.95,-2.18,-10.89,31454,0.36,0.06,-0.15
31464,0.96,-2.10,-10.89,31464,0.39,0.15,-0.21
31474,1.10,-2.06,-10.62,31474,0.39,0.22,-0.26
31484,1.07,-2.00,-9.98,31484,0.36,0.25,-0.31
31494,1.12,-1.85,-9.29,31494,0.30,0.23,-0.34
31504,0.87,-1.40,-8.79,31504,0.23,0.15,-0.33
31514,0.72,-0.97,-8.81,31514,0.18,0.05,-0.30
31524,0.68,-0.71,-9.50,31524,0.17,-0.03,-0.26
31534,0.59,-0.75,-10.43,31534,0.22,-0.04,-0.21
31544,0.45,-0.94,-11.45,31544,0.31,0.03,-0.19
31554,0.34,-1.45,-12.28,31554,0.37,0.18,-0.18
31564,0.62,-2.00,-12.39,31564,0.33,0.36,-0.21
31574,0.89,-2.41,-11.84,31574,0.29,0.50,-0.25
31584,1.14,-2.29,-10.66,31584,0.21,0.57,-0.28
31594,1.44,-1.70,-9.43,31594,0.12,0.53,-0.29
31604,1.54,-0.96,-8.67,31604,0.09,0.42,-0.24
31614,1.58,-0.47,-8.58,31614,0.09,0.28,-0.17
31624,1.80,-0.32,-9.04,31624,0.13,0.17,-0.09
31634,1.98,-0.70,-9.57,31634,0.10,0.11,-0.03
31644,1.91,-1.36,-9.97,31644,0.08,0.09,-0.01
31654,1.53,-2.42,-10.27,31654,0.01,0.09,-0.05
31664,1.06,-3.19,-10.41,31664,-0.03,0.09,-0.14
31674,0.57,-3.11,-10.69,31674,-0.10,0.12,-0.25
31684,0.43,-2.43,-11.09,31684,-0.13,0.18,-0.35
31694,0.38,-1.51,-11.51,31694,-0.11,0.28,-0.40
31704,0.72,-0.64,-11.91,31704,-0.01,0.42,-0.38
31714,1.04,-0.27,-11.99,31714,0.15,0.58,-0.30
31724,1.53,-0.75,-11.82,31724,0.35,0.74,-0.21
31734,1.93,-1.91,-11.33,31734,0.58,0.87,-0.18
31744,2.13,-2.86,-10.29,31744,0.63,0.94,-0.24
31754,1.89,-3.06,-8.98,31754,0.64,0.90,-0.30
31764,1.44,-2.80,-8.15,31764,0.53,0.75,-0.34
31774,0.88,-2.45,-8.57,31774,0.45,0.59,-0.33
31784,0.63,-1.98,-9.80,31784,0.34,0.52,-0.30
31794,0.79,-1.51,-11.31,31794,0.33,0.59,-0.27
31804,0.93,-1.20,-12.31,31804,0.29,0.78,-0.23
31814,1.43,-1.21,-12.29,31814,0.34,1.02,-0.15
31824,1.71,-1.43,-10.87,31824,0.33,1.20,-0.08
31834,2.20,-1.53,-8.85,31834,0.24,1.25,-0.01
31844,2.41,-1.61,-6.95,31844,0.17,1.12,0.07
31854,2.44,-1.66,-5.93,31854,0.11,0.88,0.15
31864,2.49,-1.46,-6.05,31864,0.09,0.61,0.23
31874,2.51,-1.42,-6.89,31874,0.01,0.36,0.33
31884,2.43,-2.23,-8.74,31884,-0.06,0.23,0.38
31894,2.50,-2.88,-10.11,31894,-0.10,0.23,0.39
31904,2.45,-3.60,-10.94,31904,-0.11,0.32,0.33
31914,2.51,-3.71,-10.82,31914,-0.08,0.44,0.24
31924,2.64,-3.57,-10.05,31924,-0.06,0.55,0.15
31934,4.04,-3.64,-8.87,31934,-0.12,0.55,0.09
31944,4.55,-3.45,-7.72,31944,-0.15,0.44,0.09
31954,4.13,-2.65,-6.80,31954,-0.22,0.24,0.12
31964,3.99,-2.33,-6.71,31964,-0.37,0.01,0.15
31974,3.46,-2.39,-7.73,31974,-0.37,-0.18,0.17
31984,4.04,-2.79,-9.51,31984,-0.33,-0.24,0.16
31994,4.40,-3.70,-10.83,31994,-0.25,-0.18,0.07
32004,4.43,-4.14,-11.09,32004,-0.18,-0.07,-0.04
32014,4.06,0.93,-14.38,32014,0.07,0.16,0.08
32024,3.46,0.86,-13.25,32024,0.04,0.54,0.38
32034,3.00,-1.64,-7.76,32034,-0.03,0.65,0.58
32044,2.83,-4.30,-3.93,32044,-0.13,0.37,0.57
32054,3.14,-5.37,-3.94,32054,-0.21,-0.07,0.39
32064,3.55,-4.37,-6.74,32064,-0.28,-0.42,0.21
32074,4.18,-2.78,-10.31,32074,-0.30,-0.53,0.18
32084,4.48,-2.43,-12.81,32084,-0.33,-0.40,0.19
32094,4.49,-3.43,-13.84,32094,-0.20,-0.11,0.16
32104,3.95,-4.30,-13.09,32104,-0.12,0.20,0.02
32114,4.06,-4.59,-11.88,32114,-0.14,0.38,-0.15
32124,4.30,-5.21,-10.06,32124,-0.21,0.57,-0.38
32134,3.85,-5.24,-6.53,32134,-0.31,0.50,-0.65
32144,3.58,-3.63,-5.71,32144,-0.31,0.21,-0.84
32154,3.80,-1.55,-7.52,32154,-0.58,-0.05,-0.90
32164,4.08,-0.08,-9.18,32164,-0.60,-0.16,-0.81
32174,3.85,-0.06,-10.44,32174,-0.64,-0.17,-0.70
32184,3.60,-1.05,-10.47,32184,-0.69,-0.12,-0.63
32194,3.23,-2.24,-9.61,32194,-0.71,-0.12,-0.64
32204,3.12,-2.11,-9.08,32204,-0.78,-0.19,-0.73
32214,3.39,-0.56,-10.08,32214,-0.80,-0.26,-0.73
32224,3.57,0.15,-10.24,32224,-0.83,-0.24,-0.66
32234,3.75,1.10,-8.66,32234,-0.77,-0.26,-0.55
32244,3.53,0.00,-4.56,32244,-0.58,-0.51,-0.44
32254,4.37,2.19,-8.73,32254,-0.51,-0.70,-0.30
32264,3.89,1.08,-7.19,32264,-0.57,-0.82,-0.23
32274,4.07,0.88,-6.05,32274,-0.66,-0.98,-0.20
32284,4.56,2.01,-7.90,32284,-0.98,-1.07,-0.17
32294,3.49,1.98,-10.15,32294,-0.79,-1.00,0.01
32304,2.70,-1.97,-9.61,32304,-0.22,-0.92,0.11
32314,3.31,-1.33,-11.23,32314,0.11,-0.86,0.04
32324,3.96,0.52,-9.34,32324,-0.03,-0.75,0.08
32334,2.95,0.40,-8.51,32334,-0.33,-0.73,0.10
32344,2.74,0.38,-9.32,32344,-0.38,-0.72,0.14
32354,3.12,0.80,-10.44,32354,-0.32,-0.70,0.17
32364,2.89,1.86,-11.68,32364,-0.30,-0.62,0.25
32374,2.70,1.93,-11.43,32374,-0.27,-0.53,0.37
32384,2.36,0.90,-10.45,32384,-0.35,-0.47,0.47
32394,2.19,-0.32,-9.76,32394,-0.43,-0.46,0.51
32404,1.99,-1.47,-10.02,32404,-0.47,-0.50,0.51
32414,1.85,-2.25,-10.83,32414,-0.45,-0.51,0.47
32424,1.82,-2.90,-11.56,32424,-0.47,-0.47,0.40
32434,1.80,-3.39,-11.48,32434,-0.49,-0.38,0.30
32444,1.87,-3.57,-11.10,32444,-0.49,-0.32,0.19
32454,2.00,-3.08,-10.91,32454,-0.51,-0.29,0.06
32464,2.09,-1.45,-10.94,32464,-0.48,-0.26,-0.02
32474,2.11,0.58,-10.78,32474,-0.40,-0.22,-0.00
32484,2.50,2.20,-10.39,32484,-0.35,-0.21,0.12
32494,1.99,2.19,-10.38,32494,-0.28,-0.22,0.29
32504,1.70,0.34,-10.03,32504,-0.23,-0.23,0.41
32514,1.46,-1.57,-9.27,32514,-0.30,-0.26,0.41
32524,2.36,-2.81,-9.35,32524,-0.24,-0.28,0.33
32534,1.47,-3.09,-9.41,32534,-0.19,-0.34,0.22
32544,2.68,-2.02,-9.33,32544,-0.18,-0.39,0.12
32554,1.55,-1.11,-9.91,32554,-0.16,-0.46,0.08
32564,1.99,-0.51,-10.67,32564,-0.12,-0.48,0.08
32574,1.67,-0.20,-10.38,32574,-0.17,-0.47,0.09
32584,1.84,0.11,-9.57,32584,-0.35,-0.48,0.11
32594,0.97,-0.50,-9.86,32594,-0.18,-0.52,0.13
32604,1.67,-1.19,-9.85,32604,-0.05,-0.52,0.12
32614,2.62,-1.90,-8.97,32614,-0.33,-0.50,0.06
32624,0.96,-2.27,-8.36,32624,-0.41,-0.57,-0.02
32634,1.21,-2.83,-8.48,32634,-0.22,-0.64,-0.14
32644,1.68,-3.14,-8.34,32644,-0.18,-0.72,-0.26
32654,1.48,-2.91,-9.28,32654,-0.21,-0.81,-0.41
32664,1.56,-2.18,-11.42,32664,-0.27,-0.91,-0.54
32674,1.43,-0.64,-15.53,32674,-0.44,-0.90,-0.64
32684,2.10,1.62,-21.79,32684,-1.05,-0.82,-0.72
32694,1.83,7.42,-38.06,32694,-2.03,-0.62,-0.70
32704,2.59,17.10,-39.23,32704,-3.54,0.36,-0.36
32714,1.37,30.11,-39.23,32714,-4.42,2.98,0.67
32724,-5.84,34.87,-39.23,32724,-4.07,7.10,2.60
32734,-25.27,22.75,-39.23,32734,-2.13,8.73,4.40
32744,-39.23,11.53,-39.23,32744,-0.05,8.73,5.17
32754,-39.23,6.79,-30.27,32754,-0.52,8.73,5.36
32764,-39.23,-5.03,4.52,32764,-3.37,8.73,5.64
32774,-39.23,-24.94,16.12,32774,-3.36,8.73,5.47
32784,-39.23,-34.42,30.93,32784,-1.79,8.73,4.40
32794,-36.76,-32.83,39.23,32794,-0.51,8.73,2.98
32804,-29.45,-26.23,39.23,32804,-0.13,8.73,1.73
32814,-22.45,-22.04,39.23,32814,-0.09,6.56,0.82
32824,-17.84,-20.31,39.23,32824,-1.72,3.93,-0.08
32834,-14.23,-16.09,39.23,32834,-1.89,0.69,-0.69
32844,-13.64,-10.07,39.23,32844,-0.66,-2.41,-1.05
32854,-14.62,-7.85,39.23,32854,0.52,-4.86,-1.17
32864,-17.07,-10.77,39.23,32864,1.44,-6.93,-1.36
32874,-22.43,-12.72,39.23,32874,2.35,-8.73,-1.73
32884,-30.86,-11.78,39.23,32884,3.04,-8.73,-2.06
32894,-39.23,-10.44,23.08,32894,3.35,-8.73,-2.31
32904,-39.23,-6.97,-4.33,32904,2.70,-8.73,-2.60
32914,-39.23,0.81,-36.07,32914,1.70,-8.73,-2.79
32924,-34.90,14.19,-39.23,32924,-0.79,-8.73,-2.76
32934,-19.29,26.95,-39.23,32934,-1.20,-8.73,-1.99
32944,-2.26,27.91,-39.23,32944,0.09,-6.90,-0.62
32954,6.29,16.31,-39.23,32954,1.46,-2.58,0.68
32964,5.36,2.88,-39.23,32964,1.09,0.50,1.10
32974,3.57,-5.36,-35.58,32974,-0.08,2.02,0.91
32984,2.85,-8.27,-11.50,32984,-0.99,2.32,0.44
32994,2.93,-8.32,2.25,32994,-0.69,1.77,0.06
33004,2.08,-6.39,10.72,33004,-0.14,0.77,-0.27
33014,2.89,-5.06,12.55,33014,0.11,-0.40,-0.51
33024,2.44,-3.54,7.45,33024,0.45,-1.48,-0.71
33034,2.74,0.23,-2.99,33034,0.87,-2.15,-0.81
33044,2.96,4.77,-13.48,33044,1.23,-2.28,-0.68
33054,3.22,7.29,-20.27,33054,1.33,-1.94,-0.36
33064,3.38,7.16,-22.30,33064,0.97,-1.35,-0.02
33074,3.43,5.14,-21.31,33074,0.20,-0.74,0.22
33084,3.34,2.35,-18.20,33084,-0.49,-0.24,0.33
33094,2.62,0.20,-13.79,33094,-0.77,0.07,0.35
33104,2.17,-1.55,-9.75,33104,-0.79,0.11,0.29
33114,2.17,-3.14,-6.92,33114,-0.71,-0.02,0.17
33124,1.44,-3.65,-6.42,33124,-0.20,-0.23,0.02
33134,2.79,-3.22,-7.18,33134,-0.38,-0.46,-0.20
33144,2.64,-2.12,-9.09,33144,-0.22,-0.60,-0.38
33154,2.04,0.82,-11.64,33154,-0.03,-0.60,-0.44
33164,2.28,2.95,-13.47,33164,0.08,-0.49,-0.37
33174,2.32,3.90,-14.11,33174,0.08,-0.31,-0.22
33184,2.22,3.86,-13.97,33184,0.10,-0.12,-0.04
33194,1.97,2.97,-13.06,33194,0.10,0.05,0.12
33204,1.81,0.98,-11.04,33204,0.07,0.19,0.21
33214,1.93,-0.18,-8.94,33214,-0.03,0.20,0.19
33224,2.00,-0.97,-7.88,33224,-0.14,0.13,0.14
33234,1.83,-1.34,-7.64,33234,-0.21,0.03,0.06
33244,2.24,-1.44,-7.97,33244,-0.30,-0.07,-0.03
33254,1.91,-0.96,-8.61,33254,-0.40,-0.15,-0.11
33264,2.16,-0.49,-9.66,33264,-0.38,-0.18,-0.15
33274,2.30,0.41,-10.62,33274,-0.26,-0.19,-0.16
33284,2.02,1.35,-11.46,33284,-0.08,-0.15,-0.13
33294,1.94,1.38,-11.48,33294,0.15,-0.09,-0.07
33304,1.66,1.50,-11.73,33304,0.20,-0.01,-0.03
33314,1.91,1.25,-11.05,33314,0.09,0.10,-0.00
33324,2.00,0.83,-9.85,33324,-0.13,0.15,0.01
33334,1.93,0.50,-9.33,33334,-0.36,0.12,-0.01
33344,2.00,0.37,-9.45,33344,-0.37,0.08,-0.02
33354,1.92,0.18,-9.50,33354,-0.27,0.03,-0.03
33364,1.94,0.09,-9.63,33364,-0.22,-0.01,-0.06
33374,2.03,0.27,-9.62,33374,-0.12,-0.04,-0.07
33384,2.09,0.53,-9.47,33384,-0.00,-0.08,-0.08
33394,2.25,0.61,-9.14,33394,0.12,-0.13,-0.08
33404,2.22,1.26,-9.37,33404,0.15,-0.17,-0.06
33414,2.13,1.99,-9.77,33414,0.10,-0.20,-0.01
33424,1.83,2.23,-9.88,33424,0.00,-0.20,0.09
33434,1.80,1.16,-10.11,33434,0.02,-0.20,0.18
33444,2.02,0.04,-10.32,33444,0.04,-0.19,0.19
33454,1.91,-0.45,-10.38,33454,0.01,-0.17,0.15
33464,1.90,-0.68,-10.49,33464,-0.03,-0.14,0.10
33474,1.88,-0.70,-10.56,33474,-0.05,-0.12,0.04
33484,1.94,-0.50,-10.54,33484,-0.03,-0.09,-0.01
33494,1.96,0.06,-10.56,33494,-0.03,-0.06,-0.05
33504,1.86,0.55,-10.19,33504,-0.00,-0.03,-0.06
33514,1.88,0.85,-9.63,33514,0.01,-0.04,-0.04
33524,1.86,1.01,-9.26,33524,0.04,-0.08,-0.02
33534,1.87,1.00,-9.26,33534,0.05,-0.13,0.02
33544,1.88,0.79,-9.74,33544,0.04,-0.18,0.04
33554,1.84,0.42,-10.29,33554,0.05,-0.19,0.05
33564,1.85,-0.02,-10.33,33564,0.04,-0.17,0.04
33574,2.97,-0.07,-10.35,33574,-0.08,-0.14,0.01
33584,1.26,0.40,-9.89,33584,-0.16,-0.14,0.01
33594,1.62,-0.14,-9.77,33594,-0.13,-0.15,-0.00
33604,2.09,-0.28,-9.88,33604,-0.10,-0.16,-0.04
33614,1.90,0.31,-9.88,33614,-0.10,-0.16,-0.06
33624,1.62,0.46,-10.14,33624,-0.07,-0.17,-0.06
33634,1.98,0.30,-10.65,33634,-0.03,-0.17,-0.06
33644,1.82,0.35,-11.04,33644,0.05,-0.13,-0.06
33654,1.80,0.38,-10.82,33654,0.05,-0.06,-0.08
33664,1.74,0.56,-10.20,33664,0.02,-0.02,-0.11
33674,1.81,1.00,-9.66,33674,-0.08,-0.02,-0.11
33684,1.65,1.27,-9.53,33684,-0.06,-0.04,-0.08
33694,1.58,1.13,-9.32,33694,-0.04,-0.07,-0.04
33704,1.58,0.84,-9.03,33704,-0.06,-0.10,-0.02
33714,1.59,0.58,-9.05,33714,-0.08,-0.14,-0.01
33724,1.53,0.31,-9.14,33724,-0.05,-0.19,-0.01
33734,1.74,0.25,-9.09,33734,-0.03,-0.23,-0.02
33744,1.38,0.50,-8.82,33744,0.04,-0.28,-0.02
33754,1.42,0.47,-8.98,33754,0.11,-0.35,-0.02
33764,1.55,0.84,-9.42,33764,0.14,-0.39,-0.03
33774,1.47,1.13,-9.69,33774,0.14,-0.41,-0.00
33784,1.31,1.00,-9.94,33784,0.18,-0.41,0.03
33794,1.43,0.42,-9.91,33794,0.19,-0.39,0.04
33804,1.45,0.02,-9.25,33804,0.19,-0.38,0.03
33814,1.34,-0.14,-8.44,33814,0.23,-0.40,0.00
33824,1.59,-0.34,-7.24,33824,0.27,-0.47,-0.03
33834,1.57,-0.43,-6.48,33834,0.34,-0.62,-0.05
33844,1.47,-0.31,-6.67,33844,0.52,-0.83,-0.07
33854,1.25,0.27,-9.00,33854,0.68,-1.10,-0.08
33864,0.65,2.74,-16.90,33864,0.12,-1.39,-0.11
33874,0.07,10.04,-39.23,33874,-1.80,-1.37,-0.07
33884,-0.49,22.60,-39.23,33884,-4.18,-0.24,0.37
33894,-6.15,39.23,-39.23,33894,-4.54,3.83,2.01
33904,-23.34,32.05,-39.23,33904,-3.20,8.73,4.44
33914,-39.23,2.50,-39.23,33914,0.36,8.73,5.46
33924,-39.23,-6.20,-39.23,33924,2.40,8.73,4.72
33934,-39.23,-8.82,-34.39,33934,0.81,8.73,3.81
33944,-39.23,-15.18,5.61,33944,-1.49,8.73,3.21
33954,-39.23,-20.74,32.15,33954,-2.83,8.73,2.85
33964,-39.23,-27.02,39.23,33964,-1.66,8.73,2.22
33974,-39.23,-27.83,39.23,33974,-0.15,8.73,1.21
33984,-39.23,-19.77,39.23,33984,-0.48,8.73,0.05
33994,-32.78,-12.60,39.23,33994,-1.90,8.08,-0.60
34004,-22.14,-0.04,39.23,34004,-2.21,3.35,-0.69
34014,-17.57,5.29,39.23,34014,0.01,-1.56,-0.19
34024,-16.65,4.09,39.23,34024,1.35,-4.95,0.34
34034,-17.40,-0.54,39.23,34034,2.00,-6.85,0.69
34044,-17.46,-6.84,28.86,34044,2.16,-8.18,0.70
34054,-17.23,-12.83,18.63,34054,1.76,-8.73,0.32
34064,-17.92,-14.66,7.19,34064,1.01,-8.73,-0.35
34074,-18.17,-13.13,-5.58,34074,-0.01,-8.73,-1.14
34084,-16.75,-9.78,-17.74,34084,-0.65,-8.73,-1.88
34094,-13.89,-3.42,-27.49,34094,-0.67,-8.73,-2.43
34104,-10.74,1.83,-30.57,34104,-0.55,-8.57,-2.56
34114,-7.86,4.19,-30.01,34114,-0.03,-7.70,-2.42
34124,-4.72,5.15,-28.88,34124,0.44,-6.96,-2.20
34134,-2.08,6.39,-28.63,34134,0.98,-6.32,-1.94
34144,-0.01,8.06,-28.15,34144,1.35,-5.70,-1.59
34154,1.36,9.11,-29.08,34154,0.72,-5.05,-1.20
34164,2.81,8.45,-28.64,34164,-0.08,-4.31,-0.81
34174,3.96,5.86,-26.85,34174,-0.62,-3.62,-0.48
34184,4.52,1.25,-23.68,34184,-0.67,-3.04,-0.31
34194,4.53,-2.32,-19.79,34194,-0.33,-2.66,-0.37
34204,4.56,-3.69,-16.79,34204,0.07,-2.44,-0.60
34214,4.47,-2.46,-15.81,34214,0.42,-2.34,-0.82
34224,4.27,0.07,-15.77,34224,0.62,-2.24,-0.96
34234,4.46,3.15,-16.67,34234,1.04,-2.14,-0.94
34244,4.74,5.45,-17.67,34244,1.59,-1.99,-0.77
34254,4.49,7.74,-18.29,34254,1.79,-1.76,-0.50
34264,4.04,8.89,-18.34,34264,1.50,-1.44,-0.16
34274,4.29,8.01,-16.42,34274,1.05,-1.13,0.21
34284,4.34,5.44,-14.03,34284,0.58,-0.93,0.49
34294,3.89,1.95,-12.35,34294,0.20,-0.84,0.64
34304,3.46,-1.07,-11.95,34304,-0.05,-0.79,0.62
34314,3.17,-4.25,-11.13,34314,-0.30,-0.73,0.42
34324,3.26,-6.10,-10.01,34324,-0.42,-0.72,0.13
34334,3.38,-6.09,-9.88,34334,-0.43,-0.76,-0.23
34344,2.70,-3.53,-11.11,34344,-0.29,-0.81,-0.53
34354,2.97,0.04,-12.86,34354,0.01,-0.77,-0.68
34364,2.95,3.29,-14.10,34364,0.25,-0.64,-0.62
34374,3.17,4.24,-13.35,34374,0.54,-0.46,-0.44
34384,2.91,4.82,-12.55,34384,0.44,-0.33,-0.25
34394,2.54,4.81,-11.43,34394,0.24,-0.24,-0.06
34404,2.51,3.85,-10.00,34404,0.22,-0.21,0.13
34414,2.40,1.95,-8.37,34414,0.18,-0.26,0.26
34424,2.04,-0.04,-7.41,34424,0.07,-0.38,0.29
34434,1.89,-1.42,-7.13,34434,-0.02,-0.52,0.24
34444,2.01,-2.37,-7.64,34444,-0.13,-0.66,0.13
34454,1.88,-1.99,-9.17,34454,-0.20,-0.76,-0.02
34464,1.82,-0.71,-10.90,34464,-0.18,-0.78,-0.12
34474,1.86,0.51,-12.25,34474,-0.08,-0.71,-0.14
34484,2.14,1.33,-12.43,34484,0.03,-0.58,-0.11
34494,1.96,1.42,-12.01,34494,0.10,-0.46,-0.05
34504,1.78,1.30,-11.18,34504,0.08,-0.38,0.00
34514,1.76,1.16,-10.77,34514,0.04,-0.33,0.05
34524,1.64,0.42,-10.56,34524,0.03,-0.30,0.09
34534,1.69,-0.72,-10.54,34534,-0.04,-0.28,0.07
34544,1.56,-1.14,-10.17,34544,-0.07,-0.26,0.00
34554,1.71,-1.40,-10.30,34554,-0.09,-0.25,-0.08
34564,1.67,-1.13,-10.32,34564,-0.14,-0.23,-0.17
34574,1.75,-0.28,-10.41,34574,-0.15,-0.21,-0.24
34584,1.81,0.77,-10.65,34584,-0.13,-0.20,-0.25
34594,1.84,1.59,-10.99,34594,-0.09,-0.17,-0.21
34604,1.80,1.94,-10.91,34604,-0.07,-0.12,-0.14
34614,1.88,1.82,-10.55,34614,-0.09,-0.09,-0.07
34624,1.70,1.38,-10.22,34624,-0.12,-0.08,-0.02
34634,1.73,0.75,-9.90,34634,-0.13,-0.09,0.01
34644,1.80,0.32,-9.98,34644,-0.07,-0.11,0.02
34654,1.73,0.28,-10.26,34654,-0.03,-0.12,0.01
34664,1.80,0.51,-10.68,34664,0.00,-0.11,0.00
34674,1.80,0.77,-10.75,34674,-0.02,-0.07,0.01
34684,1.82,0.87,-10.60,34684,-0.04,-0.03,0.02
34694,1.76,0.82,-10.08,34694,-0.08,-0.01,0.03
34704,1.68,0.63,-9.70,34704,-0.13,-0.01,0.04
34714,1.60,0.34,-9.54,34714,-0.15,-0.03,0.04
34724,1.58,0.22,-9.48,34724,-0.13,-0.07,0.04
34734,1.47,0.17,-9.57,34734,-0.11,-0.11,0.02
34744,1.44,0.13,-9.76,34744,-0.10,-0.15,0.00
34754,1.49,0.21,-10.02,34754,-0.09,-0.17,-0.02
34764,1.51,0.57,-10.20,34764,-0.05,-0.19,-0.02
34774,1.53,1.07,-10.82,34774,-0.03,-0.20,-0.02
34784,1.58,1.44,-11.54,34784,-0.02,-0.15,0.01
34794,1.57,1.48,-11.79,34794,-0.05,-0.08,0.05
34804,1.60,1.31,-11.63,34804,-0.10,0.01,0.08
34814,1.56,0.96,-10.97,34814,-0.13,0.07,0.10
34824,1.55,0.73,-10.28,34824,-0.16,0.10,0.11
34834,1.54,0.63,-9.63,34834,-0.17,0.10,0.10
34844,1.46,0.54,-9.16,34844,-0.16,0.07,0.10
34854,1.50,0.38,-8.82,34854,-0.16,0.02,0.09
34864,1.55,0.26,-8.67,34864,-0.13,-0.05,0.08
34874,1.65,0.40,-8.58,34874,-0.12,-0.11,0.06
34884,1.61,0.72,-8.94,34884,-0.11,-0.17,0.06
34894,1.61,1.11,-9.57,34894,-0.10,-0.21,0.08
34904,1.58,1.24,-10.12,34904,-0.08,-0.22,0.11
34914,1.54,1.09,-10.46,34914,-0.08,-0.20,0.14
34924,1.55,0.76,-10.78,34924,-0.09,-0.17,0.16
34934,1.55,0.62,-10.57,34934,-0.14,-0.13,0.16
34944,1.34,0.15,-10.16,34944,-0.16,-0.11,0.16
34954,1.43,-0.34,-10.01,34954,-0.16,-0.10,0.14
34964,1.42,-0.40,-9.76,34964,-0.14,-0.10,0.09
34974,1.35,0.02,-9.36,34974,-0.11,-0.12,0.05
34984,1.18,0.48,-9.37,34984,-0.12,-0.16,0.04
34994,1.50,0.56,-9.50,34994,-0.12,-0.19,0.05
35004,1.46,0.54,-9.77,35004,-0.14,-0.21,0.05
35014,1.41,0.61,-9.94,35014,-0.16,-0.21,0.06
35024,1.32,0.48,-10.00,35024,-0.14,-0.22,0.07
35034,1.46,0.29,-10.27,35034,-0.14,-0.22,0.06
35044,1.36,0.33,-10.57,35044,-0.13,-0.20,0.06
35054,1.28,0.30,-10.72,35054,-0.11,-0.18,0.05
35064,1.33,0.26,-10.61,35064,-0.10,-0.15,0.04
35074,1.30,0.23,-10.27,35074,-0.12,-0.13,0.02
35084,1.23,0.21,-9.97,35084,-0.12,-0.14,0.00
35094,1.28,0.25,-9.90,35094,-0.11,-0.16,-0.01
35104,1.30,0.42,-9.80,35104,-0.10,-0.17,-0.03
35114,1.28,0.57,-9.82,35114,-0.11,-0.18,-0.03
35124,1.20,0.56,-9.74,35124,-0.07,-0.20,-0.02
35134,1.30,0.57,-9.57,35134,-0.04,-0.21,-0.02
35144,1.32,0.73,-9.33,35144,0.01,-0.23,-0.02
35154,1.22,0.76,-9.02,35154,0.21,-0.26,0.00
35164,1.32,0.85,-8.20,35164,0.33,-0.30,0.01
35174,1.75,0.91,-7.20,35174,0.46,-0.40,0.03
35184,1.66,1.06,-6.55,35184,0.58,-0.57,0.05
35194,1.27,1.30,-7.95,35194,0.71,-0.91,0.07
35204,0.95,5.07,-16.08,35204,0.52,-1.36,0.02
35214,0.24,14.68,-39.23,35214,-0.69,-1.66,0.16
35224,-3.97,33.56,-39.23,35224,-3.07,-0.42,0.89
35234,-9.94,39.23,-39.23,35234,-3.05,4.15,3.10
35244,-33.10,34.38,-39.23,35244,-1.49,8.73,5.91
35254,-39.23,-12.90,-39.23,35254,0.35,8.73,6.44
35264,-39.23,-28.41,-39.23,35264,0.27,8.73,4.93
35274,-39.23,-31.02,-28.14,35274,-0.24,8.73,3.24
35284,-39.23,-22.17,6.84,35284,-1.83,8.73,2.21
35294,-39.23,-20.86,33.90,35294,-2.63,8.73,1.79
35304,-39.23,-17.59,39.23,35304,-1.23,8.73,1.52
35314,-39.23,-16.69,39.23,35314,-0.74,8.73,0.88
35324,-39.23,-14.90,39.23,35324,-0.79,8.73,0.34
35334,-29.85,-11.32,39.23,35334,-1.61,6.69,-0.20
35344,-21.51,-1.90,39.23,35344,-0.48,1.77,-0.26
35354,-18.35,2.33,39.23,35354,0.75,-2.72,0.02
35364,-17.74,-1.27,39.23,35364,1.58,-5.38,0.33
35374,-17.50,-6.90,34.68,35374,1.74,-6.90,0.27
35384,-16.16,-10.85,22.78,35384,1.45,-7.93,-0.13
35394,-15.45,-13.07,13.23,35394,1.03,-8.68,-0.73
35404,-15.72,-13.24,4.81,35404,0.65,-8.73,-1.40
35414,-15.82,-11.57,-4.34,35414,0.43,-8.73,-2.09
35424,-15.65,-8.80,-10.20,35424,0.28,-8.73,-2.65
35434,-15.43,-4.81,-14.85,35434,0.09,-8.73,-3.11
35444,-14.28,0.29,-19.12,35444,0.16,-8.73,-3.36
35454,-13.14,5.76,-23.31,35454,0.54,-8.73,-3.35
35464,-10.00,10.83,-26.92,35464,0.93,-8.58,-3.06
35474,-6.43,15.89,-32.85,35474,1.94,-8.00,-2.44
35484,-4.72,20.35,-34.82,35484,2.07,-7.32,-1.54
35494,-1.80,19.95,-38.14,35494,1.96,-6.42,-0.47
35504,1.47,15.08,-38.67,35504,1.86,-5.27,0.49
35514,2.99,5.57,-32.57,35514,1.94,-4.15,1.11
35524,3.26,-3.45,-22.99,35524,1.66,-3.35,1.21
35534,2.84,-8.48,-16.16,35534,1.25,-3.08,0.92
35544,2.78,-10.11,-13.11,35544,0.85,-3.08,0.44
35554,2.21,-8.23,-13.66,35554,0.58,-3.15,-0.05
35564,2.03,-4.38,-16.16,35564,0.49,-3.13,-0.37
35574,1.95,-1.11,-18.78,35574,0.62,-2.95,-0.46
35584,2.59,1.16,-19.50,35584,0.74,-2.63,-0.40
35594,1.76,1.79,-19.02,35594,0.72,-2.32,-0.30
35604,2.02,2.15,-19.56,35604,0.86,-2.02,-0.18
35614,2.18,1.94,-19.75,35614,0.87,-1.70,-0.08
35624,2.55,1.65,-19.95,35624,0.67,-1.34,-0.02
35634,2.39,1.18,-19.47,35634,0.30,-0.92,0.04
35644,2.61,-0.04,-18.44,35644,-0.14,-0.54,0.05
35654,2.36,-1.07,-16.86,35654,-0.49,-0.23,-0.01
35664,1.56,-1.76,-14.72,35664,-0.67,-0.01,-0.08
35674,2.33,-2.46,-12.77,35674,-0.81,0.11,-0.21
35684,1.53,-1.57,-11.35,35684,-0.67,0.11,-0.34
35694,1.90,0.60,-11.14,35694,-0.43,0.03,-0.40
35704,1.95,2.77,-11.78,35704,-0.19,-0.01,-0.34
35714,2.15,4.24,-12.39,35714,-0.01,-0.01,-0.18
35724,2.23,4.08,-12.43,35724,0.10,0.05,0.03
35734,1.62,3.74,-12.31,35734,-0.04,0.09,0.18
35744,1.69,2.72,-12.75,35744,-0.06,0.19,0.36
35754,1.72,0.95,-11.77,35754,0.01,0.28,0.45
35764,1.50,-0.59,-10.67,35764,0.02,0.31,0.45
35774,1.53,-1.72,-9.69,35774,0.01,0.29,0.40
35784,1.35,-2.24,-9.17,35784,-0.01,0.25,0.30
35794,1.38,-2.18,-8.66,35794,-0.06,0.19,0.20
35804,1.36,-1.78,-8.38,35804,-0.09,0.12,0.12
35814,1.26,-1.66,-8.39,35814,-0.13,0.05,0.05
35824,1.43,-1.35,-8.69,35824,-0.17,-0.02,-0.00
35834,1.24,-0.94,-9.11,35834,-0.18,-0.06,-0.04
35844,1.30,-0.37,-9.70,35844,-0.14,-0.09,-0.08
35854,1.45,0.55,-10.66,35854,-0.07,-0.08,-0.07
35864,1.46,1.08,-10.97,35864,-0.02,-0.02,-0.02
35874,1.52,1.09,-10.66,35874,-0.00,0.04,0.04
35884,1.57,0.55,-10.16,35884,-0.03,0.07,0.09
35894,1.50,-0.28,-9.80,35894,-0.06,0.07,0.10
35904,1.47,-1.08,-9.50,35904,-0.08,0.06,0.07
35914,1.61,-1.53,-9.25,35914,-0.10,0.04,-0.00
35924,1.57,-1.62,-9.18,35924,-0.13,0.01,-0.08
35934,1.57,-1.25,-9.01,35934,-0.15,-0.01,-0.16
35944,1.58,-0.76,-8.90,35944,-0.17,-0.05,-0.21
35954,1.65,-0.01,-8.70,35954,-0.17,-0.09,-0.24
35964,1.67,1.21,-9.03,35964,-0.18,-0.15,-0.24
35974,1.68,2.42,-9.49,35974,-0.19,-0.20,-0.15
35984,1.76,2.86,-10.22,35984,-0.21,-0.22,-0.04
35994,1.88,2.54,-10.56,35994,-0.19,-0.21,0.09
36004,1.52,1.83,-10.56,36004,-0.23,-0.19,0.19
36014,1.52,0.55,-10.31,36014,-0.25,-0.18,0.23
36024,1.57,-0.43,-10.11,36024,-0.32,-0.18,0.21
36034,1.66,-0.78,-9.46,36034,-0.47,-0.17,0.17
36044,1.12,-0.87,-8.83,36044,-0.35,-0.23,0.11
36054,1.51,-0.88,-8.73,36054,-0.27,-0.29,0.06
36064,1.43,-0.62,-8.55,36064,-0.25,-0.37,0.00
36074,1.45,0.12,-8.99,36074,-0.24,-0.45,-0.03
36084,1.38,0.05,-9.21,36084,0.09,-0.51,-0.02
36094,1.58,0.60,-9.79,36094,0.12,-0.54,-0.02
36104,1.42,0.85,-10.88,36104,0.03,-0.54,-0.01
36114,1.29,0.93,-11.41,36114,0.06,-0.50,0.02
36124,1.24,1.04,-11.99,36124,-0.04,-0.42,0.04
36134,1.34,0.84,-12.21,36134,-0.08,-0.31,0.08
36144,1.30,0.22,-12.14,36144,-0.10,-0.19,0.09
36154,1.15,-0.42,-11.74,36154,-0.11,-0.10,0.07
36164,1.16,-0.53,-11.30,36164,-0.12,-0.03,0.02
36174,1.08,0.15,-11.27,36174,-0.06,0.01,-0.02
36184,1.10,1.05,-11.26,36184,0.02,0.05,-0.01
36194,1.08,1.36,-10.99,36194,0.08,0.09,0.05
36204,0.97,1.28,-10.39,36204,0.08,0.12,0.10
36214,0.99,0.98,-9.74,36214,0.04,0.11,0.13
36224,1.03,0.34,-9.35,36224,-0.01,0.08,0.15
36234,1.02,-0.15,-9.16,36234,-0.05,0.02,0.13
36244,1.02,-0.78,-9.47,36244,-0.06,-0.03,0.09
36254,1.09,-1.24,-9.91,36254,-0.06,-0.05,0.02
36264,1.24,-1.24,-10.34,36264,-0.06,-0.05,-0.07
36274,1.23,-0.81,-10.78,36274,-0.05,-0.02,-0.14
36284,1.36,-0.06,-10.90,36284,-0.04,0.04,-0.18
36294,1.35,0.78,-10.55,36294,-0.03,0.08,-0.18
36304,1.34,1.32,-9.90,36304,-0.03,0.11,-0.14
36314,1.27,1.50,-9.43,36314,-0.07,0.10,-0.09
36324,1.28,1.50,-9.06,36324,-0.08,0.06,-0.03
36334,1.27,1.10,-8.87,36334,-0.08,0.01,0.02
36344,1.22,0.75,-9.07,36344,-0.09,-0.05,0.04
36354,1.16,0.33,-9.40,36354,-0.09,-0.08,0.04
36364,1.27,-0.04,-9.59,36364,-0.12,-0.11,0.03
36374,1.17,-0.10,-9.94,36374,-0.14,-0.12,0.00
36384,1.18,-0.07,-10.29,36384,-0.16,-0.12,-0.02
36394,1.13,-0.04,-10.38,36394,-0.15,-0.10,-0.03
36404,1.12,-0.04,-10.17,36404,-0.13,-0.10,-0.04
36414,1.01,-0.07,-10.13,36414,-0.14,-0.10,-0.05
36424,1.00,-0.18,-10.08,36424,-0.20,-0.10,-0.07
36434,0.97,-0.15,-10.19,36434,-0.22,-0.11,-0.08
36444,1.09,0.33,-10.32,36444,-0.15,-0.12,-0.10
36454,0.98,0.92,-10.77,36454,-0.07,-0.12,-0.07
36464,1.07,0.99,-11.01,36464,0.02,-0.09,-0.03
36474,1.07,0.90,-10.69,36474,0.05,-0.06,0.00
36484,1.00,0.65,-10.44,36484,0.00,-0.04,0.02
36494,0.98,0.48,-10.24,36494,-0.07,-0.04,0.03
36504,1.01,0.41,-10.04,36504,-0.12,-0.04,0.03
36514,0.92,0.34,-9.93,36514,-0.11,-0.05,0.03
36524,0.92,-0.11,-9.88,36524,-0.09,-0.05,0.03
36534,0.85,-0.49,-9.58,36534,-0.09,-0.05,-0.00
36544,0.95,-0.70,-9.14,36544,-0.11,-0.08,-0.06
36554,1.08,-0.30,-8.88,36554,-0.08,-0.12,-0.12
36564,1.05,0.45,-9.06,36564,-0.00,-0.17,-0.16
36574,1.20,1.05,-9.16,36574,0.06,-0.20,-0.16
36584,1.37,1.78,-8.96,36584,0.13,-0.23,-0.13
36594,1.38,1.78,-8.54,36594,0.15,-0.26,-0.07
36604,1.51,0.96,-7.61,36604,0.11,-0.32,-0.04
36614,1.44,-0.08,-6.59,36614,0.13,-0.46,-0.05
36624,0.86,-1.26,-7.21,36624,0.33,-0.74,-0.11
36634,0.77,-0.10,-13.66,36634,0.91,-1.21,-0.31
36644,-0.37,7.72,-36.67,36644,0.33,-1.49,-0.43
36654,-1.40,22.40,-39.23,36654,-0.54,-0.51,0.00
36664,-7.06,39.23,-39.23,36664,-2.81,3.17,1.48
36674,-22.75,39.23,-39.23,36674,-2.49,8.73,4.33
36684,-39.23,3.76,-39.23,36684,-1.29,8.73,6.06
36694,-39.23,-20.78,-39.23,36694,0.56,8.73,5.41
36704,-39.23,-24.41,-39.23,36704,0.83,8.73,3.88
36714,-39.23,-21.89,-18.12,36714,-0.04,8.73,2.53
36724,-39.23,-19.14,2.84,36724,-0.95,8.73,1.70
36734,-39.23,-18.51,19.54,36734,-1.52,8.73,1.01
36744,-39.23,-15.30,39.23,36744,-1.71,8.73,0.47
36754,-39.23,-16.93,39.23,36754,-1.45,8.73,0.10
36764,-39.23,-17.76,39.23,36764,-1.94,8.73,-0.40
36774,-37.37,-9.15,39.23,36774,-2.45,7.87,-0.67
36784,-24.02,-4.02,39.23,36784,-1.12,2.44,-0.39
36794,-21.90,-4.75,39.23,36794,0.76,-2.74,-0.15
36804,-22.25,-6.90,39.23,36804,1.72,-6.03,-0.03
36814,-23.11,-10.59,38.41,36814,2.17,-7.87,-0.18
36824,-22.55,-13.71,25.01,36824,2.21,-8.73,-0.62
36834,-21.86,-14.32,16.21,36834,2.12,-8.73,-1.24
36844,-22.01,-12.37,9.90,36844,2.01,-8.73,-1.82
36854,-22.91,-10.04,4.52,36854,1.65,-8.73,-2.42
36864,-23.38,-5.23,-3.56,36864,1.20,-8.73,-2.93
36874,-23.20,2.18,-15.04,36874,0.70,-8.73,-3.23
36884,-21.20,10.20,-25.02,36884,0.89,-8.73,-3.10
36894,-17.66,17.84,-37.02,36894,0.83,-8.73,-2.60
36904,-12.28,23.43,-39.23,36904,0.34,-8.73,-1.74
36914,-5.34,24.45,-39.23,36914,0.08,-8.43,-0.67
36924,0.36,19.08,-39.23,36924,0.40,-6.51,0.42
36934,4.23,7.75,-39.23,36934,1.19,-4.70,1.18
36944,5.45,-1.91,-39.23,36944,1.61,-3.31,1.36
36954,6.07,-7.35,-29.91,36954,1.95,-2.39,1.15
36964,5.93,-8.94,-21.39,36964,1.86,-1.82,0.70
36974,5.71,-7.63,-16.96,36974,1.19,-1.56,0.27
36984,5.54,-5.62,-14.78,36984,0.22,-1.45,-0.10
36994,4.98,-3.17,-14.89,36994,-0.43,-1.39,-0.33
37004,4.81,-0.94,-16.57,37004,-0.62,-1.26,-0.43
37014,5.01,0.97,-17.71,37014,-0.36,-1.04,-0.41
37024,4.97,2.53,-17.66,37024,-0.09,-0.78,-0.30
37034,4.98,2.99,-15.99,37034,0.18,-0.50,-0.13
37044,4.75,2.23,-12.88,37044,0.28,-0.34,0.02
37054,4.62,0.69,-10.22,37054,0.30,-0.31,0.11
37064,4.33,-1.03,-8.03,37064,0.34,-0.39,0.11
37074,4.12,-2.77,-6.06,37074,0.41,-0.57,-0.00
37084,4.05,-3.15,-5.62,37084,0.44,-0.80,-0.18
37094,3.74,-2.55,-6.85,37094,0.41,-1.00,-0.35
37104,3.68,-1.19,-8.52,37104,0.38,-1.11,-0.48
37114,3.39,0.34,-10.58,37114,0.35,-1.12,-0.53
37124,4.15,1.27,-11.96,37124,0.27,-1.05,-0.55
37134,3.40,2.75,-13.23,37134,0.26,-0.88,-0.49
37144,3.72,2.99,-13.06,37144,0.31,-0.70,-0.37
37154,3.14,2.83,-11.98,37154,0.29,-0.53,-0.26
37164,3.18,2.22,-10.44,37164,0.20,-0.46,-0.17
37174,3.43,1.99,-9.87,37174,0.10,-0.46,-0.12
37184,2.92,2.09,-10.06,37184,-0.02,-0.49,-0.05
37194,2.83,1.69,-10.62,37194,-0.08,-0.50,0.01
37204,2.95,1.26,-11.27,37204,-0.06,-0.48,0.06
37214,3.44,1.42,-11.27,37214,-0.41,-0.38,0.12
37224,2.11,-0.06,-11.18,37224,-0.40,-0.35,0.10
37234,2.82,-0.23,-10.68,37234,-0.19,-0.26,0.10
37244,2.66,-0.88,-8.88,37244,-0.18,-0.24,0.06
37254,2.58,-1.23,-7.61,37254,-0.12,-0.32,0.01
37264,2.58,-1.15,-7.03,37264,-0.11,-0.44,-0.06
37274,2.42,-0.39,-7.37,37274,0.01,-0.59,-0.10
37284,2.39,0.44,-8.61,37284,0.05,-0.71,-0.12
37294,2.57,1.27,-10.21,37294,0.16,-0.75,-0.09
37304,2.61,1.87,-11.40,37304,0.23,-0.72,-0.02
37314,2.72,1.72,-12.06,37314,0.25,-0.62,0.07
37324,2.57,1.03,-12.14,37324,0.27,-0.50,0.14
37334,2.58,0.04,-11.56,37334,0.27,-0.39,0.16
37344,2.64,-0.81,-10.70,37344,0.23,-0.32,0.14
37354,2.54,-1.19,-10.02,37354,0.14,-0.29,0.08
37364,2.49,-1.47,-9.59,37364,0.04,-0.30,0.02
37374,2.49,-1.62,-9.66,37374,-0.05,-0.32,-0.06
37384,2.59,-1.37,-10.16,37384,-0.07,-0.35,-0.14
37394,2.62,-0.48,-11.26,37394,-0.06,-0.35,-0.20
37404,2.71,0.52,-12.23,37404,0.05,-0.29,-0.21
37414,2.67,1.24,-12.32,37414,0.06,-0.19,-0.18
37424,2.68,1.58,-11.44,37424,0.04,-0.09,-0.12
37434,2.74,1.81,-10.42,37434,-0.05,-0.05,-0.05
37444,2.62,1.83,-9.71,37444,-0.11,-0.08,0.03
37454,2.48,2.07,-9.82,37454,-0.14,-0.12,0.11
37464,2.46,1.77,-10.32,37464,-0.14,-0.15,0.21
37474,2.45,0.75,-10.54,37474,-0.14,-0.15,0.27
37484,2.38,-0.31,-10.91,37484,-0.14,-0.14,0.28
37494,2.32,-0.85,-11.22,37494,-0.11,-0.12,0.24
37504,2.29,-0.90,-11.37,37504,-0.07,-0.09,0.19
37514,2.19,-0.51,-11.60,37514,-0.05,-0.04,0.14
37524,2.09,-0.36,-11.39,37524,-0.04,0.02,0.12
37534,2.09,-0.40,-10.74,37534,-0.05,0.06,0.10
37544,2.05,-0.43,-10.07,37544,-0.06,0.06,0.08
37554,1.99,-0.36,-9.72,37554,-0.10,0.03,0.06
37564,2.02,-0.46,-9.68,37564,-0.15,0.00,0.03
37574,1.88,-0.53,-9.72,37574,-0.18,-0.02,0.00
37584,1.94,-0.63,-9.67,37584,-0.20,-0.04,-0.04
37594,2.20,-0.41,-9.34,37594,-0.26,-0.05,-0.08
37604,1.93,-0.20,-9.47,37604,-0.19,-0.07,-0.10
37614,1.96,0.02,-9.46,37614,-0.15,-0.10,-0.11
37624,1.93,0.39,-9.58,37624,-0.13,-0.13,-0.12
37634,1.92,0.91,-10.00,37634,-0.13,-0.16,-0.11
37644,2.09,1.38,-10.63,37644,-0.13,-0.16,-0.07
37654,2.00,1.75,-11.30,37654,-0.02,-0.13,-0.00
37664,2.01,1.89,-11.57,37664,0.12,-0.08,0.08
37674,1.98,1.64,-11.68,37674,0.16,-0.01,0.15
37684,1.87,0.92,-11.31,37684,0.16,0.07,0.20
37694,2.08,0.22,-10.47,37694,0.08,0.13,0.20
37704,1.93,-0.06,-9.73,37704,-0.01,0.15,0.18
37714,1.91,-0.11,-9.05,37714,-0.05,0.13,0.15
37724,1.92,-0.20,-8.64,37724,-0.05,0.09,0.14
37734,1.93,-0.47,-8.23,37734,-0.04,0.03,0.12
37744,2.00,-0.48,-7.93,37744,-0.02,-0.04,0.10
37754,1.96,-0.26,-8.05,37754,-0.02,-0.11,0.09
37764,1.99,-0.04,-8.36,37764,-0.05,-0.18,0.08
37774,2.02,0.22,-8.96,37774,-0.09,-0.22,0.08
37784,1.94,0.32,-9.52,37784,-0.11,-0.23,0.09
37794,1.97,0.15,-9.70,37794,-0.10,-0.23,0.10
37804,1.94,-0.17,-9.88,37804,-0.10,-0.22,0.10
37814,1.96,-0.48,-9.68,37814,-0.09,-0.22,0.09
37824,1.82,-0.70,-9.61,37824,-0.10,-0.23,0.06
37834,1.88,-0.79,-9.12,37834,-0.12,-0.24,0.01
37844,1.84,-0.65,-8.90,37844,-0.15,-0.29,-0.03
37854,1.85,-0.56,-9.22,37854,-0.19,-0.35,-0.07
37864,1.83,-0.49,-9.62,37864,-0.19,-0.38,-0.09
37874,1.91,-0.31,-10.07,37874,-0.19,-0.40,-0.11
37884,1.91,0.05,-10.56,37884,-0.17,-0.40,-0.12
37894,2.12,0.64,-11.20,37894,-0.16,-0.37,-0.11
37904,2.06,1.06,-11.46,37904,-0.14,-0.33,-0.07
37914,1.79,1.24,-11.65,37914,-0.16,-0.28,-0.02
37924,1.80,1.14,-12.05,37924,-0.08,-0.22,0.02
37934,1.91,0.93,-12.26,37934,0.06,-0.14,0.07
37944,1.73,0.45,-12.01,37944,0.19,-0.06,0.10
37954,1.65,-0.15,-11.20,37954,0.29,0.01,0.10
37964,1.66,-0.49,-10.33,37964,0.27,0.04,0.06
37974,1.73,-0.50,-9.22,37974,0.16,0.03,0.02
37984,1.73,-0.28,-8.82,37984,-0.01,-0.02,-0.02
37994,1.64,-0.03,-8.71,37994,-0.12,-0.07,-0.04
38004,1.63,0.22,-8.76,38004,-0.18,-0.12,-0.03
38014,1.59,0.32,-8.79,38014,-0.17,-0.16,-0.02
38024,1.47,0.03,-8.49,38024,-0.14,-0.19,-0.00
38034,1.59,-0.49,-7.56,38034,0.03,-0.23,-0.00
38044,1.44,-1.05,-5.66,38044,0.14,-0.33,-0.04
38054,1.49,-1.66,-3.81,38054,0.39,-0.54,-0.11
38064,1.94,-1.13,-2.50,38064,0.70,-0.96,-0.19
38074,1.40,0.69,-5.12,38074,0.46,-1.49,-0.26
38084,1.34,5.44,-16.33,38084,-0.64,-2.05,-0.31
38094,-2.05,16.28,-39.23,38094,-3.73,-2.34,-0.27
38104,-2.10,39.23,-39.23,38104,-6.57,-0.79,0.76
38114,-12.06,39.23,-39.23,38114,-4.98,4.20,3.59
38124,-34.41,23.27,-39.23,38124,0.99,8.73,6.44
38134,-39.23,-11.81,-39.23,38134,4.12,8.73,6.09
38144,-39.23,-21.34,-39.23,38144,3.43,8.73,4.10
38154,-39.23,-22.89,-35.27,38154,1.48,8.73,2.44
38164,-39.23,-20.72,-0.06,38164,-0.22,8.73,0.99
38174,-39.23,-9.94,35.52,38174,0.08,8.73,0.63
38184,-39.23,-5.78,39.23,38184,-0.64,8.73,0.41
38194,-39.23,-8.14,39.23,38194,-0.66,8.73,0.15
38204,-39.23,-6.61,39.23,38204,-1.70,8.73,-0.11
38214,-39.23,1.85,39.23,38214,-2.19,8.17,-0.01
38224,-29.55,3.30,39.23,38224,-0.97,2.31,0.45
38234,-27.18,-1.97,39.23,38234,0.57,-3.37,0.79
38244,-26.98,-8.96,39.23,38244,1.42,-6.93,0.76
38254,-26.98,-11.34,39.23,38254,2.07,-8.73,0.47
38264,-26.17,-13.54,26.71,38264,1.98,-8.73,0.06
38274,-26.52,-16.54,14.61,38274,1.32,-8.73,-0.56
38284,-26.72,-17.54,2.74,38284,0.59,-8.73,-1.38
38294,-26.42,-14.65,-11.61,38294,-0.39,-8.73,-2.43
38304,-23.65,-6.92,-26.05,38304,-1.16,-8.73,-3.29
38314,-19.30,4.97,-39.23,38314,-1.03,-8.73,-3.67
38324,-13.28,17.22,-39.23,38324,-1.00,-8.73,-3.34
38334,-6.50,24.16,-39.23,38334,-0.68,-8.42,-2.44
38344,0.40,22.88,-39.23,38344,0.28,-6.54,-1.24
38354,5.51,15.24,-39.23,38354,1.28,-4.54,-0.19
38364,7.19,4.87,-39.23,38364,1.80,-2.94,0.35
38374,7.55,-2.20,-29.15,38374,1.45,-1.93,0.37
38384,7.67,-6.40,-19.21,38384,0.41,-1.46,0.08
38394,7.83,-8.69,-13.42,38394,-0.51,-1.30,-0.37
38404,7.16,-8.28,-9.40,38404,-0.89,-1.29,-0.91
38414,7.02,-5.43,-6.59,38414,-0.69,-1.43,-1.27
38424,6.52,-1.22,-5.35,38424,-0.26,-1.68,-1.47
38434,5.97,2.81,-6.19,38434,0.12,-1.97,-1.44
38444,5.48,5.87,-8.53,38444,0.38,-2.19,-1.27
38454,5.52,7.80,-11.82,38454,0.69,-2.28,-0.99
38464,5.13,8.70,-13.58,38464,1.03,-2.20,-0.63
38474,5.32,8.41,-15.80,38474,0.94,-2.03,-0.27
38484,5.13,5.61,-15.48,38484,1.07,-1.75,0.04
38494,5.22,2.07,-13.39,38494,1.00,-1.51,0.18
38504,4.80,-0.71,-10.74,38504,0.76,-1.37,0.14
38514,4.64,-2.75,-8.43,38514,0.43,-1.37,-0.03
38524,4.48,-3.09,-7.99,38524,0.21,-1.49,-0.28
38534,4.00,-1.36,-8.98,38534,-0.01,-1.60,-0.51
38544,3.66,1.23,-11.61,38544,-0.11,-1.63,-0.62
38554,3.89,3.14,-14.32,38554,-0.13,-1.51,-0.61
38564,4.02,4.69,-15.51,38564,-0.09,-1.26,-0.52
38574,3.24,5.54,-15.55,38574,-0.19,-0.99,-0.36
38584,3.63,5.27,-14.56,38584,-0.05,-0.73,-0.14
38594,3.16,4.36,-12.79,38594,-0.12,-0.53,0.02
38604,3.11,2.21,-10.38,38604,-0.05,-0.43,0.14
38614,2.89,0.35,-8.44,38614,-0.05,-0.46,0.14
38624,2.73,-0.65,-7.45,38624,0.03,-0.59,0.06
38634,2.60,-0.41,-7.90,38634,0.13,-0.73,-0.04
38644,2.65,1.10,-8.51,38644,0.21,-0.82,-0.09
38654,2.61,2.79,-9.25,38654,0.26,-0.87,-0.03
38664,2.53,3.71,-9.97,38664,0.32,-0.89,0.09
38674,2.36,3.52,-10.20,38674,0.34,-0.87,0.25
38684,1.83,2.30,-9.89,38684,0.43,-0.85,0.40
38694,1.86,1.25,-9.70,38694,0.43,-0.85,0.48
38704,1.77,-0.49,-9.01,38704,0.37,-0.86,0.48
38714,1.87,-1.53,-9.09,38714,0.26,-0.90,0.42
38724,1.81,-1.76,-10.09,38724,0.16,-0.93,0.30
38734,1.78,-1.27,-11.85,38734,0.15,-0.89,0.18
38744,1.97,-0.26,-12.97,38744,0.18,-0.76,0.12
38754,2.11,0.75,-13.34,38754,0.24,-0.60,0.12
38764,2.09,1.09,-13.04,38764,0.28,-0.44,0.17
38774,2.13,0.90,-12.14,38774,0.30,-0.30,0.22
38784,2.15,0.55,-11.17,38784,0.27,-0.22,0.25
38794,2.08,0.10,-10.37,38794,0.20,-0.18,0.25
38804,2.00,-0.25,-9.77,38804,0.15,-0.18,0.24
38814,2.06,-0.38,-9.35,38814,0.09,-0.21,0.21
38824,1.86,-0.61,-9.41,38824,0.06,-0.26,0.18
38834,1.98,-0.63,-10.12,38834,0.08,-0.30,0.13
38844,2.25,-0.21,-11.31,38844,0.17,-0.31,0.09
38854,2.24,0.52,-12.42,38854,0.26,-0.25,0.07
38864,2.24,1.22,-13.03,38864,0.34,-0.16,0.10
38874,2.27,1.65,-13.18,38874,0.32,-0.04,0.15
38884,2.19,1.51,-12.50,38884,0.20,0.09,0.20
38894,2.19,1.19,-11.41,38894,0.05,0.17,0.24
38904,2.28,0.88,-10.22,38904,-0.16,0.18,0.27
38914,2.10,0.39,-9.42,38914,-0.28,0.13,0.29
38924,2.18,-0.25,-9.04,38924,-0.30,0.05,0.30
38934,2.22,-0.98,-9.03,38934,-0.26,-0.04,0.29
38944,2.12,-1.52,-9.43,38944,-0.20,-0.12,0.24
38954,2.15,-1.62,-9.86,38954,-0.11,-0.17,0.17
38964,2.08,-1.31,-10.43,38964,-0.07,-0.19,0.11
38974,2.04,-0.84,-10.91,38974,-0.08,-0.18,0.06
38984,2.06,-0.20,-11.43,38984,-0.08,-0.14,0.04
38994,2.16,0.50,-11.71,38994,-0.12,-0.09,0.06
39004,2.04,0.82,-11.96,39004,-0.12,-0.01,0.11
39014,1.90,0.59,-11.72,39014,-0.10,0.06,0.15
39024,1.86,0.08,-11.01,39024,-0.10,0.12,0.17
39034,1.87,-0.57,-9.97,39034,-0.14,0.14,0.16
39044,1.81,-0.97,-9.23,39044,-0.18,0.12,0.12
39054,1.89,-1.02,-8.61,39054,-0.19,0.08,0.08
39064,1.82,-0.79,-8.37,39064,-0.14,-0.00,0.04
39074,1.82,-0.59,-8.55,39074,-0.08,-0.07,0.02
39084,1.76,-0.60,-8.77,39084,-0.06,-0.13,0.00
39094,1.71,-0.63,-9.18,39094,-0.04,-0.17,-0.02
39104,1.73,-0.60,-9.81,39104,-0.05,-0.20,-0.05
39114,1.66,-0.38,-10.60,39114,-0.08,-0.18,-0.08
39124,1.74,-0.12,-11.07,39124,-0.06,-0.14,-0.09
39134,1.80,0.34,-11.06,39134,-0.01,-0.08,-0.09
39144,1.80,0.69,-10.81,39144,-0.00,-0.03,-0.07
39154,1.75,0.71,-10.24,39154,-0.02,-0.00,-0.05
39164,1.75,0.61,-9.40,39164,-0.06,-0.01,-0.03
39174,1.63,0.29,-8.80,39174,-0.11,-0.05,-0.02
39184,1.78,0.10,-8.38,39184,-0.12,-0.12,-0.01
39194,1.76,-0.00,-8.28,39194,-0.13,-0.21,-0.01
39204,1.66,-0.20,-8.61,39204,-0.14,-0.28,-0.01
39214,1.65,-0.47,-9.28,39214,-0.11,-0.35,-0.03
39224,1.78,-0.24,-10.16,39224,-0.07,-0.38,-0.06
39234,1.72,0.26,-11.27,39234,-0.05,-0.37,-0.07
39244,1.74,0.68,-12.18,39244,0.00,-0.29,-0.05
39254,1.72,0.81,-12.53,39254,0.02,-0.19,-0.02
39264,1.68,0.69,-11.98,39264,0.05,-0.08,0.01
39274,1.67,0.35,-10.90,39274,0.01,-0.01,0.02
39284,1.68,0.06,-9.67,39284,-0.08,0.01,0.01
39294,1.54,0.03,-8.89,39294,-0.17,-0.04,-0.01
39304,1.52,-0.11,-8.51,39304,-0.19,-0.11,-0.02
39314,1.48,-0.41,-8.40,39314,-0.21,-0.21,-0.02
39324,1.42,-0.69,-8.74,39324,-0.19,-0.29,-0.05
39334,1.54,-0.69,-9.38,39334,-0.15,-0.35,-0.08
39344,1.49,-0.34,-10.20,39344,-0.15,-0.37,-0.11
39354,1.45,0.13,-11.01,39354,-0.11,-0.35,-0.13
39364,1.52,0.64,-11.44,39364,-0.03,-0.29,-0.11
39374,1.26,0.68,-11.23,39374,0.05,-0.21,-0.07
39384,1.42,0.50,-10.39,39384,0.11,-0.16,-0.06
39394,1.24,0.41,-9.19,39394,0.18,-0.16,-0.05
39404,1.17,0.28,-8.22,39404,0.17,-0.20,-0.05
39414,1.15,0.20,-7.38,39414,0.17,-0.28,-0.05
39424,1.07,0.10,-6.69,39424,0.22,-0.39,-0.05
39434,0.79,-0.31,-5.69,39434,0.40,-0.53,-0.06
39444,1.03,-0.40,-4.25,39444,0.66,-0.73,-0.06
39454,0.88,-0.14,-2.89,39454,1.05,-1.09,-0.02
39464,-0.03,0.98,-4.17,39464,1.58,-1.66,0.06
39474,-2.19,5.24,-13.55,39474,1.49,-2.43,0.20
39484,-5.86,14.86,-39.23,39484,0.02,-3.12,0.55
39494,-11.97,34.67,-39.23,39494,-2.78,-2.61,1.64
39504,-13.32,39.23,-39.23,39504,-2.67,2.46,4.68
39514,-34.46,-8.31,-39.23,39514,2.11,8.73,6.52
39524,-39.23,-39.23,-39.23,39524,4.08,8.73,4.55
39534,-39.23,-39.23,-39.23,39534,3.72,8.73,1.38
39544,-39.23,-26.46,-39.23,39544,2.44,8.73,-1.04
39554,-39.23,-11.50,-13.65,39554,0.01,8.73,-2.53
39564,-39.23,-6.65,18.14,39564,0.39,8.73,-2.64
39574,-39.23,3.38,39.23,39574,-0.72,8.73,-2.56
39584,-39.23,-2.00,39.23,39584,-1.62,8.73,-2.33
39594,-39.23,-10.49,39.23,39594,-2.78,8.73,-2.46
39604,-39.23,-9.42,39.23,39604,-3.42,7.28,-2.78
39614,-30.08,5.72,39.23,39614,-1.03,-0.26,-2.66
39624,-27.35,17.59,39.23,39624,1.75,-6.50,-1.64
39634,-27.19,15.08,39.23,39634,3.08,-8.73,-0.55
39644,-24.91,11.28,21.89,39644,2.74,-8.73,0.20
39654,-22.90,5.63,3.97,39654,1.89,-8.73,0.55
39664,-19.59,2.13,-14.26,39664,0.73,-8.73,0.57
39674,-14.80,-1.50,-27.92,39674,-0.09,-8.73,0.45
39684,-10.51,-6.06,-31.94,39684,-0.48,-8.73,0.17
39694,-5.87,-9.83,-28.47,39694,-0.88,-8.05,-0.31
39704,-3.43,-11.00,-22.66,39704,-1.15,-7.40,-0.92
39714,-2.37,-8.57,-21.07,39714,-1.29,-7.12,-1.50
39724,-1.31,-2.76,-26.09,39724,-1.23,-6.85,-1.91
39734,1.20,6.40,-33.69,39734,-0.36,-6.18,-1.90
39744,3.28,12.10,-34.11,39744,0.79,-5.28,-1.41
39754,4.89,14.75,-32.20,39754,1.29,-4.46,-0.70
39764,5.81,12.58,-26.22,39764,1.63,-3.74,0.06
39774,6.49,7.09,-19.98,39774,1.54,-3.20,0.62
39784,6.13,0.36,-13.34,39784,0.91,-2.98,0.82
39794,5.87,-5.60,-9.11,39794,0.13,-3.00,0.69
39804,5.14,-9.15,-7.68,39804,-0.43,-3.16,0.29
39814,4.43,-9.70,-8.36,39814,-0.66,-3.37,-0.24
39824,3.87,-7.17,-10.83,39824,-0.47,-3.49,-0.72
39834,2.75,-3.57,-13.55,39834,-0.13,-3.47,-1.01
39844,2.52,-0.75,-15.08,39844,0.63,-3.34,-1.10
39854,2.88,1.28,-15.29,39854,1.23,-3.21,-1.09
39864,2.51,3.08,-16.86,39864,1.16,-3.05,-1.02
39874,2.51,4.26,-17.85,39874,1.31,-2.81,-0.86
39884,3.10,4.89,-18.47,39884,0.96,-2.52,-0.71
39894,2.31,5.35,-19.24,39894,0.62,-2.20,-0.49
39904,2.70,4.27,-19.20,39904,0.23,-1.81,-0.32
39914,3.20,2.45,-18.29,39914,-0.16,-1.42,-0.21
39924,3.01,0.50,-16.73,39924,-0.46,-1.08,-0.19
39934,2.24,-0.88,-14.60,39934,-0.62,-0.82,-0.25
39944,2.61,-1.89,-12.65,39944,-0.79,-0.66,-0.38
39954,1.99,-1.52,-11.20,39954,-0.68,-0.61,-0.57
39964,1.91,0.10,-11.11,39964,-0.47,-0.62,-0.70
39974,2.00,2.02,-11.46,39974,-0.18,-0.61,-0.73
39984,2.02,3.28,-10.86,39984,0.32,-0.60,-0.65
39994,1.26,3.99,-10.04,39994,0.29,-0.61,-0.54
40004,1.70,5.29,-9.74,40004,0.31,-0.67,-0.40
40014,1.17,5.27,-9.67,40014,0.20,-0.71,-0.20
40024,1.42,4.26,-9.90,40024,0.14,-0.72,-0.00
40034,1.56,2.47,-9.39,40034,0.13,-0.73,0.12
40044,1.25,0.94,-9.12,40044,0.14,-0.77,0.16
40054,1.02,-0.06,-9.26,40054,0.19,-0.84,0.15
40064,1.03,-0.26,-10.22,40064,0.21,-0.90,0.08
40074,0.91,0.72,-12.25,40074,0.23,-0.90,0.04
40084,0.97,2.07,-14.13,40084,0.30,-0.78,0.06
40094,1.05,2.75,-15.03,40094,0.32,-0.58,0.16
40104,1.05,2.59,-15.11,40104,0.28,-0.36,0.26
40114,1.11,1.75,-14.37,40114,0.18,-0.15,0.35
40124,1.14,0.59,-13.29,40124,0.02,0.01,0.39
40134,1.05,-0.65,-12.21,40134,-0.12,0.14,0.35
40144,0.99,-1.26,-10.96,40144,-0.16,0.21,0.28
40154,0.98,-1.53,-9.99,40154,-0.13,0.21,0.19
40164,0.90,-1.22,-9.00,40164,-0.03,0.18,0.10
40174,1.04,-0.30,-8.65,40174,0.03,0.08,0.03
40184,1.11,0.56,-9.04,40184,0.02,0.01,0.01
40194,1.19,0.96,-9.60,40194,0.04,-0.03,0.04
40204,1.09,0.96,-9.74,40204,0.11,-0.05,0.07
40214,1.29,0.56,-9.47,40214,0.08,-0.06,0.09
40224,1.20,0.16,-9.34,40224,-0.01,-0.10,0.09
40234,1.13,-0.34,-9.73,40234,-0.11,-0.13,0.06
40244,1.25,-0.16,-9.68,40244,-0.18,-0.16,0.02
40254,1.10,0.32,-9.95,40254,-0.25,-0.19,-0.00
40264,1.15,0.45,-10.51,40264,-0.24,-0.20,0.01
40274,1.23,0.29,-11.18,40274,-0.19,-0.19,0.02
40284,1.21,0.14,-11.66,40284,-0.13,-0.14,0.02
40294,1.16,0.22,-11.94,40294,-0.08,-0.09,0.01
40304,1.18,0.25,-12.20,40304,-0.06,-0.01,0.00
40314,1.22,0.14,-12.20,40314,-0.05,0.07,-0.00
40324,1.15,-0.13,-11.96,40324,-0.03,0.15,-0.01
40334,1.15,-0.25,-11.00,40334,-0.01,0.22,-0.04
40344,1.13,-0.26,-10.05,40344,-0.03,0.22,-0.07
40354,1.12,-0.15,-9.57,40354,-0.07,0.19,-0.10
40364,1.16,0.22,-9.35,40364,-0.07,0.15,-0.12
40374,1.16,0.91,-9.27,40374,-0.07,0.10,-0.12
40384,1.24,1.55,-9.63,40384,-0.09,0.06,-0.10
40394,1.24,1.93,-10.16,40394,-0.13,0.04,-0.04
40404,1.16,1.82,-10.42,40404,-0.16,0.05,0.02
40414,1.19,1.44,-10.36,40414,-0.16,0.09,0.06
40424,1.14,1.12,-10.08,40424,-0.16,0.12,0.08
40434,1.07,0.75,-9.71,40434,-0.14,0.13,0.09
40444,1.01,0.49,-9.16,40444,-0.10,0.12,0.08
40454,1.04,0.28,-8.77,40454,-0.08,0.09,0.07
40464,0.97,0.02,-8.53,40464,-0.06,0.05,0.06
40474,1.03,-0.16,-8.42,40474,-0.07,0.01,0.03
40484,0.99,-0.33,-8.48,40484,-0.07,-0.04,0.00
40494,0.89,-0.25,-8.58,40494,-0.05,-0.08,-0.03
40504,1.05,-0.10,-8.60,40504,-0.08,-0.13,-0.06
40514,0.91,-0.06,-8.68,40514,-0.13,-0.17,-0.08
40524,0.96,-0.15,-8.65,40524,-0.17,-0.22,-0.09
40534,0.86,-0.45,-8.63,40534,-0.22,-0.27,-0.11
40544,0.82,-0.96,-8.67,40544,-0.25,-0.33,-0.16
40554,0.81,-1.34,-9.14,40554,-0.27,-0.40,-0.23
40564,0.95,-1.21,-10.10,40564,-0.28,-0.44,-0.31
40574,0.89,-0.63,-11.16,40574,-0.22,-0.44,-0.37
40584,1.03,0.27,-12.26,40584,-0.12,-0.39,-0.42
40594,1.07,1.14,-12.84,40594,0.00,-0.29,-0.41
40604,1.17,2.00,-12.84,40604,-0.04,-0.18,-0.39
40614,1.09,2.91,-12.75,40614,-0.06,-0.05,-0.30
40624,1.16,3.19,-11.99,40624,-0.09,0.05,-0.20
40634,1.14,3.13,-11.04,40634,-0.08,0.10,-0.09
40644,1.09,2.73,-10.29,40644,-0.09,0.11,-0.00
40654,1.10,2.14,-9.70,40654,-0.09,0.09,0.06
40664,1.11,1.69,-9.26,40664,-0.07,0.06,0.10
40674,1.06,1.15,-9.19,40674,-0.06,0.02,0.12
40684,1.05,0.73,-9.23,40684,-0.03,-0.02,0.12
40694,1.06,0.53,-9.28,40694,-0.04,-0.05,0.10
40704,0.96,0.62,-9.49,40704,-0.06,-0.07,0.07
40714,1.00,0.74,-9.70,40714,-0.09,-0.08,0.05
40724,0.95,0.88,-9.79,40724,-0.14,-0.08,0.05
40734,0.94,0.94,-9.68,40734,-0.17,-0.07,0.04
40744,0.79,0.79,-9.48,40744,-0.16,-0.07,0.05
40754,0.81,0.55,-9.12,40754,-0.13,-0.08,0.04
40764,0.81,0.48,-8.76,40764,-0.10,-0.11,0.02
40774,0.77,0.54,-8.24,40774,-0.06,-0.16,0.01
40784,0.78,0.66,-7.99,40784,-0.05,-0.22,-0.01
40794,0.86,0.76,-7.94,40794,-0.06,-0.29,-0.02
40804,0.80,1.07,-8.21,40804,-0.06,-0.35,-0.02
40814,0.78,1.48,-8.53,40814,0.09,-0.39,0.01
40824,0.90,1.57,-8.52,40824,0.37,-0.43,0.05
40834,0.81,1.99,-8.72,40834,0.78,-0.55,0.12
40844,0.23,3.75,-11.03,40844,0.69,-0.79,0.19
40854,0.46,7.02,-21.11,40854,-0.17,-1.10,0.29
40864,-4.01,17.38,-39.23,40864,-2.21,-1.29,0.53
40874,-8.84,39.23,-39.23,40874,-5.69,-0.51,1.58
40884,-13.99,39.23,-39.23,40884,-4.81,3.07,4.38
40894,-30.97,12.40,-39.23,40894,1.75,8.73,6.92
40904,-39.23,-27.21,-39.23,40904,5.91,8.73,5.69
40914,-39.23,-27.61,-39.23,40914,4.97,8.73,2.84
40924,-39.23,-19.02,-39.23,40924,2.01,8.73,0.82
40934,-39.23,-7.62,-18.62,40934,-0.82,8.73,0.05
40944,-39.23,-9.81,19.45,40944,-0.77,8.73,-0.18
40954,-39.23,-7.78,39.23,40954,-0.24,8.73,-0.47
40964,-39.23,-8.81,39.23,40964,-0.43,8.73,-0.91
40974,-39.23,-9.68,39.23,40974,-2.86,8.73,-1.42
40984,-39.23,0.20,39.23,40984,-3.27,7.53,-1.57
40994,-35.84,14.41,39.23,40994,-0.61,-0.56,-1.05
41004,-33.92,19.70,39.23,41004,1.36,-6.40,-0.01
41014,-34.53,13.80,39.23,41014,2.66,-8.73,1.01
41024,-30.26,6.79,22.90,41024,2.42,-8.73,1.59
41034,-26.62,-3.31,6.56,41034,0.67,-8.73,1.55
41044,-21.98,-11.34,-8.96,41044,-0.79,-8.73,0.89
41054,-17.15,-14.39,-24.16,41054,-1.72,-8.73,-0.16
41064,-12.71,-13.11,-31.90,41064,-2.08,-8.73,-1.14
41074,-8.72,-10.45,-33.68,41074,-2.07,-8.47,-1.97
41084,-4.73,-5.95,-33.68,41084,-1.80,-7.52,-2.62
41094,-2.02,0.54,-32.51,41094,-1.37,-6.76,-2.95
41104,0.60,7.69,-32.95,41104,-0.80,-6.13,-2.89
41114,2.47,13.24,-32.84,41114,-0.26,-5.53,-2.49
41124,4.69,16.58,-33.28,41124,0.39,-4.91,-1.80
41134,5.89,17.62,-31.73,41134,0.60,-4.30,-1.04
41144,7.01,15.34,-30.14,41144,0.78,-3.65,-0.25
41154,7.91,10.29,-27.09,41154,0.86,-2.98,0.37
41164,7.83,3.63,-20.87,41164,1.04,-2.42,0.74
41174,7.66,-1.62,-15.19,41174,1.13,-2.14,0.78
41184,7.24,-5.39,-10.61,41184,1.02,-2.06,0.58
41194,6.69,-7.10,-7.58,41194,0.84,-2.13,0.23
41204,6.32,-6.91,-6.69,41204,0.58,-2.30,-0.17
41214,5.85,-4.73,-8.27,41214,0.36,-2.46,-0.53
41224,5.61,-1.22,-11.14,41224,0.25,-2.50,-0.74
41234,5.46,2.18,-13.74,41234,0.20,-2.41,-0.76
41244,5.39,4.32,-14.70,41244,0.31,-2.20,-0.64
41254,5.35,5.29,-14.84,41254,0.09,-2.02,-0.46
41264,5.14,5.13,-14.46,41264,-0.03,-1.77,-0.23
41274,4.86,3.19,-15.14,41274,-0.10,-1.53,-0.03
41284,4.80,0.93,-14.62,41284,0.04,-1.31,0.04
41294,4.87,-0.59,-13.32,41294,0.28,-1.12,0.01
41304,4.77,-1.09,-12.36,41304,0.47,-1.00,-0.08
41314,4.37,-0.93,-11.84,41314,0.51,-0.93,-0.18
41324,4.30,-0.60,-11.54,41324,0.39,-0.83,-0.27
41334,4.55,-0.29,-11.01,41334,0.11,-0.73,-0.36
41344,4.24,0.10,-10.19,41344,-0.17,-0.65,-0.44
41354,3.95,0.28,-9.04,41354,-0.38,-0.61,-0.49
41364,3.73,0.43,-7.56,41364,-0.49,-0.64,-0.55
41374,3.77,0.54,-5.98,41374,-0.67,-0.72,-0.60
41384,3.37,0.93,-5.27,41384,-0.75,-0.95,-0.68
41394,3.39,1.53,-6.00,41394,-0.58,-1.18,-0.77
41404,2.93,3.37,-7.63,41404,-0.10,-1.40,-0.77
41414,2.67,5.34,-9.64,41414,0.11,-1.52,-0.68
41424,2.61,6.79,-11.21,41424,0.36,-1.53,-0.47
41434,2.24,7.67,-12.60,41434,0.28,-1.46,-0.20
41444,2.23,7.27,-13.64,41444,0.33,-1.32,0.12
41454,2.38,5.21,-13.72,41454,0.44,-1.15,0.40
41464,2.37,2.56,-12.80,41464,0.52,-0.99,0.55
41474,2.17,0.42,-11.39,41474,0.56,-0.89,0.57
41484,1.95,-0.66,-10.83,41484,0.56,-0.86,0.50
41494,1.76,-0.88,-11.14,41494,0.49,-0.84,0.38
41504,1.88,-0.26,-11.97,41504,0.46,-0.78,0.28
41514,1.84,0.49,-12.53,41514,0.47,-0.68,0.22
41524,1.91,1.01,-12.81,41524,0.45,-0.56,0.22
41534,1.80,0.82,-12.57,41534,0.43,-0.43,0.24
41544,1.83,0.22,-11.88,41544,0.37,-0.31,0.23
41554,1.89,-0.26,-11.44,41554,0.22,-0.23,0.20
41564,1.78,-0.63,-11.00,41564,0.07,-0.18,0.14
41574,1.84,-0.72,-10.95,41574,-0.04,-0.15,0.07
41584,1.79,-0.14,-11.02,41584,-0.15,-0.10,0.00
41594,1.86,0.65,-11.08,41594,-0.18,-0.06,-0.03
41604,1.91,1.26,-10.88,41604,-0.14,-0.02,-0.00
41614,1.77,1.47,-10.45,41614,-0.08,0.01,0.04
41624,1.81,1.17,-9.70,41624,-0.04,0.01,0.07
41634,1.81,0.69,-8.85,41634,-0.09,-0.03,0.08
41644,1.71,0.18,-8.61,41644,-0.14,-0.10,0.06
41654,1.85,-0.24,-8.69,41654,-0.17,-0.18,0.01
41664,1.90,-0.23,-8.94,41664,-0.20,-0.24,-0.04
41674,1.80,0.01,-9.45,41674,-0.19,-0.29,-0.10
41684,1.91,0.46,-10.14,41684,-0.16,-0.32,-0.13
41694,2.05,1.38,-11.08,41694,-0.12,-0.31,-0.14
41704,2.11,2.43,-12.13,41704,-0.09,-0.25,-0.10
41714,2.06,3.33,-12.67,41714,-0.03,-0.13,0.01
41724,1.78,3.18,-12.22,41724,0.03,-0.00,0.13
41734,1.87,2.16,-11.03,41734,0.05,0.08,0.22
41744,1.75,1.02,-10.02,41744,0.02,0.10,0.26
41754,1.77,0.17,-9.29,41754,-0.03,0.07,0.24
41764,1.74,-0.40,-9.06,41764,-0.07,0.02,0.19
41774,1.68,-0.58,-8.99,41774,-0.08,-0.03,0.12
41784,1.67,-0.63,-9.04,41784,-0.06,-0.07,0.05
41794,1.67,-0.61,-8.90,41794,-0.08,-0.11,-0.01
41804,1.77,-0.34,-8.94,41804,-0.12,-0.14,-0.08
41814,1.75,0.55,-9.28,41814,-0.12,-0.18,-0.12
41824,1.80,1.73,-9.72,41824,-0.11,-0.19,-0.11
41834,1.82,2.57,-10.12,41834,-0.04,-0.19,-0.05
41844,1.68,2.87,-10.28,41844,0.04,-0.17,0.05
41854,1.80,2.46,-10.09,41854,0.07,-0.16,0.15
41864,1.59,1.62,-9.88,41864,0.09,-0.14,0.22
41874,1.60,0.54,-9.62,41874,0.06,-0.14,0.23
41884,1.58,-0.25,-9.47,41884,0.03,-0.15,0.20
41894,1.51,-0.72,-9.30,41894,-0.04,-0.15,0.13
41904,1.40,-0.93,-9.13,41904,-0.08,-0.17,0.05
41914,1.43,-0.92,-8.80,41914,-0.09,-0.19,-0.04
41924,1.48,-0.60,-8.57,41924,-0.12,-0.23,-0.12
41934,1.45,0.06,-8.57,41934,-0.13,-0.29,-0.17
41944,1.50,0.86,-9.14,41944,-0.11,-0.35,-0.19
41954,1.47,1.38,-9.86,41954,-0.04,-0.37,-0.17
41964,1.48,2.07,-10.53,41964,0.11,-0.37,-0.13
41974,1.50,2.32,-11.05,41974,0.21,-0.34,-0.05
41984,1.47,2.01,-11.05,41984,0.25,-0.30,0.04
41994,1.38,1.37,-10.84,41994,0.28,-0.26,0.09
42004,1.33,0.62,-10.31,42004,0.25,-0.25,0.11
42014,1.27,0.04,-9.98,42014,0.19,-0.26,0.10
42024,1.15,-0.38,-9.91,42024,0.11,-0.28,0.05
42034,1.13,-0.49,-10.15,42034,0.05,-0.30,0.00
42044,1.10,-0.51,-10.40,42044,-0.01,-0.30,-0.05
42054,1.17,-0.50,-10.43,42054,-0.05,-0.28,-0.10
42064,1.21,-0.28,-10.50,42064,-0.08,-0.28,-0.15
42074,1.13,0.13,-10.58,42074,-0.08,-0.27,-0.18
42084,1.17,0.59,-10.70,42084,-0.04,-0.25,-0.19
42094,1.23,1.17,-10.88,42094,0.02,-0.23,-0.18
42104,1.24,1.92,-10.92,42104,0.09,-0.20,-0.13
42114,1.15,2.34,-10.87,42114,0.12,-0.18,-0.06
42124,1.14,2.23,-10.81,42124,0.12,-0.15,0.03
42134,1.04,1.64,-10.64,42134,0.12,-0.11,0.10
42144,1.01,0.94,-10.18,42144,0.10,-0.10,0.13
42154,0.96,0.33,-9.75,42154,0.02,-0.10,0.13
42164,0.94,0.13,-9.59,42164,-0.07,-0.12,0.10
42174,0.92,0.08,-9.66,42174,-0.12,-0.13,0.08
42184,0.79,-0.07,-9.48,42184,-0.14,-0.14,0.06
42194,0.89,-0.20,-9.32,42194,-0.12,-0.16,0.03
42204,0.81,-0.27,-9.03,42204,-0.03,-0.17,0.01
42214,0.84,-0.51,-8.24,42214,0.08,-0.20,-0.02
42224,0.99,-0.61,-7.59,42224,0.23,-0.26,-0.06
42234,0.96,-0.65,-7.07,42234,0.40,-0.36,-0.11
42244,1.38,-0.74,-6.67,42244,0.66,-0.49,-0.16
42254,1.19,-0.71,-6.19,42254,1.06,-0.68,-0.19
42264,0.64,-0.23,-6.23,42264,1.54,-1.03,-0.22
42274,-0.17,2.27,-11.30,42274,1.11,-1.61,-0.30
42284,-0.79,9.23,-26.76,42284,-0.01,-2.19,-0.29
42294,-5.44,25.00,-39.23,42294,-3.64,-2.29,0.07
42304,-11.44,39.23,-39.23,42304,-6.69,-0.40,1.74
42314,-16.38,39.23,-39.23,42314,-5.10,5.46,5.10
42324,-39.23,-2.41,-39.23,42324,1.62,8.73,6.97
42334,-39.23,-33.76,-39.23,42334,3.77,8.73,5.14
42344,-39.23,-28.54,-39.23,42344,3.08,8.73,2.39
42354,-39.23,-22.23,-37.28,42354,0.69,8.73,0.57
42364,-39.23,-17.37,-7.35,42364,-0.75,8.73,-0.24
42374,-39.23,-21.55,36.19,42374,-0.28,8.73,-0.97
42384,-39.23,-13.08,39.23,42384,-0.43,8.73,-1.78
42394,-39.23,-8.22,39.23,42394,-2.48,8.73,-2.02
42404,-39.23,-11.18,39.23,42404,-5.24,8.73,-2.02
42414,-35.55,-11.79,39.23,42414,-4.21,3.97,-2.11
42424,-27.45,4.84,39.23,42424,-1.37,-2.57,-1.98
42434,-26.77,10.99,39.23,42434,0.71,-6.00,-1.14
42444,-25.41,7.47,32.91,42444,2.08,-7.65,-0.38
42454,-21.12,0.62,17.31,42454,2.03,-8.45,-0.04
42464,-18.30,-3.84,7.23,42464,1.76,-8.73,-0.11
42474,-15.86,-5.42,-0.14,42474,1.54,-8.73,-0.35
42484,-13.94,-5.98,-3.56,42484,1.62,-8.73,-0.58
42494,-13.13,-6.48,-3.59,42494,1.77,-8.73,-0.82
42504,-13.12,-6.03,-3.85,42504,1.57,-8.73,-1.07
42514,-13.53,-5.06,-7.80,42514,1.01,-8.73,-1.36
42524,-12.82,-1.30,-15.46,42524,0.18,-8.73,-1.68
42534,-11.53,4.02,-23.97,42534,-0.43,-8.73,-1.82
42544,-9.24,9.85,-31.78,42544,-0.57,-8.73,-1.71
42554,-5.96,13.57,-36.27,42554,-0.53,-8.46,-1.32
42564,-2.74,14.88,-38.56,42564,0.06,-7.48,-0.67
42574,0.27,12.20,-38.82,42574,0.37,-6.50,0.00
42584,2.24,5.60,-36.95,42584,1.21,-5.48,0.58
42594,3.22,-2.48,-32.51,42594,2.03,-4.58,0.81
42604,3.79,-8.51,-28.41,42604,2.69,-3.84,0.60
42614,4.36,-9.39,-26.95,42614,2.96,-3.30,0.17
42624,4.63,-5.76,-27.65,42624,2.42,-2.74,-0.27
42634,4.82,-0.80,-28.85,42634,1.36,-2.03,-0.51
42644,4.87,2.24,-27.46,42644,0.33,-1.25,-0.55
42654,4.76,2.91,-23.42,42654,-0.43,-0.59,-0.49
42664,4.61,2.40,-19.66,42664,-1.01,-0.17,-0.43
42674,4.42,0.87,-15.07,42674,-1.07,0.06,-0.39
42684,4.41,-0.90,-11.65,42684,-0.91,0.09,-0.42
42694,4.20,-1.86,-9.53,42694,-0.57,-0.00,-0.53
42704,3.92,-2.09,-8.42,42704,-0.36,-0.15,-0.69
42714,3.80,-1.68,-7.75,42714,-0.17,-0.30,-0.84
42724,3.58,-0.31,-7.74,42724,-0.02,-0.45,-0.99
42734,3.58,1.67,-8.32,42734,0.06,-0.57,-1.05
42744,3.60,3.64,-8.44,42744,0.06,-0.62,-1.02
42754,3.86,5.08,-8.36,42754,0.05,-0.65,-0.89
42764,3.28,5.15,-7.99,42764,-0.17,-0.68,-0.75
42774,3.37,4.95,-7.77,42774,-0.19,-0.74,-0.60
42784,2.31,4.43,-7.16,42784,-0.41,-0.79,-0.48
42794,3.12,3.65,-7.08,42794,-0.39,-0.88,-0.39
42804,2.46,2.89,-6.65,42804,-0.43,-1.00,-0.34
42814,1.81,2.65,-7.51,42814,-0.20,-1.13,-0.33
42824,2.54,3.16,-8.43,42824,-0.11,-1.24,-0.34
42834,2.05,4.45,-10.78,42834,0.35,-1.25,-0.25
42844,1.85,5.31,-12.56,42844,0.37,-1.18,-0.11
42854,1.61,5.27,-13.44,42854,0.43,-1.05,0.09
42864,1.70,3.99,-13.49,42864,0.47,-0.90,0.27
42874,1.74,2.02,-13.26,42874,0.49,-0.77,0.39
42884,1.69,0.28,-13.13,42884,0.47,-0.65,0.40
42894,1.67,-0.91,-13.04,42894,0.45,-0.54,0.35
42904,1.55,-1.27,-12.93,42904,0.44,-0.42,0.26
42914,1.37,-1.19,-12.42,42914,0.47,-0.30,0.16
42924,1.43,-0.59,-11.51,42924,0.51,-0.21,0.07
42934,1.64,0.08,-10.95,42934,0.50,-0.16,0.00
42944,1.79,0.97,-10.69,42944,0.45,-0.12,-0.02
42954,1.54,1.60,-10.30,42954,0.36,-0.10,-0.01
42964,1.92,1.76,-9.97,42964,0.30,-0.10,0.04
42974,2.04,1.47,-9.68,42974,0.23,-0.11,0.08
42984,1.87,1.22,-9.53,42984,0.13,-0.14,0.10
42994,1.99,0.99,-9.36,42994,0.05,-0.17,0.10
43004,1.95,0.74,-9.47,43004,-0.07,-0.19,0.10
43014,2.02,0.66,-9.73,43014,-0.13,-0.20,0.08
43024,1.95,0.71,-9.86,43024,-0.18,-0.21,0.06
43034,1.95,0.65,-9.81,43034,-0.16,-0.21,0.05
43044,1.91,0.72,-9.69,43044,-0.09,-0.23,0.05
43054,1.73,0.72,-9.64,43054,-0.03,-0.26,0.05
43064,1.95,1.22,-10.22,43064,0.01,-0.29,0.05
43074,1.86,1.91,-11.06,43074,0.00,-0.29,0.08
43084,1.77,2.27,-11.76,43084,0.02,-0.25,0.15
43094,1.73,2.09,-11.93,43094,0.06,-0.17,0.22
43104,1.84,1.68,-11.29,43104,0.08,-0.10,0.29
43114,1.59,1.14,-10.72,43114,0.00,-0.07,0.32
43124,1.46,0.31,-10.36,43124,-0.06,-0.05,0.33
43134,1.47,-0.33,-9.78,43134,-0.05,-0.06,0.30
43144,1.47,-0.57,-9.40,43144,-0.06,-0.09,0.25
43154,1.42,-0.71,-9.28,43154,-0.07,-0.13,0.19
43164,1.43,-0.65,-9.44,43164,-0.10,-0.17,0.13
43174,1.00,-0.99,-9.73,43174,-0.07,-0.20,0.06
43184,1.34,-1.28,-9.58,43184,0.05,-0.21,-0.02
43194,1.46,-0.72,-9.36,43194,0.05,-0.23,-0.11
43204,1.34,0.35,-9.54,43204,-0.01,-0.26,-0.16
43214,1.34,1.06,-9.91,43214,-0.07,-0.27,-0.17
43224,1.29,1.54,-10.45,43224,-0.14,-0.27,-0.14
43234,1.27,1.76,-11.22,43234,-0.14,-0.24,-0.10
43244,1.31,1.99,-11.67,43244,-0.12,-0.18,-0.06
43254,1.28,2.04,-11.79,43254,-0.13,-0.11,0.00
43264,1.10,1.56,-11.71,43264,-0.11,-0.04,0.06
43274,1.16,0.64,-11.06,43274,-0.07,0.02,0.08
43284,1.14,-0.01,-9.96,43284,-0.07,0.05,0.05
43294,1.15,-0.30,-8.85,43294,-0.11,0.02,-0.00
43304,1.16,-0.17,-8.09,43304,-0.13,-0.05,-0.06
43314,1.20,0.20,-7.83,43314,-0.16,-0.14,-0.10
43324,1.27,0.78,-8.10,43324,-0.18,-0.24,-0.12
43334,1.25,1.30,-8.75,43334,-0.17,-0.31,-0.11
43344,1.30,1.61,-9.38,43344,-0.15,-0.34,-0.08
43354,1.36,1.65,-10.07,43354,-0.15,-0.35,-0.04
43364,1.27,1.54,-10.83,43364,-0.12,-0.33,-0.01
43374,1.22,1.49,-11.27,43374,-0.02,-0.28,0.02
43384,1.18,1.26,-11.35,43384,0.08,-0.22,0.05
43394,1.19,1.09,-10.99,43394,0.11,-0.17,0.05
43404,1.18,1.15,-10.43,43404,0.10,-0.13,0.06
43414,1.16,1.29,-9.96,43414,0.04,-0.13,0.07
43424,1.08,1.21,-9.79,43424,-0.01,-0.14,0.09
43434,1.08,1.11,-9.76,43434,-0.05,-0.15,0.11
43444,1.05,0.90,-9.79,43444,-0.08,-0.16,0.13
43454,0.90,0.72,-9.95,43454,-0.10,-0.17,0.14
43464,0.89,0.47,-10.07,43464,-0.06,-0.17,0.14
43474,0.86,0.31,-10.24,43474,-0.02,-0.17,0.13
43484,0.88,0.51,-10.42,43484,0.08,-0.16,0.12
43494,0.84,0.84,-10.51,43494,0.21,-0.14,0.13
43504,0.93,0.84,-10.30,43504,0.29,-0.11,0.15
43514,0.79,0.62,-9.76,43514,0.33,-0.09,0.16
43524,0.90,0.39,-9.03,43524,0.31,-0.10,0.15
43534,0.79,0.14,-8.74,43534,0.21,-0.13,0.14
43544,0.85,-0.03,-8.59,43544,0.14,-0.18,0.11
43554,0.83,-0.11,-8.67,43554,0.09,-0.23,0.08
43564,0.85,-0.04,-8.54,43564,0.11,-0.27,0.05
43574,0.99,0.26,-8.29,43574,0.22,-0.32,0.03
43584,1.13,0.66,-7.92,43584,0.34,-0.38,0.04
43594,1.41,0.94,-7.28,43594,0.54,-0.46,0.08
43604,1.36,0.48,-6.47,43604,0.77,-0.61,0.13
43614,1.09,-0.19,-5.78,43614,0.95,-0.83,0.13
43624,0.74,0.13,-6.98,43624,0.82,-1.20,0.08
43634,-0.61,3.22,-14.44,43634,-0.38,-1.66,-0.02
43644,-0.91,10.43,-34.93,43644,-2.19,-2.03,0.04
43654,-6.78,29.45,-39.23,43654,-6.19,-1.71,0.46
43664,-13.13,39.23,-39.23,43664,-7.06,1.32,2.56
43674,-21.72,33.54,-39.23,43674,-2.08,8.14,5.85
43684,-39.23,-14.27,-39.23,43684,4.32,8.73,6.09
43694,-39.23,-20.89,-39.23,43694,6.09,8.73,3.64
43704,-39.23,-7.53,-39.23,43704,3.87,8.73,1.65
43714,-39.23,-4.26,-19.64,43714,0.13,8.73,0.77
43724,-39.23,-5.10,2.26,43724,-1.27,8.73,0.83
43734,-39.23,-12.59,29.73,43734,-0.88,8.73,0.43
43744,-39.23,-9.96,39.23,43744,-1.37,8.73,-0.09
43754,-39.23,-13.29,39.23,43754,-3.94,8.73,-0.48
43764,-39.23,-18.18,39.23,43764,-5.59,8.73,-0.71
43774,-39.23,-13.71,39.23,43774,-5.11,6.97,-0.89
43784,-28.94,-4.93,39.23,43784,-2.92,1.18,-0.95
43794,-25.20,3.42,39.23,43794,-1.30,-2.83,-0.67
43804,-23.80,3.22,39.23,43804,0.47,-5.25,-0.15
43814,-22.05,-2.46,38.46,43814,1.51,-6.95,0.16
43824,-20.49,-7.69,25.89,43824,1.90,-8.35,0.05
43834,-19.74,-8.51,16.77,43834,1.73,-8.73,-0.26
43844,-19.91,-7.93,10.44,43844,1.77,-8.73,-0.54
43854,-20.66,-7.99,7.33,43854,1.91,-8.73,-0.73
43864,-22.51,-9.72,6.34,43864,1.82,-8.73,-0.95
43874,-25.38,-11.13,3.13,43874,1.28,-8.73,-1.35
43884,-28.37,-11.60,-4.39,43884,0.51,-8.73,-1.95
43894,-29.31,-6.18,-16.06,43894,-0.30,-8.73,-2.66
43904,-29.25,3.88,-29.10,43904,-0.61,-8.73,-3.09
43914,-24.37,16.58,-39.23,43914,-1.15,-8.73,-2.97
43924,-16.59,25.98,-39.23,43924,-0.58,-8.73,-2.04
43934,-9.82,26.46,-39.23,43934,-0.44,-8.73,-0.54
43944,-3.17,15.73,-39.23,43944,0.59,-6.58,0.69
43954,2.51,-1.92,-39.23,43954,1.90,-4.11,1.23
43964,3.37,-13.39,-39.23,43964,1.85,-2.43,0.83
43974,4.19,-16.60,-32.22,43974,1.71,-1.47,0.00
43984,4.69,-11.94,-24.65,43984,1.53,-0.93,-0.83
43994,3.91,-3.87,-20.43,43994,1.14,-0.61,-1.31
44004,3.80,2.28,-17.22,44004,0.88,-0.40,-1.38
44014,4.04,5.40,-13.96,44014,0.57,-0.28,-1.20
44024,4.32,5.99,-10.83,44024,0.29,-0.28,-0.93
44034,4.05,5.03,-8.51,44034,0.04,-0.40,-0.66
44044,3.90,3.23,-7.03,44044,-0.13,-0.58,-0.48
44054,3.92,1.32,-6.93,44054,-0.15,-0.83,-0.42
44064,3.83,1.48,-9.96,44064,-0.17,-0.98,-0.45
44074,3.64,2.49,-12.74,44074,-0.12,-0.97,-0.44
44084,3.71,3.65,-14.56,44084,0.09,-0.80,-0.35
44094,3.26,3.91,-14.42,44094,0.07,-0.57,-0.23
44104,3.40,2.84,-13.04,44104,0.21,-0.39,-0.10
44114,2.94,0.97,-10.53,44114,0.31,-0.30,-0.04
44124,2.98,-1.02,-8.69,44124,0.17,-0.32,-0.09
44134,2.78,-2.43,-7.56,44134,-0.11,-0.41,-0.25
44144,2.58,-2.32,-6.93,44144,-0.26,-0.53,-0.45
44154,2.60,-0.88,-7.41,44154,-0.42,-0.68,-0.62
44164,2.46,1.63,-9.41,44164,-0.49,-0.80,-0.69
44174,1.46,3.56,-11.49,44174,-0.29,-0.83,-0.63
44184,3.02,4.82,-13.15,44184,-0.38,-0.73,-0.49
44194,2.30,5.59,-14.43,44194,-0.17,-0.61,-0.30
44204,2.38,6.03,-14.94,44204,-0.16,-0.42,-0.08
44214,2.33,5.39,-14.74,44214,-0.14,-0.23,0.15
44224,2.11,3.70,-14.09,44224,-0.15,-0.06,0.33
44234,1.91,1.67,-12.90,44234,-0.16,0.07,0.41
44244,1.85,0.18,-11.13,44244,-0.16,0.14,0.40
44254,1.55,-0.87,-9.40,44254,-0.13,0.13,0.34
44264,1.50,-1.71,-7.75,44264,-0.08,0.05,0.25
44274,1.71,-2.14,-6.84,44274,-0.06,-0.11,0.11
44284,1.77,-1.90,-6.77,44284,-0.04,-0.27,-0.02
44294,1.68,-0.78,-7.67,44294,-0.03,-0.40,-0.13
44304,1.79,0.85,-8.97,44304,-0.01,-0.48,-0.17
44314,1.94,2.22,-10.44,44314,-0.02,-0.48,-0.12
44324,1.90,2.85,-11.46,44324,-0.06,-0.41,-0.02
44334,1.93,2.63,-12.08,44334,-0.11,-0.31,0.08
44344,1.89,1.71,-12.23,44344,-0.15,-0.18,0.16
44354,1.82,0.71,-11.85,44354,-0.12,-0.07,0.19
44364,1.64,-0.59,-10.81,44364,-0.12,0.03,0.16
44374,1.41,-1.52,-9.76,44374,-0.14,0.07,0.06
44384,1.33,-1.87,-8.25,44384,-0.17,0.04,-0.08
44394,1.19,-1.60,-6.77,44394,-0.10,-0.05,-0.20
44404,1.17,-1.03,-5.45,44404,0.09,-0.23,-0.29
44414,1.04,-0.71,-5.02,44414,0.22,-0.48,-0.35
44424,1.00,-0.66,-5.49,44424,0.37,-0.73,-0.41
44434,1.27,0.05,-6.74,44434,0.51,-0.96,-0.46
44444,1.19,1.39,-9.00,44444,0.55,-1.11,-0.48
44454,1.17,2.32,-11.02,44454,0.59,-1.13,-0.42
44464,1.39,3.49,-13.41,44464,0.56,-1.07,-0.32
44474,1.52,3.50,-14.70,44474,0.44,-0.87,-0.19
44484,1.40,3.84,-16.01,44484,0.44,-0.62,-0.05
44494,1.29,3.49,-16.23,44494,0.29,-0.32,0.08
44504,1.27,2.43,-14.75,44504,0.13,-0.01,0.19
44514,1.07,1.40,-12.83,44514,-0.09,0.18,0.22
44524,0.95,0.59,-10.97,44524,-0.23,0.26,0.22
44534,0.92,0.00,-9.43,44534,-0.25,0.25,0.20
44544,0.97,-0.32,-8.44,44544,-0.18,0.18,0.16
44554,0.99,-0.34,-8.06,44554,-0.06,0.06,0.12
44564,1.07,0.13,-8.34,44564,0.03,-0.05,0.10
44574,1.09,0.67,-9.09,44574,0.06,-0.13,0.10
44584,1.17,0.97,-10.02,44584,0.03,-0.16,0.12
44594,1.25,1.04,-10.73,44594,-0.00,-0.14,0.15
44604,1.19,0.79,-11.17,44604,-0.05,-0.09,0.18
44614,1.10,0.25,-11.06,44614,-0.09,-0.01,0.18
44624,1.14,-0.39,-10.47,44624,-0.11,0.04,0.16
44634,1.01,-0.75,-9.63,44634,-0.10,0.05,0.11
44644,1.05,-0.91,-8.80,44644,-0.09,0.02,0.05
44654,1.09,-0.88,-8.32,44654,-0.08,-0.05,-0.00
44664,1.06,-0.60,-8.20,44664,-0.07,-0.14,-0.05
44674,1.10,-0.35,-8.39,44674,-0.10,-0.23,-0.09
44684,1.22,-0.08,-8.84,44684,-0.15,-0.30,-0.12
44694,1.21,0.33,-9.58,44694,-0.18,-0.35,-0.13
44704,1.17,0.86,-10.67,44704,-0.19,-0.36,-0.13
44714,1.21,1.42,-11.82,44714,-0.19,-0.32,-0.10
44724,1.23,1.73,-12.57,44724,-0.13,-0.22,-0.05
44734,1.24,1.75,-12.75,44734,-0.09,-0.11,0.01
44744,1.10,1.48,-12.33,44744,-0.05,-0.01,0.06
44754,1.08,1.06,-11.46,44754,-0.04,0.06,0.10
44764,1.00,0.46,-10.47,44764,-0.04,0.08,0.10
44774,0.98,0.09,-9.76,44774,-0.06,0.07,0.09
44784,0.97,-0.19,-9.33,44784,-0.07,0.03,0.06
44794,0.96,-0.30,-9.12,44794,-0.08,-0.02,0.02
44804,0.88,-0.26,-9.10,44804,-0.09,-0.07,-0.01
44814,0.94,-0.22,-9.04,44814,-0.11,-0.13,-0.05
44824,0.94,-0.04,-9.22,44824,-0.15,-0.18,-0.07
44834,0.87,0.12,-9.92,44834,-0.18,-0.22,-0.09
44844,0.87,0.37,-10.50,44844,-0.19,-0.21,-0.10
44854,0.86,0.65,-10.79,44854,-0.15,-0.19,-0.10
44864,0.75,0.91,-10.83,44864,-0.10,-0.16,-0.09
44874,0.70,0.80,-10.23,44874,-0.05,-0.12,-0.07
44884,0.80,0.49,-9.67,44884,-0.12,-0.12,-0.07
44894,0.61,0.29,-9.31,44894,-0.17,-0.14,-0.08
44904,0.65,0.31,-9.24,44904,-0.17,-0.16,-0.10
44914,0.57,0.28,-9.06,44914,-0.19,-0.18,-0.11
44924,0.39,0.28,-8.97,44924,-0.19,-0.20,-0.13
44934,0.53,0.19,-8.59,44934,-0.19,-0.22,-0.16
44944,0.33,0.10,-7.75,44944,-0.16,-0.27,-0.19
44954,0.30,0.19,-7.33,44954,-0.10,-0.35,-0.21
44964,0.19,0.17,-7.07,44964,0.05,-0.45,-0.23
44974,0.26,-0.17,-6.87,44974,0.30,-0.56,-0.26
44984,0.39,-0.45,-6.49,44984,0.59,-0.69,-0.30
44994,0.28,-0.23,-6.38,44994,0.92,-0.92,-0.34
45004,-0.17,1.57,-9.25,45004,1.07,-1.32,-0.38
45014,-1.20,7.27,-20.74,45014,0.79,-1.87,-0.37
45024,-4.00,20.07,-39.23,45024,-0.24,-2.25,-0.08
45034,-10.21,39.23,-39.23,45034,-3.80,-1.10,1.18
45044,-15.87,39.23,-39.23,45044,-5.13,3.47,4.38
45054,-39.23,-6.43,-39.23,45054,-0.32,8.73,6.79
45064,-39.23,-39.23,-39.23,45064,3.31,8.73,4.88
45074,-39.23,-25.89,-39.23,45074,3.39,8.73,1.84
45084,-39.23,-8.16,-39.23,45084,1.13,8.73,0.35
45094,-39.23,0.57,-17.12,45094,-2.66,8.73,0.21
45104,-39.23,-13.10,24.75,45104,-2.07,8.73,0.80
45114,-39.23,-16.65,39.23,45114,-1.07,8.73,0.46
45124,-39.23,-12.54,39.23,45124,-1.31,8.73,-0.17
45134,-39.23,-10.32,39.23,45134,-3.87,8.73,-0.36
45144,-39.23,-13.99,39.23,45144,-4.27,8.35,-0.44
45154,-32.18,-4.46,39.23,45154,-2.30,1.32,-0.60
45164,-28.11,7.36,39.23,45164,-0.19,-3.85,-0.15
45174,-27.93,4.20,39.23,45174,1.69,-6.68,0.60
45184,-24.28,-1.01,23.27,45184,2.30,-7.79,0.94
45194,-20.55,-7.68,10.57,45194,1.85,-8.24,0.85
45204,-16.25,-11.20,1.33,45204,1.61,-8.42,0.42
45214,-13.17,-11.86,-5.41,45214,1.25,-8.33,-0.10
45224,-10.82,-12.64,-6.45,45224,0.98,-8.10,-0.61
45234,-9.58,-14.18,-1.27,45234,0.97,-8.07,-1.13
45244,-10.56,-14.88,6.72,45244,0.87,-8.53,-1.66
45254,-14.01,-13.88,9.33,45254,0.66,-8.73,-2.23
45264,-17.33,-10.11,0.99,45264,0.17,-8.73,-2.82
45274,-17.82,-0.71,-14.78,45274,-0.57,-8.73,-3.32
45284,-14.98,16.29,-34.00,45284,-0.14,-8.73,-3.22
45294,-11.27,32.40,-39.23,45294,0.29,-8.73,-2.15
45304,-6.85,37.35,-39.23,45304,-0.77,-8.73,-0.53
45314,0.59,29.31,-39.23,45314,-0.24,-6.76,1.14
45324,4.59,11.81,-39.23,45324,1.15,-4.53,2.27
45334,5.34,-4.61,-39.23,45334,1.71,-2.87,2.50
45344,5.86,-16.30,-29.87,45344,1.68,-1.87,1.97
45354,7.16,-21.00,-21.25,45354,1.44,-1.41,0.97
45364,6.82,-17.38,-17.59,45364,1.01,-1.22,-0.12
45374,5.99,-8.59,-17.13,45374,0.55,-1.07,-0.87
45384,5.57,-0.31,-17.87,45384,0.05,-0.85,-1.15
45394,5.14,4.98,-17.65,45394,-0.35,-0.54,-1.05
45404,5.15,6.51,-16.65,45404,-0.49,-0.29,-0.79
45414,4.84,5.59,-14.71,45414,-0.40,-0.11,-0.51
45424,4.63,3.23,-12.12,45424,-0.21,-0.02,-0.32
45434,4.41,0.92,-10.04,45434,-0.13,-0.03,-0.27
45444,4.13,-0.60,-9.24,45444,-0.06,-0.11,-0.32
45454,4.11,-0.89,-8.21,45454,-0.02,-0.21,-0.46
45464,4.20,-0.09,-8.21,45464,-0.08,-0.28,-0.57
45474,3.87,1.13,-7.73,45474,-0.07,-0.36,-0.62
45484,3.40,1.49,-7.26,45484,0.05,-0.42,-0.62
45494,3.62,1.34,-6.55,45494,-0.01,-0.50,-0.63
45504,3.71,1.17,-6.05,45504,-0.28,-0.58,-0.66
45514,3.44,1.52,-5.63,45514,-0.37,-0.71,-0.70
45524,3.10,2.70,-6.32,45524,-0.25,-0.88,-0.68
45534,3.57,4.15,-7.92,45534,-0.32,-0.99,-0.58
45544,3.07,5.18,-9.42,45544,-0.18,-1.05,-0.43
45554,3.08,5.77,-10.78,45554,-0.15,-1.04,-0.24
45564,3.11,5.61,-11.63,45564,-0.09,-0.98,-0.03
45574,3.00,4.79,-11.95,45574,0.03,-0.90,0.18
45584,2.98,3.44,-11.49,45584,0.16,-0.82,0.35
45594,2.77,1.69,-10.90,45594,0.22,-0.78,0.45
45604,2.67,0.03,-10.09,45604,0.24,-0.77,0.47
45614,2.46,-1.21,-9.19,45614,0.23,-0.80,0.42
45624,2.33,-1.72,-8.75,45624,0.20,-0.86,0.33
45634,2.14,-2.31,-8.88,45634,0.15,-0.93,0.22
45644,2.04,-2.00,-9.62,45644,0.19,-1.00,0.08
45654,2.02,-0.97,-11.23,45654,0.32,-1.01,-0.02
45664,2.22,0.16,-12.37,45664,0.39,-0.94,-0.08
45674,2.36,1.05,-12.91,45674,0.45,-0.82,-0.07
45684,2.39,1.45,-13.09,45684,0.46,-0.69,-0.03
45694,2.36,1.19,-12.99,45694,0.42,-0.55,0.02
45704,2.27,0.56,-12.53,45704,0.32,-0.41,0.05
45714,2.28,-0.39,-11.45,45714,0.19,-0.30,0.03
45724,2.22,-1.02,-10.50,45724,0.03,-0.24,-0.03
45734,2.04,-1.56,-9.29,45734,-0.10,-0.23,-0.11
45744,1.77,-1.54,-8.75,45744,-0.17,-0.30,-0.20
45754,1.94,-1.18,-8.67,45754,-0.21,-0.40,-0.30
45764,1.62,-0.11,-9.84,45764,-0.17,-0.49,-0.35
45774,1.86,0.87,-11.30,45774,0.00,-0.53,-0.36
45784,1.98,1.75,-12.63,45784,0.13,-0.48,-0.31
45794,2.02,1.94,-13.38,45794,0.23,-0.37,-0.24
45804,1.96,1.86,-13.34,45804,0.26,-0.24,-0.16
45814,1.82,1.16,-13.03,45814,0.27,-0.12,-0.09
45824,1.73,0.34,-12.05,45824,0.32,-0.02,-0.05
45834,1.64,-0.47,-11.05,45834,0.27,0.03,-0.06
45844,1.70,-1.30,-10.22,45844,0.20,0.02,-0.11
45854,1.57,-1.84,-9.76,45854,0.18,-0.02,-0.18
45864,1.58,-1.83,-9.73,45864,0.23,-0.08,-0.28
45874,1.67,-1.20,-10.36,45874,0.26,-0.12,-0.38
45884,1.82,-0.15,-10.99,45884,0.31,-0.11,-0.45
45894,1.87,0.96,-11.41,45894,0.37,-0.06,-0.46
45904,1.93,1.77,-11.39,45904,0.41,0.00,-0.42
45914,1.70,1.85,-11.13,45914,0.35,0.08,-0.35
45924,1.94,2.10,-10.88,45924,0.25,0.13,-0.29
45934,1.92,2.02,-10.32,45934,0.23,0.18,-0.22
45944,1.89,1.72,-10.00,45944,0.17,0.19,-0.15
45954,1.98,1.18,-9.65,45954,0.25,0.19,-0.10
45964,2.04,0.70,-9.30,45964,0.23,0.19,-0.08
45974,1.98,0.57,-9.65,45974,0.16,0.16,-0.08
45984,2.11,0.48,-9.90,45984,0.28,0.16,-0.07
45994,2.11,0.36,-9.89,45994,0.25,0.19,-0.07
46004,2.25,0.22,-9.63,46004,0.21,0.21,-0.07
46014,2.20,0.34,-9.51,46014,0.12,0.23,-0.08
46024,2.31,0.40,-9.19,46024,0.10,0.22,-0.08
46034,2.23,0.97,-9.41,46034,-0.07,0.21,-0.07
46044,1.59,-0.36,-11.67,46044,-0.30,0.18,-0.03
46054,3.15,-1.44,-10.13,46054,0.16,0.38,-0.07
46064,1.76,-0.35,-8.13,46064,-0.05,0.34,-0.12
46074,2.04,-0.16,-7.18,46074,-0.05,0.26,-0.13
46084,2.24,0.00,-6.70,46084,0.01,0.13,-0.12
46094,2.27,0.29,-7.11,46094,-0.04,-0.01,-0.10
46104,2.58,0.68,-8.20,46104,-0.18,-0.10,-0.08
46114,2.52,0.95,-9.40,46114,-0.18,-0.14,-0.03
46124,2.93,0.50,-9.82,46124,-0.24,-0.15,0.01
46134,2.54,0.93,-10.25,46134,-0.14,-0.14,0.04
46144,2.46,1.14,-10.22,46144,-0.04,-0.13,0.07
46154,2.56,1.13,-10.24,46154,-0.03,-0.12,0.10
46164,2.62,0.92,-10.46,46164,-0.07,-0.11,0.12
46174,2.57,0.48,-10.75,46174,-0.03,-0.07,0.15
46184,2.49,-0.73,-10.10,46184,0.10,-0.02,0.15
46194,2.37,-1.13,-9.48,46194,0.12,-0.01,0.10
46204,2.51,-1.33,-9.61,46204,0.04,-0.03,0.03
46214,2.33,-1.47,-10.20,46214,0.11,-0.03,-0.01
46224,2.52,-2.06,-9.95,46224,0.37,-0.02,-0.07
46234,2.77,3.45,-7.70,46234,0.36,-0.13,-0.10
46244,3.01,4.91,-9.25,46244,0.29,-0.14,0.11
46254,2.80,2.13,-8.58,46254,-0.02,-0.17,0.29
46264,2.79,-0.48,-9.12,46264,-0.15,-0.19,0.32
46274,2.64,-1.07,-10.35,46274,-0.12,-0.19,0.28
46284,2.52,-1.32,-11.74,46284,-0.10,-0.13,0.24
46294,2.58,-1.17,-11.45,46294,0.05,-0.03,0.20
46304,2.39,-0.97,-10.62,46304,0.10,0.01,0.18
46314,2.34,-1.02,-9.21,46314,0.21,-0.01,0.18
46324,2.00,-0.83,-9.33,46324,0.26,-0.09,0.18
46334,2.59,-0.47,-10.20,46334,0.44,-0.12,0.17
46344,2.86,0.25,-8.93,46344,0.42,-0.13,0.19
46354,2.56,1.39,-8.73,46354,0.10,-0.20,0.22
46364,2.63,1.32,-8.61,46364,-0.08,-0.28,0.31
46374,2.61,1.24,-8.50,46374,-0.22,-0.39,0.39
46384,1.99,0.19,-8.54,46384,-0.13,-0.52,0.46
46394,2.61,-1.02,-9.93,46394,-0.16,-0.60,0.44
46404,2.37,-1.13,-9.94,46404,-0.23,-0.61,0.39
46414,2.57,-1.98,-8.24,46414,-0.61,-0.67,0.31
46424,2.36,-2.12,-9.26,46424,-0.39,-0.81,0.24
46434,2.99,-2.31,-10.37,46434,-0.34,-0.87,0.13
46444,2.73,-2.24,-11.46,46444,-0.51,-0.79,-0.09
46454,2.10,-1.41,-11.66,46454,-0.41,-0.67,-0.23
46464,2.03,0.09,-12.12,46464,-0.35,-0.54,-0.31
46474,2.56,0.87,-12.08,46474,-0.39,-0.40,-0.31
46484,2.01,1.14,-12.26,46484,-0.40,-0.28,-0.25
46494,1.63,0.52,-12.40,46494,-0.44,-0.19,-0.19
46504,1.21,-0.06,-12.72,46504,-0.32,-0.12,-0.14
46514,1.14,-0.38,-12.90,46514,-0.15,-0.02,-0.09
46524,0.66,-0.21,-12.66,46524,-0.04,0.09,-0.05
46534,0.67,-0.04,-12.22,46534,0.01,0.22,-0.03
46544,0.99,-0.04,-11.79,46544,0.01,0.35,-0.05
46554,1.34,0.38,-11.35,46554,0.19,0.47,-0.04
46564,1.76,0.65,-10.44,46564,0.22,0.52,-0.01
46574,1.86,0.42,-9.56,46574,0.11,0.51,0.01
46584,1.73,-0.45,-8.97,46584,0.01,0.43,-0.00
46594,1.38,-1.35,-8.84,46594,-0.14,0.30,-0.04
46604,0.86,-1.87,-9.08,46604,-0.22,0.15,-0.08
46614,1.61,-2.48,-9.67,46614,-0.34,0.02,-0.15
46624,0.47,-1.30,-10.29,46624,-0.20,-0.06,-0.18
46634,0.51,0.05,-10.64,46634,-0.23,-0.08,-0.14
46644,0.13,0.70,-11.20,46644,-0.36,-0.07,-0.07
46654,0.87,1.09,-11.46,46654,0.25,0.05,0.03
46664,1.67,0.47,-11.43,46664,0.18,0.27,0.01
46674,2.19,-1.20,-11.06,46674,0.25,0.43,0.01
46684,2.68,-2.95,-10.56,46684,0.05,0.43,-0.05
46694,-0.19,-1.73,-9.03,46694,0.17,0.38,-0.15
46704,-0.74,-0.39,-8.22,46704,-0.05,0.30,-0.24
46714,-0.19,-0.15,-9.10,46714,-0.31,0.16,-0.25
46724,1.05,0.55,-9.87,46724,-0.37,0.04,-0.19
46734,1.88,1.24,-10.23,46734,-0.38,0.04,-0.15
46744,1.14,1.25,-10.30,46744,-0.33,0.14,-0.16
46754,0.88,0.78,-10.04,46754,-0.23,0.22,-0.18
46764,0.74,0.16,-9.93,46764,-0.14,0.23,-0.17
46774,0.74,0.08,-9.86,46774,-0.09,0.15,-0.13
46784,0.38,0.36,-10.16,46784,-0.09,0.08,-0.09
46794,0.27,0.61,-10.67,46794,-0.16,0.08,-0.07
46804,0.67,0.90,-11.25,46804,-0.13,0.15,-0.04
46814,0.96,1.00,-11.55,46814,-0.13,0.25,0.00
46824,1.34,1.13,-11.31,46824,-0.05,0.35,0.07
46834,1.68,1.17,-10.69,46834,0.06,0.42,0.13
46844,1.94,0.96,-9.89,46844,0.14,0.44,0.18
46854,2.07,0.74,-8.91,46854,0.23,0.38,0.22
46864,2.12,0.48,-8.35,46864,0.20,0.27,0.24
46874,2.09,0.12,-8.20,46874,0.13,0.12,0.26
46884,2.00,-0.23,-8.46,46884,0.07,-0.04,0.27
46894,1.84,-0.57,-8.92,46894,-0.03,-0.15,0.25
46904,1.77,-0.74,-9.73,46904,-0.07,-0.20,0.21
46914,1.85,-0.76,-10.33,46914,-0.10,-0.19,0.15
46924,2.09,-0.88,-10.66,46924,-0.15,-0.13,0.07
46934,2.00,-0.90,-10.58,46934,-0.16,-0.05,-0.00
46944,2.03,-0.92,-10.31,46944,-0.14,-0.01,-0.06
46954,1.81,-0.64,-9.79,46954,-0.10,0.00,-0.10
46964,1.62,-0.20,-9.46,46964,-0.10,-0.02,-0.12
46974,1.47,0.35,-9.50,46974,-0.09,-0.05,-0.09
46984,1.40,0.75,-9.98,46984,-0.10,-0.07,-0.02
46994,1.35,0.89,-10.40,46994,-0.15,-0.05,0.08
47004,1.50,0.83,-10.95,47004,-0.11,0.01,0.19
47014,1.77,0.65,-11.02,47014,-0.13,0.10,0.28
47024,1.88,0.29,-10.71,47024,-0.14,0.20,0.32
47034,1.97,-0.06,-10.02,47034,-0.12,0.26,0.32
47044,2.12,-0.59,-9.39,47044,-0.12,0.28,0.28
47054,2.27,-1.21,-8.88,47054,-0.15,0.25,0.20
47064,2.18,-1.78,-8.63,47064,-0.21,0.20,0.07
47074,2.13,-1.99,-8.54,47074,-0.24,0.12,-0.08
47084,2.09,-1.73,-8.70,47084,-0.24,0.03,-0.25
47094,1.97,-1.15,-8.88,47094,-0.25,-0.02,-0.36
47104,1.85,-0.24,-9.21,47104,-0.20,-0.05,-0.43
47114,1.83,0.66,-9.27,47114,-0.15,-0.05,-0.44
47124,1.89,1.34,-9.18,47124,-0.09,-0.05,-0.39
47134,1.84,1.66,-9.03,47134,-0.03,-0.07,-0.29
47144,1.62,1.62,-8.82,47144,-0.02,-0.10,-0.17
47154,1.58,1.34,-8.76,47154,-0.05,-0.16,-0.07
47164,1.40,1.01,-8.87,47164,-0.09,-0.23,0.01
47174,1.39,0.74,-9.11,47174,-0.14,-0.29,0.06
47184,1.41,0.63,-9.40,47184,-0.14,-0.34,0.10
47194,1.36,0.60,-9.69,47194,-0.13,-0.35,0.13
47204,1.23,0.68,-9.88,47204,-0.09,-0.34,0.13
47214,1.13,0.56,-10.30,47214,-0.03,-0.31,0.13
47224,1.06,0.46,-10.65,47224,0.04,-0.25,0.13
47234,1.28,0.34,-10.85,47234,0.09,-0.19,0.14
47244,1.37,0.33,-11.00,47244,0.14,-0.13,0.15
47254,1.50,0.34,-10.94,47254,0.14,-0.08,0.19
47264,1.66,0.34,-10.93,47264,0.13,-0.04,0.24
47274,1.89,0.26,-10.82,47274,0.15,-0.01,0.29
47284,2.05,0.25,-10.65,47284,0.16,0.01,0.33
47294,2.18,0.10,-10.62,47294,0.15,0.02,0.35
47304,2.21,-0.05,-10.52,47304,0.17,0.03,0.36
47314,2.32,-0.08,-10.52,47314,0.17,0.04,0.37
47324,2.43,-0.28,-10.63,47324,0.14,0.03,0.37
47334,2.26,-0.55,-10.64,47334,0.11,0.04,0.35
47344,2.30,-0.76,-10.76,47344,0.08,0.05,0.32
47354,2.26,-0.90,-10.83,47354,0.03,0.06,0.28
47364,2.41,-1.03,-10.90,47364,0.00,0.09,0.23
47374,2.52,-1.02,-10.88,47374,-0.00,0.11,0.17
47384,2.50,-0.75,-10.61,47384,0.02,0.13,0.12
47394,2.45,-0.37,-10.35,47394,0.05,0.13,0.10
47404,2.38,-0.05,-10.23,47404,0.04,0.13,0.11
47414,2.35,0.09,-10.13,47414,0.02,0.11,0.13
47424,2.36,-0.02,-10.18,47424,0.01,0.10,0.16
47434,2.32,-0.34,-10.26,47434,-0.01,0.10,0.18
47444,2.33,-0.57,-10.26,47444,-0.01,0.11,0.18
47454,2.41,-0.73,-10.07,47454,-0.01,0.12,0.16
47464,2.44,-0.97,-9.82,47464,-0.05,0.12,0.12
47474,2.26,-1.09,-9.47,47474,-0.08,0.11,0.07
47484,2.00,-1.01,-9.19,47484,-0.09,0.07,0.01
47494,1.83,-0.80,-9.21,47494,-0.13,0.01,-0.04
47504,1.67,-0.50,-9.40,47504,-0.14,-0.04,-0.06
47514,1.60,-0.10,-9.76,47514,-0.14,-0.06,-0.06
47524,1.57,0.17,-10.22,47524,-0.13,-0.05,-0.02
47534,1.62,0.30,-10.48,47534,-0.14,-0.02,0.02
47544,1.66,0.30,-10.44,47544,-0.13,0.04,0.06
47554,1.72,0.08,-10.17,47554,-0.12,0.08,0.10
47564,1.90,-0.16,-9.88,47564,-0.10,0.10,0.11
47574,1.86,-0.22,-9.47,47574,-0.07,0.10,0.10
47584,1.90,-0.32,-9.15,47584,-0.07,0.06,0.09
47594,1.84,-0.36,-9.08,47594,-0.08,-0.00,0.09
47604,1.80,-0.24,-9.23,47604,-0.05,-0.07,0.09
47614,1.83,-0.13,-9.56,47614,-0.09,-0.12,0.09
47624,1.82,-0.22,-10.02,47624,-0.10,-0.14,0.11
47634,1.80,-0.21,-10.31,47634,-0.12,-0.14,0.11
47644,1.62,-0.20,-10.56,47644,-0.12,-0.12,0.12
47654,1.70,-0.12,-10.73,47654,-0.10,-0.08,0.13
47664,1.82,-0.15,-10.84,47664,-0.09,-0.04,0.13
47674,1.91,-0.25,-10.81,47674,-0.08,0.01,0.13
47684,2.09,-0.34,-10.54,47684,-0.05,0.06,0.13
47694,2.25,-0.42,-10.30,47694,-0.04,0.08,0.13
47704,2.15,-0.52,-9.91,47704,-0.08,0.08,0.11
47714,2.10,-0.63,-9.68,47714,-0.09,0.05,0.10
47724,2.10,-0.56,-9.56,47724,-0.11,0.02,0.08
47734,2.18,-0.49,-9.73,47734,-0.11,-0.02,0.08
47744,2.25,-0.33,-9.91,47744,-0.12,-0.04,0.08
47754,2.17,-0.18,-10.11,47754,-0.13,-0.04,0.08
47764,2.11,-0.13,-10.24,47764,-0.11,-0.03,0.09
47774,2.03,-0.24,-10.41,47774,-0.06,-0.01,0.10
47784,2.05,-0.32,-10.46,47784,-0.06,0.01,0.11
47794,2.05,-0.56,-10.46,47794,-0.06,0.03,0.11
47804,2.15,-0.83,-10.64,47804,-0.08,0.05,0.09
47814,2.08,-0.89,-10.62,47814,-0.10,0.07,0.07
47824,1.92,-0.81,-10.55,47824,-0.12,0.09,0.04
47834,1.90,-0.68,-10.38,47834,-0.13,0.10,0.01
47844,1.92,-0.34,-10.19,47844,-0.13,0.11,-0.01
47854,1.92,0.09,-10.05,47854,-0.15,0.11,-0.01
47864,2.05,0.43,-9.87,47864,-0.12,0.11,0.02
47874,2.09,0.57,-9.73,47874,-0.09,0.11,0.05
47884,2.20,0.44,-9.61,47884,-0.04,0.09,0.09
47894,2.26,0.06,-9.61,47894,-0.05,0.07,0.13
47904,2.12,-0.27,-9.59,47904,-0.05,0.03,0.13
47914,2.08,-0.62,-9.72,47914,-0.07,0.00,0.12
47924,1.91,-0.70,-9.84,47924,-0.11,-0.03,0.09
47934,1.84,-0.63,-10.06,47934,-0.11,-0.04,0.06
47944,1.91,-0.33,-10.30,47944,-0.08,-0.03,0.05
47954,2.05,-0.15,-10.39,47954,-0.06,0.01,0.04
47964,2.18,-0.12,-10.38,47964,-0.04,0.05,0.03
47974,2.22,-0.15,-10.04,47974,-0.05,0.08,0.02
47984,2.08,-0.38,-9.78,47984,-0.05,0.09,-0.01
47994,2.02,-0.48,-9.63,47994,-0.04,0.06,-0.03
48004,2.16,-0.45,-9.70,48004,-0.03,0.03,-0.03
48014,2.17,-0.26,-9.85,48014,-0.05,0.00,-0.02
48024,2.15,-0.12,-10.04,48024,-0.08,-0.01,-0.02
48034,2.08,0.03,-10.12,48034,-0.09,-0.01,0.00
48044,2.05,0.14,-10.18,48044,-0.09,0.01,0.02
48054,2.09,0.26,-10.18,48054,-0.08,0.02,0.04
48064,2.09,0.24,-10.18,48064,-0.04,0.04,0.07
48074,2.20,0.19,-10.14,48074,-0.02,0.05,0.10
48084,2.26,-0.04,-10.02,48084,-0.01,0.06,0.10
48094,2.19,-0.29,-9.86,48094,-0.01,0.05,0.09
48104,2.09,-0.51,-9.76,48104,0.00,0.03,0.08
48114,2.09,-0.53,-9.92,48114,-0.01,0.01,0.06
48124,2.03,-0.56,-10.10,48124,-0.03,-0.01,0.05
48134,2.20,-0.54,-10.32,48134,-0.05,-0.01,0.05
48144,2.21,-0.45,-10.35,48144,-0.07,-0.00,0.04
48154,2.21,-0.43,-10.24,48154,-0.11,0.02,0.02
48164,2.17,-0.23,-9.98,48164,-0.08,0.03,0.01
48174,2.06,-0.24,-10.01,48174,-0.08,0.03,-0.01
48184,1.96,-0.23,-10.02,48184,-0.02,0.03,-0.02
48194,2.08,-0.06,-10.22,48194,-0.01,0.03,-0.01
48204,2.14,-0.08,-10.30,48204,-0.01,0.05,0.02
48214,2.19,-0.07,-10.25,48214,-0.02,0.07,0.04
48224,2.17,-0.15,-9.97,48224,-0.06,0.08,0.05
48234,2.11,-0.19,-9.86,48234,-0.05,0.08,0.05
48244,2.16,-0.14,-9.78,48244,-0.04,0.06,0.06
48254,2.24,-0.18,-9.81,48254,-0.03,0.05,0.07
48264,2.36,-0.17,-9.82,48264,-0.00,0.04,0.07
48274,2.45,-0.22,-9.72,48274,0.01,0.02,0.08
48284,2.33,-0.25,-9.73,48284,-0.00,0.00,0.09
48294,2.12,-0.32,-9.79,48294,0.00,-0.03,0.10
48304,2.01,-0.29,-9.95,48304,-0.04,-0.05,0.10
48314,1.96,-0.39,-10.40,48314,-0.05,-0.05,0.11
4