20404,3.9,-1.87,-9.64,20404,-0.06,0.01,0.02
31074,3.3,-1.55,-9.84,31074,-0.24,-0.31,0.03
31084,3.35,-1.64,-9.81,31084,-0.18,-0.3,0
31094,3.29,-1.74,-9.85,31094,-0.2,-0.27,-0.04
31104,3.32,-1.96,-9.89,31104,-0.21,-0.24,-0.09
31114,3.38,-2.03,-9.86,31114,-0.09,-0.22,-0.15
31124,3.53,-1.73,-9.79,31124,0.09,-0.19,-0.2
31134,3.67,-1.56,-9.65,31134,0.15,-0.14,-0.26
31144,3.59,-1.28,-9.47,31144,0.24,-0.09,-0.31
31154,3.33,-1.19,-9.08,31154,0.23,-0.06,-0.35
31164,3.27,-1.12,-8.76,31164,0.22,-0.07,-0.36
31174,3.32,-1.08,-8.45,31174,0.28,-0.13,-0.34
31184,3.44,-1.04,-8.52,31184,0.21,-0.21,-0.31
31194,3.35,-0.98,-8.7,31194,0.31,-0.31,-0.25
31204,3.31,-0.98,-9.16,31204,0.46,-0.38,-0.18
31214,3.03,-1.04,-9.57,31214,0.43,-0.4,-0.13
31224,2.83,-1.44,-10.16,31224,0.19,-0.38,-0.1
31234,2.74,-1.94,-10.67,31234,-0.04,-0.35,-0.09
31244,2.52,-2.24,-11,31244,-0.15,-0.31,-0.08
31254,2.36,-2.15,-11.04,31254,-0.15,-0.27,-0.08
31264,2.41,-1.85,-11.11,31264,-0.01,-0.2,-0.08
31274,2.45,-1.7,-11.26,31274,0.15,-0.11,-0.11
31284,2.5,-1.88,-11.5,31284,0.25,0.01,-0.15
31294,2.7,-2.16,-11.62,31294,0.44,0.14,-0.19
31304,2.86,-2.36,-11.47,31304,0.69,0.27,-0.24
31314,3.25,-2.69,-11.4,31314,0.86,0.38,-0.28
31324,3.45,-3.12,-10.78,31324,1.07,0.45,-0.32
31334,3.68,-3.48,-10.26,31334,1.13,0.46,-0.42
31344,3.85,-3.34,-9.58,31344,0.98,0.44,-0.56
31354,3.62,-3.01,-8.63,31354,0.78,0.37,-0.71
31364,3.59,-2.38,-8.05,31364,0.64,0.24,-0.85
31374,3.27,-1.66,-7.78,31374,0.51,0.09,-0.95
31384,3.06,-1.1,-8.21,31384,0.56,-0.07,-0.98
31394,3.2,-1.26,-9.32,31394,0.42,-0.18,-0.97
31404,3.38,-2.25,-10.82,31404,0.26,-0.23,-0.95
31414,3.25,-3.15,-11.62,31414,0.25,-0.21,-0.95
31424,3.03,-3.77,-11.94,31424,0.18,-0.15,-1
31434,2.62,-3.61,-11.84,31434,0.21,-0.07,-1.07
31444,2.29,-3,-11.4,31444,0.24,0,-1.15
31454,2.21,-2,-10.94,31454,0.27,0.08,-1.2
31464,2.76,-1.04,-10.5,31464,0.13,0.17,-1.25
31474,2.99,-0.48,-9.88,31474,-0.05,0.24,-1.26
31484,3.04,-0.1,-9.36,31484,-0.13,0.28,-1.21
31494,2.96,-0.19,-9.07,31494,-0.1,0.26,-1.1
31504,2.59,-0.38,-8.93,31504,-0.14,0.21,-0.98
31514,2.3,-0.42,-9.17,31514,-0.2,0.16,-0.86
31524,2.06,0.09,-9.59,31524,-0.24,0.11,-0.71
31534,1.79,1.29,-9.89,31534,-0.3,0.1,-0.48
31544,1.61,2.18,-10.19,31544,-0.26,0.14,-0.2
31554,1.82,2.89,-10.49,31554,-0.11,0.23,0.11
31564,1.86,2.9,-10.58,31564,0.01,0.37,0.4
31574,1.76,2.14,-10.72,31574,0.07,0.53,0.66
31584,1.93,0.6,-10.55,31584,0,0.7,0.84
31594,2.64,-0.95,-10.29,31594,-0.07,0.81,0.96
31604,2.69,-1.93,-9.33,31604,-0.26,0.85,1
31614,2.61,-2.34,-8.44,31614,-0.31,0.8,1.02
31624,2.42,-1.45,-7.65,31624,-0.4,0.69,1.05
31634,3.45,-0.08,-6.68,31634,-0.64,0.53,1.13
31644,3.03,4.26,-0.85,31644,-0.54,-0.31,1.94
31654,4.61,0.66,-7.12,31654,-1.14,-0.59,2.05
31664,4,-2.51,-9.86,31664,-0.64,-0.69,2.19
31674,3.68,-4.88,-13.5,31674,-0.44,-0.43,1.98
31684,3.31,-5.99,-14.88,31684,-0.14,0.01,1.69
31694,3.47,-6.77,-13.98,31694,-0.16,0.46,1.35
31704,3.21,-7.75,-10.98,31704,-0.52,0.73,0.95
31714,3.74,-7.35,-8.77,31714,-0.75,0.76,0.58
31724,4.62,-3.85,-6.37,31724,-0.82,0.59,0.41
31734,5.1,-0.66,-6.56,31734,-0.84,0.28,0.59
31744,5.07,-0.2,-9.66,31744,-0.86,0.15,0.86
31754,4.9,-2.35,-10.95,31754,-0.99,0.26,1.02
31764,4.16,-4.49,-9.32,31764,-1.14,0.35,0.94
31774,3.96,-5.88,-7.15,31774,-1.15,0.25,0.72
31784,3.83,-5.52,-6.41,31784,-1.12,0.03,0.45
31794,3.48,-4.46,-6.51,31794,-1.14,-0.22,0.22
31804,3.18,-3.52,-7.58,31804,-1.22,-0.42,0.08
31814,2.93,-2.23,-8.87,31814,-1.45,-0.46,-0.15
31824,3.35,3.31,-10.89,31824,-1.01,-0.51,0.18
31834,3.41,2.64,-11.32,31834,-0.98,-0.39,0.62
31844,2.21,-1.53,-8.68,31844,-0.85,-0.37,0.8
31854,3.76,-2.44,-8.19,31854,-0.97,-0.48,0.71
31864,4.58,-2.48,-8.06,31864,-0.9,-0.51,0.61
31874,5.3,-3.94,-5.19,31874,-0.88,-0.71,0.39
31884,4.93,-2.87,-8.23,31884,-0.73,-0.9,0.21
31894,4.02,-4.27,-7.89,31894,-0.9,-0.99,-0.01
31904,3.69,-5.08,-9.09,31904,-0.85,-1.05,-0.31
31914,3.94,-5.19,-9.11,31914,-0.99,-1.05,-0.63
31924,4.3,-4.16,-10.75,31924,-0.98,-1.01,-0.88
31934,4.54,-3.01,-9.36,31934,-1.03,-0.9,-1
31944,2.86,0.99,0.33,31944,-1.66,-1.01,-1.08
31954,2.18,2.05,2.56,31954,-1.23,-1.65,-0.88
31964,1.93,1.49,-5.56,31964,-1.75,-2.28,-0.77
31974,2.94,-0.73,-15.44,31974,-1.89,-2.43,-0.78
31984,2.95,-0.72,-23.91,31984,-1.19,-2.09,-0.83
31994,3.56,0.48,-28.77,31994,-0.69,-1.35,-0.86
32004,3.11,1.43,-28.25,32004,-0.44,-0.5,-0.82
32014,3.15,-0.5,-24.57,32014,-0.64,0.22,-0.81
32024,3.19,-2.79,-19.12,32024,-1.04,0.65,-0.94
32034,2.18,-3.66,-15.14,32034,-1.18,0.77,-1.16
32044,2.41,-2.58,-15.18,32044,-1.18,0.68,-1.4
32054,2.67,-0.74,-19.51,32054,-1.07,0.65,-1.6
32064,3.45,3.41,-26.76,32064,-0.73,0.9,-1.65
32074,3.84,8,-31.95,32074,-0.24,1.5,-1.56
32084,3.74,12.83,-34.59,32084,0.15,2.21,-1.33
32094,2.86,16.29,-34.21,32094,0.29,2.99,-0.97
32104,2.18,18.39,-31.23,32104,0.29,3.71,-0.58
32114,0.8,22.66,-26.65,32114,0.25,4.33,-0.12
32124,-0.84,27.11,-15.58,32124,0.09,4.78,0.49
32134,-1.82,31.94,-2.35,32134,-0.53,4.6,1.28
32144,-2.97,33.1,0.19,32144,-1.19,4.03,2.3
32154,-4.09,28.55,-2.59,32154,-1.36,3.56,3.32
32164,-5.63,21.28,-4.01,32164,-1.07,3.32,4.11
32174,-7.21,14.4,-2.06,32174,-0.81,3.17,4.57
32184,-8.52,9.06,1.87,32184,-0.83,2.96,4.77
32194,-9.36,6.59,6.69,32194,-1.25,2.66,4.79
32204,-9.6,5.2,11.02,32204,-1.83,2.17,4.78
32214,-9.82,3.75,11.49,32214,-2.4,1.6,4.78
32224,-9.96,1.99,11.09,32224,-2.87,1.06,4.78
32234,-10.54,-0.2,9.78,32234,-3.23,0.57,4.78
32244,-11.51,-3.07,10.98,32244,-3.26,0.13,4.8
32254,-12.63,-8.02,14.23,32254,-2.94,-0.46,4.79
32264,-13.51,-16.58,16.36,32264,-2.55,-1.2,4.6
32274,-13.8,-27.48,18.16,32274,-2.36,-2.03,4.02
32284,-13.38,-39.19,16.73,32284,-2.28,-3.01,2.84
32294,-12.84,-39.23,13.43,32294,-2.12,-3.78,1.35
32304,-12.44,-39.23,9.73,32304,-1.81,-4.5,-0.24
32314,-11.88,-33.97,2.56,32314,-1.15,-5.06,-1.55
32324,-11.12,-22.3,-3.56,32324,-0.33,-5.4,-2.29
32334,-10,-13.74,-9.09,32334,0.22,-5.58,-2.55
32344,-8.25,-9.87,-14.41,32344,0.35,-5.61,-2.58
32354,-6.37,-10.34,-20.74,32354,0.43,-5.46,-2.57
32364,-4.91,-12.75,-25.51,32364,0.7,-5.16,-2.64
32374,-3.72,-15.21,-28.95,32374,0.97,-4.8,-2.86
32384,-2.63,-16.8,-33.17,32384,1.19,-4.4,-3.21
32394,-1.54,-16.94,-38.24,32394,1.44,-3.87,-3.7
32404,-0.34,-14.26,-39.23,32404,1.63,-3.24,-4.2
32414,0.64,-6.91,-39.23,32414,1.54,-2.41,-4.6
32424,1.75,0.5,-39.23,32424,1.13,-1.48,-4.75
32434,2.66,6.29,-39.23,32434,0.93,-0.46,-4.66
32444,3.02,9.99,-39.23,32444,0.84,0.4,-4.41
32454,2.82,10.8,-39.23,32454,0.72,1.13,-4.14
32464,2.28,11.42,-39.23,32464,0.62,1.83,-3.95
32474,1.11,13.9,-39.23,32474,0.78,2.61,-3.74
32484,0.02,18.8,-39.23,32484,1.13,3.36,-3.39
32494,-1.12,23.73,-39.23,32494,1.31,4.06,-2.83
32504,-2.88,25.8,-36.39,32504,1.33,4.9,-2.01
32514,-4.81,23.38,-29.03,32514,1.13,5.52,-1.26
32524,-6.59,18.64,-20.87,32524,0.88,5.89,-0.72
32534,-8.2,15.84,-9.83,32534,0.43,5.98,-0.42
32544,-8.46,15.55,0.85,32544,-0.41,5.62,-0.22
32554,-7.48,15.85,6.1,32554,-1.24,4.94,0.03
32564,-6.09,16.27,5.22,32564,-1.68,4.23,0.35
32574,-4.7,17.57,2.43,32574,-1.77,3.73,0.77
32584,-4.09,18.42,0.31,32584,-1.74,3.43,1.31
32594,-4.14,16.41,1.05,32594,-1.77,3.26,1.87
32604,-3.89,12.05,5.35,32604,-1.99,3.01,2.28
32614,-4.01,10.91,9.4,32614,-2.32,2.61,2.52
32624,-3.88,10.78,13.21,32624,-2.85,2.04,2.78
32634,-3.77,9.5,14.78,32634,-3.4,1.33,3.04
32644,-3.36,6.69,12.16,32644,-3.76,0.59,3.27
32654,-2.81,2.46,7.14,32654,-3.77,0.02,3.42
32664,-2.3,-2.81,3.11,32664,-3.41,-0.35,3.43
32674,-1.79,-8.06,1.5,32674,-2.91,-0.59,3.24
32684,-1.31,-12.11,2.1,32684,-2.46,-0.81,2.88
32694,-0.56,-14.12,3.64,32694,-1.95,-1.14,2.4
32704,-0.37,-12.49,3.46,32704,-1.27,-1.59,1.98
32714,-0.22,-10.29,0,32714,-0.78,-2.06,1.7
32724,0.43,-9.43,-5.01,32724,-0.67,-2.38,1.56
32734,1.35,-10.02,-13.96,32734,-0.81,-2.45,1.45
32744,2.52,-11.87,-21.45,32744,-1.01,-2.13,1.3
32754,3.61,-14.35,-24.1,32754,-1.2,-1.59,1.03
32764,4.46,-14.98,-22.42,32764,-1.27,-1.07,0.66
32774,4.87,-12.92,-18.7,32774,-1.12,-0.73,0.31
32784,5.47,-10.41,-15.79,32784,-0.81,-0.6,0.05
32794,6.09,-7.76,-14.84,32794,-0.29,-0.58,-0.1
32804,6.65,-5.72,-15.03,32804,0.14,-0.53,-0.19
32814,7.19,-3.2,-15.12,32814,0.31,-0.43,-0.25
32824,7.64,-0.43,-14.65,32824,0.26,-0.27,-0.22
32834,7.73,1.14,-14.08,32834,0.17,-0.13,-0.12
32844,7.79,2.12,-14.03,32844,0.1,0.02,0.02
32854,7.48,1.84,-13.71,32854,0,0.2,0.16
32864,6.97,0.34,-12.53,32864,-0.13,0.37,0.24
32874,6.47,-1.02,-9.72,32874,-0.29,0.49,0.21
32884,6.07,-1.09,-6.68,32884,-0.39,0.45,0.15
32894,5.86,-0.35,-5.98,32894,-0.35,0.31,0.11
32904,5.71,-0.18,-6.41,32904,-0.25,0.2,0.11
32914,5.59,-0.64,-6.96,32914,-0.2,0.13,0.08
32924,5.45,-0.77,-7.5,32924,-0.21,0.1,0.01
32934,5.47,-0.36,-7.3,32934,-0.28,0.08,-0.06
32944,5.35,0.62,-7.03,32944,-0.36,0.04,-0.1
32954,5.48,1.65,-7.42,32954,-0.41,-0.02,-0.1
32964,5.71,2.38,-8.73,32964,-0.46,-0.04,-0.05
32974,5.78,2.58,-9.15,32974,-0.44,0,0.03
32984,5.8,2.26,-8.13,32984,-0.37,0.03,0.11
32994,5.73,1.82,-6.5,32994,-0.27,-0.02,0.18
33004,5.59,0.77,-5.79,33004,-0.25,-0.14,0.22
33014,5.65,-0.02,-6.7,33014,-0.25,-0.26,0.2
33024,5.79,0.05,-8.47,33024,-0.23,-0.32,0.17
33034,5.78,0.12,-10.31,33034,-0.24,-0.28,0.15
33044,5.94,0,-11.04,33044,-0.32,-0.19,0.12
33054,6.01,0.28,-11,33054,-0.39,-0.08,0.1
33064,6.08,1.2,-10.38,33064,-0.47,-0.01,0.11
33074,6.14,1.78,-10.29,33074,-0.54,0.05,0.17
33084,6.14,1.94,-10.34,33084,-0.61,0.1,0.23
33094,6.09,1.84,-10.25,33094,-0.68,0.16,0.28
33104,5.81,2.06,-9.33,33104,-0.78,0.21,0.3
33114,5.61,2.82,-8.4,33114,-0.92,0.2,0.32
33124,5.46,3.6,-8.54,33124,-1.01,0.18,0.36
33134,5.37,4.6,-9,33134,-1.05,0.18,0.44
33144,5.12,5.29,-8.81,33144,-1.1,0.22,0.53
33154,4.77,5.58,-7.27,33154,-1.25,0.26,0.64
33164,4.49,5.46,-6.03,33164,-1.51,0.24,0.74
33174,4.21,5.66,-4.69,33174,-1.75,0.19,0.84
33184,3.86,5.97,-3.72,33184,-2.04,0.09,0.96
33194,3.44,5.7,-3.79,33194,-2.34,-0.01,1.1
33204,2.87,4.63,-3,33204,-2.59,-0.09,1.23
33214,2.19,2.93,-1.78,33214,-2.69,-0.25,1.32
33224,1.61,1.27,-0.35,33224,-2.55,-0.49,1.38
33234,1.13,-0.85,0.57,33234,-2.31,-0.8,1.4
33244,0.81,-4.01,0.99,33244,-1.91,-1.2,1.35
33254,0.41,-6.51,0.04,33254,-1.47,-1.53,1.22
33264,-0.22,-9.13,0.02,33264,-1.07,-1.81,1.05
33274,-0.88,-12.67,0.47,33274,-0.84,-2.1,0.79
33284,-1.67,-17.69,-0.27,33284,-0.93,-2.4,0.36
33294,-3.07,-21.48,-2.29,33294,-0.93,-2.67,-0.27
33304,-1.81,-23.77,-5.53,33304,-0.79,-2.9,-1.04
33314,-2.45,-23.77,-9.35,33314,-0.29,-3.04,-1.82
33324,-2.84,-20.74,-11.22,33324,0.38,-3.12,-2.5
33334,-3.51,-18.46,-12.23,33334,1.17,-3.27,-3
33344,-3.88,-17.16,-14.79,33344,1.86,-3.54,-3.42
33354,-3.83,-15.56,-22.76,33354,2.49,-3.71,-3.81
33364,-3.66,-14.52,-31.19,33364,2.94,-3.57,-4.11
33374,-3.21,-13.96,-37.53,33374,3.25,-3.15,-4.4
33384,-3.36,-13.31,-39.23,33384,3.3,-2.56,-4.73
33394,-3.61,-11.3,-39.23,33394,3.1,-1.88,-5.08
33404,-4.33,-9.31,-39.23,33404,2.8,-1.13,-5.43
33414,-5.11,-6.86,-39.23,33414,2.45,-0.46,-5.83
33424,-5.86,-1.88,-38.24,33424,2.06,0.08,-6.21
33434,-6.3,5.83,-36.75,33434,1.91,0.54,-6.4
33444,-5.95,14.09,-35.95,33444,1.88,0.93,-6.31
33454,-5.18,20.78,-38.13,33454,1.72,1.42,-5.93
33464,-4.28,26.15,-39.23,33464,1.37,2.12,-5.41
33474,-3.92,30.99,-36.9,33474,1.13,2.89,-4.74
33484,-3.25,35.53,-32.35,33484,0.86,3.57,-3.87
33494,-3.48,37.87,-28.21,33494,0.43,4.13,-2.84
33504,-4.13,35.26,-24.27,33504,0.11,4.64,-1.77
33514,-5.22,30.93,-18.17,33514,0.05,5.05,-0.91
33524,-6.73,28.45,-9.51,33524,-0.06,5.18,-0.23
33534,-7.55,27.92,-1.06,33534,-0.41,5.03,0.37
33544,-7.52,28.24,5.42,33544,-0.74,4.58,1.01
33554,-7.21,28.73,7.61,33554,-1.13,3.96,1.75
33564,-7.2,25.98,3.49,33564,-1.5,3.4,2.61
33574,-7.48,20.98,0.48,33574,-1.66,3.19,3.29
33584,-8.27,15.92,1.85,33584,-1.83,3.07,3.76
33594,-9.19,12.66,5.39,33594,-2.14,2.85,4.06
33604,-9.7,10.59,8.49,33604,-2.52,2.44,4.3
33614,-9.99,7.97,8.7,33614,-2.97,1.92,4.52
33624,-9.99,4.39,6.81,33624,-3.36,1.42,4.65
33634,-9.84,0.85,6.53,33634,-3.43,0.98,4.7
33644,-9.68,-2.59,8.02,33644,-3.28,0.48,4.69
33654,-9.26,-6.36,9.22,33654,-2.99,-0.11,4.59
33664,-8.94,-10.23,9.64,33664,-2.63,-0.81,4.33
33674,-8.69,-12.47,8.33,33674,-2.42,-1.45,3.98
33684,-8.34,-14.84,4.25,33684,-2.45,-1.98,3.58
33694,-7.68,-17.41,0.49,33694,-2.63,-2.33,3.1
33704,-6.74,-19.83,-2.6,33704,-2.95,-2.55,2.55
33714,-5.88,-20.34,-4.28,33714,-2.97,-2.69,1.98
33724,-5.42,-19.51,-5.1,33724,-2.59,-2.91,1.52
33734,-4.82,-20.36,-7.3,33734,-1.95,-3.14,1.15
33744,-4.24,-22.11,-9.44,33744,-1.21,-3.33,0.77
33754,-3.55,-23.93,-11.95,33754,-0.66,-3.46,0.31
33764,-3.05,-25.27,-14.78,33764,-0.28,-3.49,-0.25
33774,-2.36,-24.83,-17.54,33774,0.11,-3.45,-0.91
33784,-1.78,-23.1,-19.92,33784,0.5,-3.36,-1.47
33794,-1.16,-21.58,-22.58,33794,0.84,-3.21,-1.96
33804,-0.16,-19.54,-25.48,33804,1.12,-2.97,-2.45
33814,0.83,-15.41,-28.2,33814,1.19,-2.61,-2.89
33824,1.76,-10.09,-29.91,33824,1.16,-2.17,-3.22
33834,2.73,-4.01,-31.07,33834,1.07,-1.64,-3.38
33844,3.44,2.29,-29.73,33844,1.1,-1.07,-3.32
33854,4.73,7.29,-27.77,33854,1,-0.56,-3.07
33864,5.15,8.86,-23.68,33864,0.8,-0.17,-2.73
33874,5.14,9.97,-20.24,33874,0.72,0.11,-2.37
33884,5.18,8.76,-16.8,33884,0.52,0.29,-2.1
33894,5.14,8.67,-15.2,33894,0.41,0.37,-1.96
33904,5.13,10.35,-14.3,33904,0.45,0.43,-1.83
33914,4.88,12.91,-12.62,33914,0.65,0.48,-1.62
33924,5.14,14.92,-11.7,33924,0.65,0.48,-1.34
33934,4.93,15.84,-11.39,33934,0.55,0.49,-0.98
33944,4.85,15.46,-10.84,33944,0.38,0.52,-0.58
33954,4.57,14.53,-10.08,33954,0.16,0.56,-0.19
33964,4.09,12.54,-8.52,33964,-0.12,0.58,0.19
33974,3.42,8.77,-7.33,33974,-0.37,0.53,0.49
33984,2.67,4.25,-6.13,33984,-0.36,0.42,0.65
33994,2.03,0.79,-4.48,33994,-0.17,0.24,0.66
34004,1.55,-1.82,-3.45,34004,-0.01,-0.01,0.57
34014,1.47,-3.78,-4.06,34014,-0.05,-0.26,0.39
34024,1.41,-5.36,-5.95,34024,-0.05,-0.44,0.14
34034,1.75,-3.84,-8.73,34034,-0.17,-0.54,-0.12
34044,1.62,-1.08,-10.92,34044,-0.24,-0.51,-0.22
34054,1.85,0.36,-11.8,34054,-0.35,-0.44,-0.19
34064,1.85,0.76,-12.22,34064,-0.46,-0.35,-0.12
34074,1.86,0.16,-12.08,34074,-0.56,-0.29,-0.05
34084,1.93,-0.88,-12.18,34084,-0.54,-0.25,-0.02
34094,1.93,-1.47,-11.68,34094,-0.39,-0.21,-0.05
34104,2.43,-0.48,-11.02,34104,-0.42,-0.22,-0.07
34114,2.05,-0.46,-11.04,34114,-0.28,-0.21,-0.07
34124,2.71,0.21,-11.3,34124,-0.29,-0.2,-0.06
34134,2.38,-0.29,-11.06,34134,-0.2,-0.16,-0.03
34144,2.61,-0.52,-10.61,34144,-0.19,-0.13,-0.04
34154,1.95,0.4,-9.9,34154,-0.17,-0.09,-0.04
34164,2.78,0.44,-9.86,34164,-0.17,-0.1,-0.01
34174,2.71,1.06,-10.06,34174,-0.16,-0.09,0.03
34184,2.54,1.43,-10.22,34184,-0.14,-0.08,0.12
34194,2.58,0.52,-9.76,34194,-0.13,-0.05,0.18
34204,2.41,-0.04,-9.35,34204,-0.15,-0.07,0.2
34214,2.31,-0.74,-9.21,34214,-0.17,-0.09,0.19
34224,2.33,-1.5,-9.19,34224,-0.17,-0.11,0.15
34234,2.33,-1.41,-9.45,34234,-0.16,-0.12,0.08
34244,1.87,-0.36,-9.08,34244,-0.16,-0.12,0.04
34254,2.53,-0.68,-9.64,34254,-0.24,-0.13,0.02
34264,2.55,-0.55,-9.27,34264,-0.32,-0.11,-0.03
34274,1.96,0.62,-8.43,34274,-0.29,-0.13,-0.02
34284,2.12,0.68,-8.15,34284,-0.26,-0.17,0.01
34294,2.48,0.81,-7.71,34294,-0.28,-0.24,0.03
34304,2.45,0.56,-7.81,34304,-0.27,-0.32,0.07
34314,2.4,0,-8,34314,-0.28,-0.38,0.09
34324,2.47,-0.7,-8.21,34324,-0.37,-0.4,0.07
34334,2.66,-1.16,-7.91,34334,-0.53,-0.42,0.03
34344,2.8,-1.29,-7.44,34344,-0.69,-0.45,-0.01
34354,2.94,-1.3,-7.18,34354,-0.78,-0.5,-0.04
34364,3.25,-2.11,-7.12,34364,-0.88,-0.57,-0.03
34374,3.54,-4.03,-6.75,34374,-0.95,-0.65,-0.06
34384,4.36,-6.42,-4.2,34384,-1.21,-0.77,-0.12
34394,2.21,-11.22,-7.27,34394,-0.97,-1.04,-0.29
34404,3.2,-16.05,-9.63,34404,-0.92,-1.17,-0.65
34414,1.71,-20.79,-13.3,34414,-0.92,-1.21,-1.29
34424,1.43,-23.26,-17.1,34424,-0.78,-1.13,-2.05
34434,-0.56,-22.88,-19.96,34434,-0.59,-1.03,-2.86
34444,-2.45,-20.39,-23.68,34444,-0.1,-0.93,-3.62
34454,-3.09,-16.73,-29.5,34454,0.56,-0.74,-4.26
34464,-4.55,-11.43,-36.33,34464,0.89,-0.42,-4.77
34474,-4.97,-4.86,-39.23,34474,0.93,0.16,-5.12
34484,-5.05,2.69,-39.23,34484,0.83,1.06,-5.26
34494,-4.55,12.07,-39.23,34494,0.58,2.2,-5.14
34504,-4.53,21.72,-39.23,34504,0.39,3.55,-4.67
34514,-6.54,28.97,-39.23,34514,0.24,5.13,-3.89
34524,-10.05,31.63,-39.23,34524,0.24,6.82,-2.87
34534,-13.72,32.56,-36.36,34534,0.23,7.84,-1.97
34544,-16.8,34.13,-14.71,34544,0.24,8.43,-1.17
34554,-15.48,39.23,15.06,34554,-0.26,7.77,-0.26
34564,-13.26,39.23,20.72,34564,-1.15,6.17,1
34574,-11.13,39.23,11.14,34574,-1.31,4.94,2.43
34584,-11.08,34.78,1.74,34584,-1.03,4.38,3.65
34594,-12.84,26.81,-2.04,34594,-0.85,4.34,4.5
34604,-14.89,19.74,2.66,34604,-1.18,4.43,5.01
34614,-16.57,14.75,11.15,34614,-2.02,4.25,5.28
34624,-17.57,10.95,19.4,34624,-3.15,3.59,5.49
34634,-17.13,6.87,21.54,34634,-4.06,2.71,5.62
34644,-16.67,2.89,20.63,34644,-4.66,1.82,5.69
34654,-16.62,-1.67,18.97,34654,-5.16,1.01,5.68
34664,-15.97,-8.05,18.96,34664,-5.5,0.2,5.55
34674,-15.45,-15.95,19.29,34674,-5.68,-0.66,5.17
34684,-14.58,-24.28,19.68,34684,-5.68,-1.59,4.47
34694,-13.71,-31.73,18.72,34694,-5.48,-2.56,3.47
34704,-12.89,-36.82,18.05,34704,-4.92,-3.51,2.23
34714,-13.18,-36.43,15.85,34714,-3.91,-4.53,0.94
34724,-14.2,-31.29,9.78,34724,-2.53,-5.51,-0.1
34734,-15.12,-26.83,-0.77,34734,-1.01,-6.36,-0.82
34744,-15.32,-25.73,-13.02,34744,0.04,-6.72,-1.3
34754,-14.39,-26.13,-23.55,34754,0.48,-6.64,-1.76
34764,-12.41,-27.65,-33.01,34764,0.31,-6.12,-2.33
34774,-9.8,-27.55,-37.3,34774,-0.05,-5.31,-3.02
34784,-7.55,-24.1,-37.95,34784,-0.28,-4.42,-3.71
34794,-6.06,-18.15,-32.58,34794,-0.21,-3.69,-4.2
34804,-5.03,-13.73,-28.78,34804,0.13,-3.4,-4.47
34814,-4.15,-11.1,-30.68,34814,0.67,-3.23,-4.63
34824,-3.52,-10.49,-35.42,34824,1.14,-2.94,-4.77
34834,-3.47,-10.91,-39.23,34834,1.41,-2.43,-5.02
34844,-4.15,-10.14,-39.23,34844,1.5,-1.72,-5.45
34854,-5.15,-6.48,-39.23,34854,1.43,-1.06,-5.88
34864,-5.62,-0.89,-39.23,34864,1.25,-0.41,-6.24
34874,-5.82,6.25,-39.23,34874,1.14,0.25,-6.43
34884,-5.3,14.04,-39.23,34884,1.2,1.05,-6.39
34894,-4.46,23.88,-39.23,34894,1.47,1.97,-6.04
34904,-3.38,31.76,-39.23,34904,1.73,2.92,-5.36
34914,-3.03,37.61,-37.74,34914,1.52,3.65,-4.44
34924,-2.39,39.23,-28.08,34924,1.1,4.14,-3.37
34934,-2,39.23,-20.25,34934,0.65,4.27,-2.2
34944,-1.9,37.91,-16.52,34944,0.4,4.3,-0.93
34954,-2.29,33.18,-14.2,34954,0.29,4.33,0.07
34964,-3.45,27.33,-12.62,34964,0.24,4.37,0.88
34974,-4.45,21.34,-11.31,34974,0.14,4.42,1.46
34984,-5.49,16.2,-9.89,34984,-0.01,4.5,1.85
34994,-6.15,11.32,-8.1,34994,-0.23,4.54,2.07
35004,-6.15,8.26,-5.62,35004,-0.46,4.54,2.11
35014,-6.28,8.04,-0.86,35014,-0.76,4.44,2.08
35024,-5.83,10.13,8.67,35024,-1.33,4.07,2.12
35034,-4.59,11.95,12.27,35034,-1.9,3.24,2.36
35044,-3.34,12.35,6.87,35044,-1.88,2.45,2.76
35054,-2.84,10.8,1.15,35054,-1.4,1.98,3.27
35064,-3.21,6.55,0.11,35064,-1.24,1.77,3.61
35074,-3.24,1.26,1.35,35074,-1.51,1.58,3.72
35084,-2.87,-2.62,2.49,35084,-1.82,1.32,3.65
35094,-2.49,-5.35,3.81,35094,-2.03,1.02,3.48
35104,-1.67,-7.22,5.06,35104,-2.08,0.64,3.29
35114,-0.95,-8.94,5.46,35114,-1.92,0.23,3.1
35124,-0.74,-11.03,5.85,35124,-1.74,-0.19,2.9
35134,-0.44,-14.06,6.62,35134,-1.5,-0.65,2.63
35144,-0.14,-15.94,5.22,35144,-1.17,-1.15,2.28
35154,0.51,-15.77,0.78,35154,-0.8,-1.58,1.93
35164,1.37,-15.08,-6.18,35164,-0.49,-1.77,1.62
35174,2.24,-16.04,-10.65,35174,-0.37,-1.68,1.34
35184,3.14,-17.67,-12.94,35184,-0.46,-1.46,0.98
35194,3.98,-17.8,-13.83,35194,-0.61,-1.21,0.55
35204,4.71,-16.38,-14.26,35204,-0.69,-0.98,0.14
35214,5.19,-14.66,-13.98,35214,-0.57,-0.78,-0.2
35224,5.7,-12.43,-12.06,35224,-0.32,-0.65,-0.51
35234,6.2,-9.22,-10.97,35234,-0.09,-0.64,-0.73
35244,6.73,-5.37,-11.93,35244,0.05,-0.64,-0.85
35254,7.25,-2.29,-12.72,35254,0.17,-0.56,-0.84
35264,7.72,-0.03,-13.53,35264,0.21,-0.44,-0.73
35274,7.78,0.39,-13.44,35274,0.12,-0.29,-0.62
35284,7.87,-0.06,-12.87,35284,-0.04,-0.14,-0.55
35294,7.78,-0.54,-12.83,35294,-0.19,-0.02,-0.54
35304,7.74,-0.41,-12.8,35304,-0.28,0.1,-0.57
35314,7.59,0.48,-12.33,35314,-0.3,0.23,-0.59
35324,7.32,1.85,-11.01,35324,-0.28,0.31,-0.56
35334,6.67,3.28,-9.31,35334,-0.2,0.34,-0.47
35344,7.05,3.24,-8.84,35344,-0.17,0.3,-0.33
35354,6.76,2.01,-8.64,35354,-0.1,0.26,-0.2
35364,6.54,0.64,-8.86,35364,-0.08,0.24,-0.14
35374,5.85,-0.44,-8.94,35374,-0.09,0.26,-0.13
35384,6.04,-1.57,-8.75,35384,-0.11,0.27,-0.16
35394,6,-1.7,-7.8,35394,-0.16,0.26,-0.23
35404,5.87,-1.19,-7.57,35404,-0.16,0.21,-0.28
35414,5.86,-0.2,-8.42,35414,-0.15,0.17,-0.31
35424,6.08,0.83,-9.25,35424,-0.21,0.2,-0.28
35434,5.96,0.84,-8.91,35434,-0.27,0.25,-0.21
35444,5.87,1.05,-8.17,35444,-0.34,0.26,-0.15
35454,5.74,0.62,-7.3,35454,-0.29,0.23,-0.07
35464,5.86,-0.25,-7.02,35464,-0.24,0.15,-0.02
35474,5.64,-1.37,-7.64,35474,-0.13,0.09,-0.02
35484,5.77,-1.55,-8.36,35484,-0.14,0.07,-0.07
35494,5.83,-1.69,-8.78,35494,-0.21,0.09,-0.11
35504,5.94,-1.48,-8.54,35504,-0.23,0.13,-0.15
35514,5.92,-1,-7.97,35514,-0.25,0.14,-0.17
35524,6.04,-0.7,-7.54,35524,-0.3,0.12,-0.17
35534,6.11,-0.24,-7.46,35534,-0.35,0.1,-0.16
35544,6.16,-0.14,-7.62,35544,-0.33,0.08,-0.13
35554,6.32,-0.55,-7.97,35554,-0.32,0.05,-0.09
35564,6.14,-1.69,-8.22,35564,-0.21,0.06,-0.09
35574,6.13,-2.49,-7.88,35574,-0.17,0.06,-0.15
35584,6.04,-2.79,-7.62,35584,-0.15,0.04,-0.25
35594,6.13,-2.72,-7.42,35594,-0.09,0.01,-0.36
35604,6.03,-2.62,-7.53,35604,0.01,-0.03,-0.46
35614,6.23,-2.65,-7.54,35614,0.13,-0.07,-0.55
35624,6.02,-2.73,-7.39,35624,0.15,-0.1,-0.65
35634,3.54,-4,-6.66,35634,-0.12,-0.13,-0.79
35644,7.25,-1.51,-4.63,35644,-0.13,-0.28,-0.97
35654,5.93,1.15,-7.57,35654,0.06,-0.39,-0.94
35664,8.5,2.76,-6.13,35664,-0.82,-0.33,-0.86
35674,5.09,3.52,-7.02,35674,-0.05,-0.44,-0.64
35684,5.96,3.97,-8.8,35684,-0.1,-0.53,-0.43
35694,6.47,2.41,-9.97,35694,-0.14,-0.47,-0.25
35704,6.4,0.11,-10.48,35704,-0.32,-0.36,-0.16
35714,6.66,-1.72,-10.64,35714,-0.37,-0.27,-0.18
35724,6.47,-2.32,-10.82,35724,-0.38,-0.17,-0.28
35734,6.54,-2.49,-10.56,35734,-0.44,-0.06,-0.4
35744,6.05,-2.4,-9.74,35744,-0.31,0,-0.54
35754,6.1,-1.13,-10.42,35754,-0.5,0.07,-0.62
35764,6.25,-0.77,-10.13,35764,-0.58,0.15,-0.67
35774,6.27,-0.72,-9.39,35774,-0.56,0.18,-0.72
35784,6.11,-0.78,-9.3,35784,-0.53,0.17,-0.77
35794,6.21,-0.65,-8.88,35794,-0.72,0.15,-0.85
35804,6.49,0.02,-10.14,35804,-0.86,0.09,-0.97
35814,6.68,1.5,-13.3,35814,-0.88,0.08,-1.06
35824,6.9,3.43,-19.67,35824,-0.77,0.24,-1.11
35834,7.24,7.19,-26.89,35834,-0.51,0.73,-1.11
35844,7.63,13.68,-29.91,35844,0.06,1.53,-0.95
35854,7.35,20.83,-26.1,35854,0.62,2.37,-0.55
35864,5.25,28.99,-19.82,35864,0.49,3.03,0.12
35874,3.37,33.95,-5.14,35874,-0.18,3.47,1.08
35884,1.78,33.17,12.53,35884,-0.98,3.08,2.2
35894,-0.04,29.12,19.15,35894,-1.74,2.01,3.26
35904,-1.78,23.33,15.69,35904,-2.14,0.94,4.16
35914,-3.53,14.8,9.28,35914,-2.36,0.19,4.86
35924,-4.75,6.81,4.69,35924,-2.71,-0.15,5.15
35934,-6.06,0.34,3.5,35934,-3.31,-0.26,5.18
35944,-7.57,-5.87,6.16,35944,-3.87,-0.4,5.02
35954,-8.76,-12.51,11.11,35954,-4.21,-0.79,4.68
35964,-9.99,-19.3,14.99,35964,-4.36,-1.49,4.13
35974,-10.24,-26.83,15.58,35974,-4.38,-2.4,3.36
35984,-10.57,-35.28,13.4,35984,-4.01,-3.32,2.32
35994,-11.25,-39.23,11.36,35994,-3.27,-4.16,0.98
36004,-13.31,-39.23,10.24,36004,-2.33,-4.99,-0.67
36014,-16.1,-39.23,5.3,36014,-1.31,-5.85,-2.42
36024,-18.75,-39.23,-7,36024,-0.08,-6.52,-4.05
36034,-19.71,-31.18,-18.26,36034,0.8,-6.68,-5.04
36044,-19.67,-24.01,-27.14,36044,1.19,-6.49,-5.64
36054,-18.69,-19.98,-33.94,36054,1.16,-6.04,-6.06
36064,-17.69,-17.63,-39.23,36064,0.93,-5.4,-6.42
36074,-16.39,-15.27,-39.23,36074,0.69,-4.66,-6.82
36084,-15.23,-9.67,-39.23,36084,0.67,-3.87,-7.17
36094,-14,-3.65,-39.23,36094,0.78,-2.98,-7.33
36104,-13.18,-0.55,-39.23,36104,0.7,-2.17,-7.43
36114,-12.62,3.4,-39.23,36114,0.58,-1.32,-7.64
36124,-12.31,11.91,-39.23,36124,0.36,-0.43,-7.81
36134,-10.69,23.27,-39.23,36134,0.07,0.64,-7.7
36144,-8.67,34.21,-39.23,36144,0.1,1.82,-7.19
36154,-7.03,39.23,-39.23,36154,0.19,3.32,-6.22
36164,-7.15,39.23,-39.23,36164,0.07,5.04,-4.97
36174,-8.73,39.23,-39.23,36174,-0.21,6.54,-3.68
36184,-10.43,39.23,-35.35,36184,-0.6,7.39,-2.32
36194,-11.2,39.23,-22.06,36194,-0.79,7.59,-0.89
36204,-12.29,39.23,-14.25,36204,-0.68,7.51,0.52
36214,-13.53,37.49,-1.48,36214,-0.34,7.25,1.74
36224,-14.72,30.78,7.22,36224,-0.46,6.52,2.68
36234,-14.84,23.25,8.6,36234,-0.87,5.72,3.4
36244,-14.54,16.96,8.98,36244,-1.2,5.08,3.79
36254,-13.9,12.78,7.52,36254,-1.45,4.56,3.97
36264,-13.32,12.21,9.51,36264,-1.65,4.18,4.1
36274,-12.82,12.95,12.78,36274,-2.01,3.69,4.31
36284,-12.52,13.9,15.24,36284,-2.5,3.14,4.62
36294,-12.42,13.77,17.45,36294,-3.02,2.49,5
36304,-13.01,12.3,17.41,36304,-3.78,1.78,5.37
36314,-13.96,9.21,16.47,36314,-4.7,1.08,5.68
36324,-14.61,3.34,12.95,36324,-5.68,0.38,5.83
36334,-14.34,-3.53,9.96,36334,-6.19,-0.22,5.76
36344,-13.57,-11.05,10.94,36344,-6.15,-0.88,5.41
36354,-13.17,-16.76,14.76,36354,-5.74,-1.62,4.88
36364,-12.81,-22.29,18.73,36364,-5.41,-2.53,4.13
36374,-12.95,-27.53,19.12,36374,-4.88,-3.62,3.22
36384,-13.59,-30.62,13.06,36384,-3.99,-4.67,2.16
36394,-14.38,-31.54,4.93,36394,-2.79,-5.4,1.12
36404,-14.65,-31.56,-0.38,36404,-1.67,-5.89,0.15
36414,-14.63,-30.42,-6.55,36414,-0.67,-6.25,-0.66
36424,-14.2,-28.57,-13.5,36424,0.21,-6.39,-1.3
36434,-13.48,-27.81,-20.38,36434,0.87,-6.29,-1.77
36444,-12.86,-28.97,-23.95,36444,1.25,-6.01,-2.21
36454,-12.11,-31.12,-27.93,36454,1.17,-5.63,-2.83
36464,-11.35,-32.49,-31.08,36464,0.92,-5.17,-3.54
36474,-10.54,-31.6,-33.88,36474,0.76,-4.66,-4.35
36484,-10.13,-26.93,-35.92,36484,0.89,-4.1,-5.14
36494,-10.1,-21.14,-36.65,36494,1.2,-3.57,-5.74
36504,-10.47,-15.62,-36.65,36504,1.52,-3.11,-6.16
36514,-10.84,-11.2,-37.28,36514,1.58,-2.66,-6.49
36524,-11.43,-8.04,-38.39,36524,1.42,-2.17,-6.77
36534,-12.44,-5.82,-39.23,36534,1.2,-1.62,-7.07
36544,-13.73,-3.56,-39.23,36544,1.14,-1.03,-7.4
36554,-14.89,1.13,-39.23,36554,1.34,-0.37,-7.75
36564,-15.09,8,-39.23,36564,1.7,0.23,-7.92
36574,-14.84,17.67,-39.23,36574,2.06,0.98,-7.87
36584,-12.17,32.3,-39.23,36584,2.03,1.75,-7.42
36594,-8.51,39.23,-39.23,36594,1.34,2.44,-6.31
36604,-4.41,39.23,-39.23,36604,0.66,3.26,-4.68
36614,-3.18,39.23,-39.23,36614,0.29,4.12,-2.91
36624,-3.59,39.23,-35.42,36624,0.27,4.87,-1.29
36634,-5.39,35.86,-25.62,36634,0.33,5.32,-0.04
36644,-7.2,27.82,-18.29,36644,0.21,5.45,0.81
36654,-8.42,20.71,-13.91,36654,0.1,5.46,1.38
36664,-9.09,14.64,-8.27,36664,0.05,5.44,1.72
36674,-9.17,12.58,-0.02,36674,-0.15,5.21,1.88
36684,-8.83,12.51,4.82,36684,-0.68,4.72,2.07
36694,-7.9,12.46,4.46,36694,-1.31,4.19,2.36
36704,-6.98,11.87,0.32,36704,-1.88,3.8,2.72
36714,-6.68,10.24,-2.83,36714,-2.38,3.7,3.09
36724,-6.75,8.67,-0.98,36724,-2.74,3.64,3.45
36734,-6.83,5.95,2.14,36734,-2.96,3.47,3.79
36744,-6.83,1.9,6.57,36744,-2.95,3.13,4.03
36754,-6.3,-2.98,9.76,36754,-2.89,2.59,4.09
36764,-5.39,-7.74,11.47,36764,-2.8,1.98,3.97
36774,-4.05,-12.68,11.82,36774,-2.68,1.25,3.63
36784,-2.67,-16.36,10.24,36784,-2.49,0.6,3.19
36794,-1.35,-18.79,7.96,36794,-2.24,0.04,2.67
36804,-0.29,-20.75,5.82,36804,-1.86,-0.44,2.12
36814,0.99,-20.71,2.53,36814,-1.38,-0.88,1.53
36824,2.28,-16.23,-3.12,36824,-0.95,-1.12,1.05
36834,3.18,-11.74,-7.19,36834,-0.67,-1.13,0.83
36844,3.77,-10.99,-8.61,36844,-0.6,-1.04,0.74
36854,4.11,-12.39,-8.34,36854,-0.6,-0.96,0.59
36864,4.41,-14.27,-8.77,36864,-0.6,-0.95,0.33
36874,4.95,-16.07,-10.09,36874,-0.52,-0.91,-0.09
36884,5.5,-15.29,-10.24,36884,-0.38,-0.87,-0.56
36894,6.09,-11.72,-10.89,36894,-0.23,-0.83,-0.98
36904,6.67,-6.84,-11.71,36904,0.1,-0.79,-1.22
36914,7.17,-2.13,-12.56,36914,0.42,-0.72,-1.27
36924,7.6,1.94,-13.65,36924,0.53,-0.61,-1.16
36934,7.85,4.32,-14.36,36934,0.48,-0.42,-0.95
36944,7.87,4.75,-13.69,36944,0.33,-0.22,-0.69
36954,7.69,3.98,-12.87,36954,0.15,-0.07,-0.48
36964,7.5,2.57,-12.06,36964,-0.04,0.06,-0.33
36974,7.32,0.95,-11.69,36974,-0.19,0.15,-0.27
36984,7.08,-0.21,-10.8,36984,-0.19,0.24,-0.29
36994,6.82,-0.21,-9.46,36994,-0.16,0.27,-0.34
37004,6.53,-0.06,-8,37004,-0.05,0.23,-0.37
37014,6.38,0.22,-6.86,37014,0.06,0.14,-0.39
37024,6.25,0.99,-6.64,37024,0.1,0,-0.37
37034,6.21,1.27,-7.93,37034,0.02,-0.09,-0.34
37044,6.18,1.18,-9.08,37044,-0.09,-0.1,-0.29
37054,6.05,0.73,-9.89,37054,-0.19,-0.07,-0.24
37064,5.94,-0.24,-9.82,37064,-0.23,-0.01,-0.21
37074,5.68,-0.91,-9.13,37074,-0.33,0.03,-0.24
37084,5.64,-1.43,-8.79,37084,-0.44,0.05,-0.29
37094,5.52,-1.41,-8.44,37094,-0.45,0.04,-0.36
37104,5.54,-1.17,-8.26,37104,-0.42,0.02,-0.42
37114,5.57,-0.83,-8.34,37114,-0.37,0.01,-0.46
37124,5.8,-0.28,-8.65,37124,-0.31,0,-0.47
37134,5.9,0.17,-9.38,37134,-0.28,0.02,-0.46
37144,6.09,0.23,-10.35,37144,-0.24,0.09,-0.43
37154,6.04,0.05,-10.95,37154,-0.19,0.2,-0.4
37164,5.95,-0.18,-10.53,37164,-0.16,0.34,-0.38
37174,5.47,-0.62,-9.32,37174,-0.17,0.45,-0.39
37184,5.76,-0.5,-7.1,37184,-0.22,0.48,-0.41
37194,5.8,-0.55,-5.4,37194,-0.25,0.4,-0.43
37204,5.77,-0.29,-5.42,37204,-0.23,0.27,-0.43
37214,5.85,-0.17,-5.85,37214,-0.15,0.15,-0.41
37224,5.98,-0.12,-6.68,37224,-0.03,0.06,-0.38
37234,6.65,1.1,-8.35,37234,0.47,-0.03,-0.34
37244,6.49,-0.48,-7.55,37244,0.05,-0.02,-0.3
37254,7.15,0.19,-6.87,37254,0.01,-0.03,-0.31
37264,5.89,0.86,-7.59,37264,0.07,-0.09,-0.27
37274,6.73,1.35,-8.05,37274,0.03,-0.1,-0.22
37284,6.43,1.08,-8.42,37284,-0.17,-0.09,-0.17
37294,6.44,0.72,-8.58,37294,-0.25,-0.08,-0.14
37304,6.62,0.07,-8.89,37304,-0.34,-0.07,-0.13
37314,6.45,-0.42,-9.1,37314,-0.41,-0.05,-0.14
37324,6.6,-0.45,-8.15,37324,-0.31,-0.06,-0.16
37334,6.37,-0.66,-7.76,37334,-0.23,-0.11,-0.18
37344,6.42,-1.27,-7.91,37344,-0.17,-0.18,-0.22
37354,6.33,-1.94,-8.43,37354,-0.26,-0.22,-0.29
37364,6.09,-3.04,-9.59,37364,-0.38,-0.25,-0.41
37374,6.11,-3.78,-10.8,37374,-0.53,-0.2,-0.6
37384,6.16,-3.37,-11.94,37384,-0.72,-0.12,-0.84
37394,6.22,-1.18,-14.63,37394,-0.89,0,-1.06
37404,6.15,2.03,-18.12,37404,-0.86,0.24,-1.18
37414,6.23,5.41,-21.21,37414,-0.69,0.66,-1.17
37424,5.77,8.01,-22.22,37424,-0.3,1.14,-1.1
37434,5.28,12.2,-22.23,37434,-0.13,1.66,-0.98
37444,5.07,16.77,-17.32,37444,0.02,2.23,-0.74
37454,4.28,21.94,-7.44,37454,-0.17,2.56,-0.37
37464,4.11,28.09,2.11,37464,-0.73,2.45,0.26
37474,2.96,30.88,8.48,37474,-1.02,1.99,1.15
37484,1,33.27,12.26,37484,-1.48,1.3,2.26
37494,-0.8,31.26,13.89,37494,-1.71,0.56,3.46
37504,-2.9,25.25,12.84,37504,-1.88,-0.19,4.52
37514,-5.59,14.19,8.77,37514,-2.18,-0.81,5.28
37524,-7.49,9.36,7.38,37524,-2.69,-1.14,5.58
37534,-9.19,3.1,6.76,37534,-3.47,-1.43,5.75
37544,-10.8,-3.37,8.18,37544,-4.03,-1.84,5.74
37554,-11.6,-11.23,7.95,37554,-4.31,-2.44,5.54
37564,-12.03,-20.81,5.63,37564,-4.2,-3.04,5.06
37574,-11.71,-31.75,4.26,37574,-3.98,-3.57,4.17
37584,-11.44,-39.23,4.06,37584,-3.5,-4.12,2.86
37594,-11.81,-39.23,3.84,37594,-2.67,-4.76,1.25
37604,-12.85,-39.23,1.39,37604,-1.54,-5.47,-0.45
37614,-14.2,-39.23,-4.92,37614,-0.32,-6.11,-1.94
37624,-14.76,-31.08,-15.42,37624,1.04,-6.54,-2.96
37634,-13.64,-24.23,-26.01,37634,1.64,-6.52,-3.37
37644,-11.84,-22.65,-35.08,37644,1.66,-6.06,-3.63
37654,-9.95,-23.81,-39.23,37654,1.36,-5.26,-3.96
37664,-8.95,-25.61,-39.23,37664,0.85,-4.4,-4.49
37674,-8.89,-25.39,-39.23,37674,0.45,-3.6,-5.21
37684,-9.54,-21.36,-37.74,37684,0.48,-2.96,-5.93
37694,-10.25,-15.07,-36.51,37694,0.84,-2.51,-6.48
37704,-10.95,-9.22,-38.05,37704,1.25,-2.15,-6.86
37714,-11.51,-4.29,-39.23,37714,1.54,-1.73,-7.15
37724,-11.56,1.8,-39.23,37724,1.73,-1.19,-7.39
37734,-10.8,11.05,-39.23,37734,1.66,-0.47,-7.45
37744,-9.37,20.7,-39.23,37744,1.36,0.5,-7.21
37754,-8.23,30.59,-39.23,37754,1.08,1.87,-6.63
37764,-7.07,38.92,-39.23,37764,0.93,3.59,-5.74
37774,-6.66,39.23,-39.23,37774,0.74,4.73,-4.5
37784,-6.62,39.23,-38.08,37784,0,5.29,-2.96
37794,-7.16,39.23,-30.76,37794,-0.2,5.8,-1.33
37804,-8.97,32.91,-24.03,37804,-0.24,6.15,-0.13
37814,-11.11,24.07,-16.15,37814,-0.22,6.39,0.58
37824,-12.62,18.68,-6.47,37824,-0.47,6.4,0.96
37834,-12.74,17.28,2.39,37834,-0.86,6.1,1.2
37844,-11.96,18.95,8.47,37844,-1.25,5.48,1.51
37854,-10.62,21.65,10.07,37854,-1.61,4.84,1.94
37864,-9.82,23.93,7.98,37864,-1.98,4.28,2.52
37874,-9.74,23.7,7.02,37874,-2.39,3.9,3.21
37884,-10.1,21.01,8.1,37884,-2.84,3.55,3.88
37894,-10.8,17.49,10.02,37894,-3.29,3.15,4.45
37904,-11.42,12.75,12.78,37904,-3.74,2.62,4.89
37914,-11.76,7.9,14.62,37914,-4,1.96,5.16
37924,-11.58,2.26,15.45,37924,-4.02,1.2,5.27
37934,-10.94,-3.03,15.36,37934,-3.96,0.42,5.18
37944,-10.18,-7.36,14.91,37944,-3.91,-0.42,4.9
37954,-9.73,-10.58,13.9,37954,-3.9,-1.15,4.54
37964,-9.67,-12.98,13.28,37964,-3.82,-1.86,4.1
37974,-10.3,-13.25,11.03,37974,-3.66,-2.61,3.65
37984,-10.49,-13.66,6.04,37984,-3.43,-3.25,3.31
37994,-10.33,-17.19,2.09,37994,-3.01,-3.71,2.99
38004,-10.3,-21.59,0.6,38004,-2.41,-4.11,2.61
38014,-10.14,-27.23,-2.46,38014,-1.81,-4.45,2.13
38024,-9.74,-34.02,-6.82,38024,-1.26,-4.64,1.48
38034,-9.54,-38.74,-9.69,38034,-0.93,-4.63,0.6
38044,-9.83,-39.23,-11.4,38044,-0.71,-4.62,-0.38
38054,-9.82,-39.23,-13.86,38054,-0.31,-4.63,-1.44
38064,-9.46,-38.62,-17.98,38064,0.22,-4.64,-2.34
38074,-8.64,-35.85,-22.81,38074,0.62,-4.48,-3.15
38084,-7.82,-32.66,-25.52,38084,0.78,-4.17,-3.93
38094,-7.64,-27.46,-27.07,38094,0.85,-3.84,-4.58
38104,-7.86,-23.47,-28.03,38104,0.86,-3.49,-5.13
38114,-8.8,-19.73,-28.85,38114,0.89,-3.18,-5.62
38124,-9.76,-15.98,-30.3,38124,0.79,-2.88,-6.07
38134,-10.72,-11.57,-33.54,38134,0.71,-2.54,-6.5
38144,-11.11,-5.21,-37.97,38144,0.66,-2.1,-6.86
38154,-10.82,2.11,-39.23,38154,0.62,-1.53,-7.05
38164,-9.86,10.49,-39.23,38164,0.49,-0.71,-7.05
38174,-8.65,18.16,-39.23,38174,0.2,0.05,-6.83
38184,-6.79,25.91,-39.23,38184,-0.02,0.81,-6.39
38194,-4.59,33.83,-39.23,38194,-0.14,1.59,-5.69
38204,-2.62,39.23,-39.23,38204,-0.19,2.48,-4.7
38214,-1.64,39.23,-39.23,38214,-0.28,3.53,-3.51
38224,-2.16,39.23,-39.23,38224,-0.36,4.55,-2.26
38234,-4.42,36.11,-39.06,38234,-0.41,5.49,-1.11
38244,-7.43,30.61,-21.75,38244,-0.46,6.14,-0.22
38254,-9.07,27.26,-5.23,38254,-0.7,5.92,0.55
38264,-9.44,21.75,-2.13,38264,-0.86,5.3,1.32
38274,-9.32,14.49,-4.61,38274,-0.89,4.93,1.79
38284,-9.35,9.28,-5.04,38284,-0.96,4.8,1.98
38294,-9.65,8.35,-0.77,38294,-1.2,4.71,2.05
38304,-9.44,9.03,4.68,38304,-1.55,4.42,2.2
38314,-8.48,9.28,9.28,38314,-1.78,3.95,2.44
38324,-7.2,8.33,11.73,38324,-1.93,3.36,2.74
38334,-6.21,5.51,12.9,38334,-2.01,2.76,3.01
38344,-5.49,0.7,14.83,38344,-2,2.16,3.18
38354,-4.61,-5.31,17.42,38354,-1.89,1.47,3.16
38364,-3.42,-11.37,17.12,38364,-1.74,0.71,2.91
38374,-1.75,-15.56,14.01,38374,-1.62,-0.03,2.39
38384,0.04,-15.05,10.02,38384,-1.5,-0.55,1.87
38394,1.44,-11.34,5.48,38394,-1.3,-0.9,1.5
38404,2.37,-8.27,2.4,38404,-1.08,-1.12,1.36
38414,2.84,-7.27,-0.42,38414,-0.97,-1.28,1.35
38424,3.22,-8.92,-4.17,38424,-0.97,-1.37,1.35
38434,3.69,-12.08,-8.42,38434,-0.93,-1.37,1.23
38444,3.89,-15.26,-12.23,38444,-0.75,-1.25,0.96
38454,4.29,-17.93,-12.98,38454,-0.64,-1.08,0.51
38464,4.75,-17.89,-13.29,38464,-0.52,-0.96,-0.05
38474,5.38,-14.34,-13.79,38474,-0.25,-0.86,-0.57
38484,5.97,-9,-13.73,38484,0.02,-0.77,-0.96
38494,6.9,-3.53,-14.2,38494,0.17,-0.7,-1.12
38504,7.62,2.17,-15.89,38504,0.27,-0.55,-1.06
38514,8.2,5.77,-16.7,38514,0.22,-0.33,-0.8
38524,8.27,5.94,-16.19,38524,0.07,-0.04,-0.49
38534,8.07,3.87,-13.56,38534,-0.12,0.19,-0.25
38544,7.57,1.9,-12.11,38544,-0.33,0.32,-0.15
38554,7.14,0.2,-10.05,38554,-0.4,0.41,-0.14
38564,6.71,-0.73,-7.72,38564,-0.31,0.38,-0.19
38574,6.43,-0.97,-6.67,38574,-0.12,0.29,-0.25
38584,6.18,-0.71,-6.45,38584,0.13,0.16,-0.31
38594,6.07,-0.06,-6.68,38594,0.26,0.07,-0.35
38604,5.95,0.8,-7.26,38604,0.27,0.01,-0.34
38614,5.99,1.49,-8.3,38614,0.21,-0.02,-0.28
38624,5.92,0.88,-8.98,38624,0.09,0,-0.21
38634,5.64,0.02,-8.6,38634,-0.02,0.03,-0.18
38644,5.36,-1.01,-8.38,38644,-0.16,0.04,-0.21
38654,5.25,-1.81,-8.04,38654,-0.28,0.02,-0.28
38664,5.22,-1.39,-8.21,38664,-0.29,-0.03,-0.38
38674,5.19,-0.86,-8.54,38674,-0.2,-0.07,-0.44
38684,5.33,-0.64,-8.44,38684,-0.14,-0.1,-0.49
38694,5.59,0.85,-8.54,38694,-0.14,-0.13,-0.53
38704,5.74,2.1,-9.27,38704,-0.14,-0.14,-0.48
38714,6.04,2.45,-10.05,38714,-0.17,-0.12,-0.39
38724,6.12,2.09,-10.51,38724,-0.23,-0.05,-0.3
38734,6.04,1.28,-10.2,38734,-0.27,0.03,-0.24
38744,5.97,0.31,-9.05,38744,-0.24,0.07,-0.22
38754,5.89,-0.26,-8.07,38754,-0.19,0.06,-0.25
38764,5.88,-0.27,-6.97,38764,-0.15,0.01,-0.29
38774,6,0.23,-7.11,38774,-0.11,-0.06,-0.31
38784,6.11,0.54,-7.51,38784,-0.05,-0.1,-0.31
38794,6.09,1.1,-7.71,38794,-0.04,-0.12,-0.3
38804,6.08,1.39,-7.31,38804,-0.1,-0.13,-0.24
38814,5.98,1.16,-7.25,38814,-0.15,-0.17,-0.21
38824,6.05,1.54,-7.69,38824,-0.15,-0.2,-0.17
38834,6.04,1.81,-8.48,38834,-0.15,-0.2,-0.12
38844,5.95,1.41,-8.61,38844,-0.23,-0.18,-0.07
38854,5.81,0.68,-8.26,38854,-0.29,-0.16,-0.06
38864,5.74,0.11,-7.98,38864,-0.25,-0.18,-0.08
38874,5.58,0.01,-7.63,38874,-0.16,-0.21,-0.11
38884,5.5,0.07,-7.33,38884,-0.15,-0.26,-0.15
38894,5.49,0.53,-7.74,38894,-0.19,-0.31,-0.17
38904,5.63,0.99,-8.68,38904,-0.19,-0.34,-0.17
38914,5.7,1.61,-9.6,38914,-0.19,-0.32,-0.15
38924,5.72,1.82,-10.14,38924,-0.22,-0.28,-0.1
38934,5.69,1.58,-10.32,38934,-0.25,-0.23,-0.06
38944,5.57,0.94,-9.71,38944,-0.25,-0.18,-0.03
38954,5.35,0.57,-8.74,38954,-0.24,-0.18,-0.04
38964,5.35,0.47,-8.55,38964,-0.21,-0.21,-0.05
38974,5.32,0.31,-8.68,38974,-0.23,-0.24,-0.07
38984,5.33,0.04,-9.42,38984,-0.24,-0.25,-0.11
38994,5.32,0.11,-10.08,38994,-0.24,-0.24,-0.16
39004,5.41,0.91,-10.7,39004,-0.28,-0.2,-0.21
39014,5.49,2.4,-11.32,39014,-0.38,-0.13,-0.26
39024,5.46,4.67,-12.24,39024,-0.5,-0.05,-0.27
39034,5.49,7.13,-11.76,39034,-0.61,0.05,-0.24
39044,5.52,10.68,-11.29,39044,-0.66,0.09,-0.16
39054,5.52,15.02,-11.37,39054,-0.57,0.14,0.05
39064,5.38,20.4,-10.77,39064,-0.5,0.21,0.43
39074,4.94,24.38,-9.16,39074,-0.48,0.3,1.03
39084,4.1,25.34,-5.93,39084,-0.62,0.35,1.76
39094,2.94,22.21,-2.62,39094,-0.83,0.29,2.48
39104,1.42,17.59,0.53,39104,-0.99,0.15,3.06
39114,-0.28,12.57,3.11,39114,-1.17,-0.07,3.49
39124,-1.91,6.1,6.5,39124,-1.36,-0.39,3.79
39134,-3.51,-0.15,9.42,39134,-1.64,-0.79,3.84
39144,-4.72,-6.32,10.34,39144,-2.07,-1.27,3.68
39154,-5.7,-12.48,9.78,39154,-2.5,-1.75,3.33
39164,-6.38,-17.72,9.39,39164,-2.77,-2.23,2.81
39174,-7.32,-22.11,9.3,39174,-2.84,-2.74,2.17
39184,-7.87,-27.33,8.48,39184,-2.73,-3.28,1.37
39194,-8.88,-31.09,7.18,39194,-2.32,-3.82,0.4
39204,-10.26,-32.31,7.31,39204,-1.66,-4.39,-0.62
39214,-11.6,-31.61,5.05,39214,-1.02,-5.03,-1.59
39224,-12.98,-28.44,-0.49,39224,-0.27,-5.59,-2.42
39234,-14.3,-23.06,-9.56,39234,0.55,-6.03,-3.05
39244,-14.23,-18.91,-19.78,39244,1.04,-6.11,-3.35
39254,-13.39,-17.51,-29.55,39254,1.13,-5.83,-3.52
39264,-11.99,-19.73,-37.51,39264,0.89,-5.2,-3.74
39274,-11.01,-22.4,-39.23,39274,0.46,-4.36,-4.2
39284,-10.82,-21.89,-39.23,39284,-0.04,-3.6,-4.87
39294,-10.62,-17.64,-39.23,39294,-0.32,-2.95,-5.6
39304,-9.77,-9.95,-39.23,39304,-0.08,-2.23,-6.21
39314,-8.42,0.8,-39.23,39314,0.32,-1.29,-6.55
39324,-6.69,11.4,-39.23,39324,0.8,0,-6.54
39334,-5.15,24.08,-39.23,39334,1.15,1.4,-6.17
39344,-4.1,35.23,-39.23,39344,0.98,2.87,-5.28
39354,-3.8,39.23,-39.23,39354,0.64,4.26,-4.2
39364,-5.08,39.23,-39.23,39364,0.27,5.58,-3.09
39374,-7.38,38.76,-35.33,39374,-0.18,6.57,-2.07
39384,-8.93,38.78,-19.2,39384,-0.71,6.77,-0.99
39394,-9.64,35.27,-12.2,39394,-0.75,6.6,0.12
39404,-10.14,29.32,-6.48,39404,-0.46,6.35,1.04
39414,-10.78,23.76,-2.96,39414,-0.2,6.06,1.66
39424,-11.21,20.58,1.23,39424,-0.11,5.79,2.05
39434,-11.37,20.01,5.76,39434,-0.19,5.44,2.35
39444,-11.37,21.71,8.85,39444,-0.44,4.98,2.74
39454,-11.41,22.55,11.01,39454,-0.92,4.56,3.21
39464,-11.67,21.97,14.3,39464,-1.76,4.12,3.7
39474,-11.93,21.03,16.94,39474,-2.82,3.53,4.22
39484,-12.69,19.27,16.29,39484,-4.04,2.85,4.77
39494,-13.29,14.35,13.6,39494,-4.99,2.19,5.27
39504,-14.17,7.86,11.88,39504,-5.28,1.56,5.61
39514,-14.76,0.96,11.71,39514,-5.25,0.88,5.69
39524,-14.87,-5.64,13.58,39524,-5.13,0.17,5.53
39534,-14.62,-12.21,17.17,39534,-4.95,-0.69,5.15
39544,-14.32,-18.58,20.25,39544,-4.7,-1.72,4.52
39554,-14.56,-24.35,23.05,39554,-3.99,-3.07,3.61
39564,-15.81,-28.48,21.22,39564,-3.23,-4.41,2.63
39574,-17.32,-31.04,12.24,39574,-2.5,-5.58,1.56
39584,-18.57,-33.67,2.37,39584,-1.82,-6.44,0.49
39594,-18.91,-34.28,-11.4,39594,-0.97,-6.93,-0.56
39604,-17.96,-32.92,-24.04,39604,0.01,-6.89,-1.45
39614,-16.58,-31.19,-31.52,39614,0.5,-6.46,-2.2
39624,-14.97,-28.99,-35.59,39624,0.52,-5.86,-2.86
39634,-13.48,-27.54,-37.68,39634,0.53,-5.21,-3.43
39644,-12.39,-27.28,-38.07,39644,0.55,-4.61,-3.99
39654,-11.28,-27.58,-39.23,39654,0.58,-4.06,-4.6
39664,-10.26,-25.6,-39.23,39664,0.94,-3.4,-5.33
39674,-9.86,-21.48,-39.23,39674,1.39,-2.66,-5.95
39684,-9.78,-16.76,-39.23,39684,1.49,-1.94,-6.55
39694,-9.2,-7.79,-39.23,39694,1.44,-1.35,-7.11
39704,-8.18,4.56,-39.23,39704,1.63,-0.62,-7.37
39714,-6.75,16.7,-39.23,39714,1.98,0.39,-7.21
39724,-5.31,26.65,-39.23,39724,2.11,1.67,-6.74
39734,-4.12,36.94,-39.23,39734,2.02,3.06,-6.01
39744,-3.08,39.23,-39.23,39744,1.59,4.03,-4.87
39754,-1.84,39.23,-26.91,39754,1.07,4.32,-3.34
39764,-0.59,39.23,-22.67,39764,0.88,4.33,-1.74
39774,-1.28,39.13,-22.16,39774,1,4.43,-0.31
39784,-2.6,30.16,-19.21,39784,1.18,4.68,0.58
39794,-4.52,22.98,-12.38,39794,1.07,4.86,1.11
39804,-5.81,18.55,-5.2,39804,0.7,4.83,1.42
39814,-6.14,16.72,1.79,39814,0.26,4.57,1.65
39824,-6.04,16.14,4.07,39824,-0.13,4.13,1.93
39834,-5.7,15.65,2.78,39834,-0.54,3.76,2.26
39844,-5.77,13.56,1.96,39844,-1.07,3.55,2.58
39854,-5.61,11.86,4.31,39854,-1.97,3.36,2.81
39864,-5.75,13.01,4.69,39864,-2.8,3.05,3.08
39874,-6.39,13.55,3.64,39874,-3.24,2.67,3.58
39884,-7.18,10.25,3.12,39884,-3.27,2.33,4.05
39894,-7.79,4.97,4.11,39894,-3.04,1.96,4.36
39904,-7.98,-0.57,5.88,39904,-2.82,1.53,4.45
39914,-7.6,-6.2,7.86,39914,-2.67,1,4.31
39924,-6.67,-10.15,8.5,39924,-2.48,0.4,3.98
39934,-6.13,-12.49,7.65,39934,-2.27,-0.2,3.54
39944,-5.58,-14.09,7.12,39944,-2.17,-0.76,3.05
39954,-5,-14.88,5.69,39954,-2.18,-1.31,2.54
39964,-4.32,-15.41,2.03,39964,-2.15,-1.78,2.03
39974,-3.43,-14.62,-2.16,39974,-1.85,-2.1,1.56
39984,-2.69,-12.67,-5.24,39984,-1.18,-2.29,1.18
39994,-2.06,-10.78,-6.96,39994,-0.62,-2.4,0.96
40004,-1.35,-9.17,-9.29,40004,-0.31,-2.44,0.81
40014,-0.81,-8.46,-11.33,40014,-0.18,-2.39,0.74
40024,-0.3,-9.45,-12.24,40024,-0.25,-2.29,0.65
40034,0.26,-11.5,-13.16,40034,-0.4,-2.19,0.46
40044,0.68,-12.99,-14.46,40044,-0.53,-2.07,0.15
40054,1.35,-13.31,-15.28,40054,-0.57,-1.94,-0.21
40064,1.63,-13.03,-15.81,40064,-0.47,-1.8,-0.59
40074,2.28,-11.1,-15.43,40074,-0.2,-1.69,-0.92
40084,1.98,-7.44,-16.55,40084,0.18,-1.6,-1.18
40094,3.82,-3.33,-17.91,40094,0.43,-1.42,-1.23
40104,3.85,-0.37,-18.98,40104,0.5,-1.17,-1.13
40114,4.23,1.44,-19.6,40114,0.52,-0.87,-0.97
40124,4.28,2.39,-18.96,40124,0.36,-0.54,-0.77
40134,4.62,2.44,-16.83,40134,0.06,-0.25,-0.57
40144,4.2,1.44,-15.02,40144,-0.27,-0.09,-0.43
40154,4.43,0.16,-13.39,40154,-0.47,0,-0.38
40164,4.17,-0.49,-12.35,40164,-0.47,0.03,-0.37
40174,3.86,-0.91,-11.57,40174,-0.33,0.01,-0.37
40184,3.75,-1.16,-10.72,40184,-0.09,-0.05,-0.39
40194,3.46,-1.06,-10.46,40194,0.15,-0.14,-0.4
40204,3.29,-0.69,-10.6,40204,0.33,-0.21,-0.38
40214,3.11,-0.75,-11.29,40214,0.43,-0.24,-0.37
40224,3,-1.28,-12.02,40224,0.38,-0.2,-0.37
40234,2.67,-2.15,-12.48,40234,0.22,-0.12,-0.41
40244,2.48,-2.84,-12.18,40244,0,-0.01,-0.49
40254,2.26,-2.46,-11.69,40254,-0.2,0.07,-0.6
40264,2.24,-1.71,-11.96,40264,-0.4,0.15,-0.68
40274,1.8,-1.03,-11.64,40274,-0.48,0.24,-0.72
40284,2.34,-1.19,-10.15,40284,-0.53,0.31,-0.76
40294,1.95,-1.17,-8.32,40294,-0.52,0.29,-0.8
40304,3.47,-1.58,-7.43,40304,-0.22,0.2,-0.84
40314,2.25,-0.53,-5.7,40314,-0.39,0.06,-0.86
40324,2.2,-0.32,-6.27,40324,-0.22,-0.14,-0.87
40334,2.46,0.1,-7.38,40334,-0.11,-0.28,-0.86
40344,2.2,0.23,-9.17,40344,-0.09,-0.35,-0.84
40354,2.4,0,-10.49,40354,-0.07,-0.34,-0.84
40364,2.52,0.42,-11.24,40364,-0.11,-0.29,-0.87
40374,2.58,1.39,-11.94,40374,-0.13,-0.22,-0.87
40384,2.76,2.66,-11.77,40384,-0.1,-0.14,-0.83
40394,2.87,3.83,-11.47,40394,-0.08,-0.07,-0.73
40404,2.98,4.53,-11.19,40404,-0.13,-0.03,-0.59
40414,3.19,4.21,-11.42,40414,-0.24,0.01,-0.44
40424,3.29,3.88,-12.12,40424,-0.37,0.09,-0.32
40434,3.38,3.28,-12.67,40434,-0.51,0.2,-0.24
40444,3.43,2.98,-12.59,40444,-0.62,0.35,-0.18
40454,3.52,3.46,-12.19,40454,-0.73,0.48,-0.14
40464,3.16,4.57,-11.17,40464,-0.76,0.59,-0.05
40474,3.14,5.53,-8.72,40474,-0.68,0.63,0.11
40484,2.7,5.67,-5.45,40484,-0.54,0.5,0.32
40494,2.41,4.67,-4.02,40494,-0.29,0.23,0.53
40504,2.33,2.52,-4.76,40504,-0.13,-0.05,0.66
40514,2.26,0.53,-6.27,40514,-0.07,-0.23,0.69
40524,2.57,-1.09,-7.85,40524,-0.18,-0.32,0.62
40534,2.76,-0.86,-9.02,40534,-0.45,-0.3,0.52
40544,3.03,0.15,-9.76,40544,-0.82,-0.22,0.45
40554,3.22,1.52,-9.74,40554,-1.3,-0.09,0.45
40564,3.21,2.54,-8.13,40564,-1.68,0.02,0.52
40574,2.72,3.23,-5.16,40574,-1.8,-0.01,0.7
40584,1.75,2.38,-2.77,40584,-1.67,-0.21,0.93
40594,1.33,-0.56,-1,40594,-1.57,-0.51,1.12
40604,0.44,-6.42,-0.69,40604,-1.34,-0.89,1.15
40614,0.01,-12.98,-2.23,40614,-1.07,-1.26,0.9
40624,-0.78,-17.95,-5.18,40624,-0.86,-1.54,0.33
40634,-1.44,-20.64,-7.41,40634,-0.76,-1.67,-0.32
40644,-2.6,-22.49,-9.47,40644,-0.74,-1.73,-1.06
40654,-4.27,-23.84,-10.12,40654,-0.46,-1.76,-1.82
40664,-6.24,-26.39,-7.54,40664,-0.03,-1.92,-2.64
40674,-8.46,-29.48,-6.74,40674,0.43,-2.32,-3.64
40684,-10.76,-28.22,-10.31,40684,1.03,-2.77,-4.79
40694,-13.07,-22.47,-16.24,40694,1.85,-3.15,-5.84
40704,-14.53,-13.98,-25.72,40704,2.98,-3.4,-6.62
40714,-14.88,-5.23,-37.55,40714,4.13,-3.33,-7.03
40724,-13.28,2.51,-39.23,40724,5.03,-2.85,-7.11
40734,-10.27,12.46,-39.23,40734,5.57,-1.72,-6.86
40744,-7.49,21.85,-39.23,40744,5.15,-0.1,-6.27
40754,-5.4,27.88,-39.23,40754,3.96,1.95,-5.39
40764,-6.42,28.71,-39.23,40764,2.52,4.05,-4.39
40774,-9.01,26.28,-39.23,40774,1.64,5.77,-3.43
40784,-10.49,23.11,-35.29,40784,1.18,6.73,-2.67
40794,-11.42,24.61,-24.04,40794,0.98,6.99,-2
40804,-10.41,28.6,-18.31,40804,0.94,6.97,-1.22
40814,-10.58,32.07,-15.65,40814,0.69,6.92,-0.27
40824,-10.06,32.35,-14.56,40824,0.44,6.94,0.79
40834,-10.94,28.78,-13.02,40834,0.43,7.03,1.74
40844,-12.25,24.71,-8.27,40844,-0.17,7.08,2.59
40854,-15.1,20.36,-4.14,40854,-0.68,7.03,3.16
40864,-15.03,16.65,4.19,40864,-1.22,6.95,3.55
40874,-13.56,14.64,16.1,40874,-2.6,6.37,3.85
40884,-13.33,12.83,19.81,40884,-4.2,5.39,4.18
40894,-13.12,8.68,20.97,40894,-6.15,4.51,4.44
40904,-12.15,4.63,24.21,40904,-8.21,3.47,4.57
40914,-11.76,3.06,23.09,40914,-8.73,2.23,4.61
40924,-11.31,4.25,19.2,40924,-8.72,1.06,4.79
40934,-12.41,5,21.44,40934,-7.41,-0.05,5.19
40944,-15.1,-0.52,24.44,40944,-5.91,-1.43,5.69
40954,-17.13,-11.82,25.76,40954,-5.16,-2.71,5.8
40964,-20,-24.94,24.74,40964,-4.5,-3.98,5.37
40974,-21.54,-38.36,24.04,40974,-3.85,-5.26,4.37
40984,-22.81,-39.23,17.81,40984,-2.89,-6.55,2.87
40994,-24.83,-39.23,9.32,40994,-1.7,-7.53,0.76
41004,-28.6,-39.23,1.35,41004,-0.64,-8.29,-1.7
41014,-32.2,-39.23,-11.56,41014,0.27,-8.73,-3.63
41024,-32.7,-32.94,-27.77,41024,0.62,-8.73,-4.71
41034,-30.59,-22.73,-39.23,41034,-0.08,-8.21,-5.25
41044,-26.58,-17.95,-39.23,41044,-1.16,-6.98,-5.51
41054,-20.96,-17.76,-39.23,41054,-2.35,-4.79,-5.74
41064,-17.04,-22.05,-39.23,41064,-2.84,-2.57,-6.12
41074,-15.53,-22.59,-39.23,41074,-2.56,-0.9,-6.73
41084,-15.93,-17.65,-39.23,41084,-1.75,-0.05,-7.36
41094,-16.25,-12.71,-33.18,41094,-0.76,0.24,-7.92
41104,-16.05,-4.36,-32.56,41104,0.35,0.2,-8.48
41114,-14.82,9.77,-39.23,41114,1.37,0.28,-8.71
41124,-11.54,26.14,-39.23,41124,2.13,0.91,-8.39
41134,-7.78,39.23,-39.23,41134,2.28,2.27,-7.42
41144,-5.66,39.23,-39.23,41144,1.75,4.06,-5.87
41154,-4.94,39.23,-39.23,41154,0.88,5.58,-4.07
41164,-5.92,39.23,-29.28,41164,0.2,6.39,-2.27
41174,-6.65,39.23,-18.53,41174,-0.22,6.58,-1.03
41184,-7.13,37.31,-6.57,41184,-0.45,6.49,-0.05
41194,-7.21,36.72,4.7,41194,-0.7,5.92,0.87
41204,-6.69,34.63,8.49,41204,-0.94,5.04,1.84
41214,-6.28,29.03,7.02,41214,-0.76,4.28,2.73
41224,-6.4,23.69,4.96,41224,-0.46,3.72,3.38
41234,-6.96,19.57,3.2,41234,-0.38,3.37,3.85
41244,-7.7,17.52,2.42,41244,-0.66,3.17,4.2
41254,-8.7,16.68,2.29,41254,-1.33,3.06,4.52
41264,-9.88,14.49,1.7,41264,-2.43,2.99,4.85
41274,-11.14,10.94,1.6,41274,-3.91,2.96,5.12
41284,-12.44,7.84,4.86,41284,-5.32,2.82,5.28
41294,-13.04,5.37,10.97,41294,-6.31,2.37,5.39
41304,-13.2,3.57,14.1,41304,-6.6,1.51,5.53
41314,-13.81,0.52,12.82,41314,-6.19,0.56,5.69
41324,-14.54,-5.86,12.1,41324,-5.44,-0.28,5.73
41334,-15.16,-12.86,17.27,41334,-4.85,-1.17,5.49
41344,-16.35,-19.97,20.58,41344,-4.68,-2.37,4.93
41354,-17.71,-26.35,16.11,41354,-4.31,-3.62,4.14
41364,-18.89,-34.42,10.43,41364,-3.54,-4.68,3.21
41374,-20.01,-39.23,4.9,41374,-2.34,-5.7,1.85
41384,-21.38,-39.23,-2.75,41384,-1.16,-6.42,0.19
41394,-22.72,-39.23,-11.9,41394,-0.11,-6.85,-1.52
41404,-23.06,-39.23,-21.28,41404,0.63,-6.89,-2.87
41414,-22.74,-38.31,-28.03,41414,0.83,-6.6,-3.93
41424,-21.65,-32.97,-34.68,41424,0.36,-6.07,-4.79
41434,-20.42,-30.24,-39.23,41434,-0.61,-5.2,-5.58
41444,-19.9,-29.66,-39.23,41444,-1.53,-4.13,-6.39
41454,-20.84,-29.53,-39.23,41454,-1.94,-3.14,-7.34
41464,-20.9,-22.13,-39.23,41464,-1.22,-2.41,-8.29
41474,-20.84,-9.06,-39.23,41474,0.08,-1.92,-8.73
41484,-19.37,1.43,-39.23,41484,1.19,-1.39,-8.73
41494,-16.59,12.12,-39.23,41494,1.69,-0.79,-8.73
41504,-12.38,25.92,-39.23,41504,1.83,0.1,-8.45
41514,-7.83,39.23,-39.23,41514,1.8,1.58,-7.42
41524,-4.64,39.23,-39.23,41524,1.59,3.43,-5.89
41534,-4.71,39.23,-39.23,41534,1.22,5.14,-4.16
41544,-5.32,39.23,-39.23,41544,0.93,6.3,-2.59
41554,-7.04,39.23,-24.21,41554,0.83,6.78,-1.2
41564,-7.46,38.57,-11.12,41564,0.57,6.69,-0.04
41574,-7.63,32.38,3.93,41574,0.13,6.28,0.83
41584,-6.52,26.92,16.31,41584,-0.47,5.19,1.52
41594,-4.54,19.78,13.28,41594,-0.57,3.79,2.17
41604,-3.68,13.75,6.45,41604,-0.24,3.04,2.56
41614,-3.09,9.38,4.23,41614,-0.16,2.58,2.78
41624,-2.84,5.96,0.82,41624,-0.52,2.32,2.87
41634,-2.58,3.01,-1.52,41634,-1.07,2.24,2.89
41644,-2.63,0.19,-2.82,41644,-1.68,2.27,2.83
41654,-2.67,-2.52,-1,41654,-2.34,2.33,2.7
41664,-2.59,-3.45,3.74,41664,-2.72,2.17,2.56
41674,-2.12,-3.93,6.27,41674,-2.6,1.7,2.46
41684,-1.78,-5.94,5.46,41684,-2.18,1.2,2.34
41694,-1.22,-7.54,7.42,41694,-1.94,0.73,2.11
41704,-0.8,-9.43,7.23,41704,-1.67,0.05,1.85
41714,-0.08,-11.66,4.03,41714,-1.32,-0.47,1.54
41724,0.28,-13.76,1.34,41724,-0.89,-0.84,1.16
41734,0.78,-14.31,-1.05,41734,-0.61,-1.1,0.71
41744,1.12,-11.79,-4.01,41744,-0.37,-1.24,0.31
41754,1.36,-7.56,-5.6,41754,-0.1,-1.26,0.12
41764,1.71,-5.19,-5.87,41764,-0.06,-1.27,0.11
41774,1.97,-4.44,-6.92,41774,-0.14,-1.3,0.15
41784,2.37,-5.26,-8.61,41784,-0.21,-1.28,0.18
41794,2.73,-7.41,-10.54,41794,-0.32,-1.2,0.11
41804,3.37,-9.74,-12.7,41804,-0.43,-1.07,-0.1
41814,3.83,-9.16,-14.4,41814,-0.41,-0.83,-0.44
41824,4.01,-5.54,-13.82,41824,-0.22,-0.63,-0.65
41834,4.32,-1.83,-11.97,41834,0.09,-0.58,-0.69
41844,4.62,1.27,-12.25,41844,0.36,-0.59,-0.58
41854,5.13,3.57,-13.52,41854,0.45,-0.55,-0.39
41864,5.49,3.86,-14.64,41864,0.38,-0.42,-0.15
41874,5.63,2.58,-14.71,41874,0.21,-0.25,0.05
41884,5.47,0.37,-14.43,41884,0,-0.07,0.17
41894,5.25,-2.38,-13,41894,-0.07,0.07,0.17
41904,5.05,-4.29,-11.21,41904,-0.11,0.15,0.04
41914,4.82,-4.41,-9.96,41914,-0.17,0.15,-0.16
41924,4.77,-3.25,-9.25,41924,-0.15,0.13,-0.31
41934,4.77,-1.27,-9.05,41934,-0.07,0.07,-0.39
41944,4.84,0.99,-9.21,41944,0.02,0.03,-0.37
41954,4.76,2.63,-10.01,41954,0.08,0.01,-0.26
41964,4.63,2.93,-10.43,41964,0.04,0.05,-0.1
41974,4.38,2.01,-10.31,41974,-0.03,0.07,0.06
41984,4.18,-0.04,-10.57,41984,-0.07,0.11,0.16
41994,3.92,-2.37,-9.88,41994,-0.11,0.14,0.14
42004,3.75,-3.29,-9.38,42004,-0.17,0.14,0.03
42014,3.73,-3.04,-8.83,42014,-0.2,0.12,-0.08
42024,3.78,-2.05,-8.41,42024,-0.17,0.08,-0.17
42034,3.74,-1.37,-8.17,42034,-0.16,0.04,-0.2
42044,3.87,-1.24,-8.17,42044,-0.2,-0.01,-0.22
42054,3.97,-0.76,-8.96,42054,-0.19,-0.04,-0.23
42064,4.03,-0.29,-9.34,42064,-0.16,-0.03,-0.22
42074,4.18,-0.16,-9.55,42074,-0.19,-0.02,-0.19
42084,4.17,-0.35,-9.95,42084,-0.21,-0.01,-0.18
42094,4.34,-0.45,-10.61,42094,-0.19,0,-0.19
42104,4.37,-0.51,-11.66,42104,-0.18,0.04,-0.22
42114,4.54,0.01,-12.74,42114,-0.15,0.11,-0.28
42124,4.99,1.17,-15.16,42124,-0.03,0.19,-0.33
42134,5.57,4.27,-20.18,42134,0.34,0.4,-0.33
42144,6.01,8.43,-25.24,42144,0.83,0.83,-0.21
42154,6.32,14.37,-27.98,42154,1.18,1.49,0.07
42164,5.91,20.99,-27.49,42164,1.11,2.28,0.6
42174,4.51,25.81,-23.68,42174,0.59,3.06,1.36
42184,2.47,26.46,-17.85,42184,-0.27,3.67,2.26
42194,0.06,22.49,-12.15,42194,-1.32,4.06,3.08
42204,-2.1,17.04,-7.3,42204,-2.3,4.24,3.68
42214,-4.21,12.21,-1.88,42214,-3.28,4.29,4.06
42224,-5.85,8.29,8.88,42224,-4.72,4.06,4.26
42234,-7.19,4.55,16.46,42234,-6.26,3.21,4.42
42244,-7.96,0.61,17.84,42244,-6.71,2.19,4.55
42254,-9.24,-4.79,19.34,42254,-6.17,1.2,4.64
42264,-11.66,-10.61,32.46,42264,-4.82,-0.04,4.62
42274,-14.53,-20.24,39.23,42274,-3.55,-2.01,4.37
42284,-18.19,-32,39.23,42284,-2.45,-4.23,3.63
42294,-22.09,-39.23,33.77,42294,-1.57,-6.28,2.47
42304,-25.19,-39.23,18.57,42304,-1.01,-7.8,0.91
42314,-28.52,-39.23,3.04,42314,-0.57,-8.68,-1.17
42324,-31.65,-39.23,-13.47,42324,-0.47,-8.73,-3.45
42334,-33.96,-39.23,-29.75,42334,-0.43,-8.65,-5.42
42344,-33.49,-25.93,-39.23,42344,-0.31,-7.78,-6.7
42354,-30.67,-13.7,-39.23,42354,-0.74,-6.77,-7.17
42364,-26.65,-11.47,-39.23,42364,-1.46,-5.59,-7.43
42374,-23.4,-11.81,-39.23,42374,-1.73,-4.38,-7.81
42384,-20.61,-7.38,-39.23,42384,-1.39,-3.23,-8.22
42394,-17.66,-0.44,-39.23,42394,-0.86,-2.13,-8.42
42404,-14.53,6.69,-39.23,42404,0.04,-1.1,-8.41
42414,-11.19,17.81,-39.23,42414,1.03,0.17,-8.17
42424,-8.73,29.04,-39.23,42424,1.36,1.61,-7.52
42434,-6.56,37.35,-39.23,42434,1.29,3.03,-6.52
42444,-5.27,39.23,-39.23,42444,1.34,4.47,-5.23
42454,-5.88,39.23,-39.23,42454,1.33,5.95,-3.64
42464,-7.42,39.23,-39.23,42464,1.39,6.99,-2.33
42474,-9.02,39.23,-28.88,42474,1.37,7.57,-1.25
42484,-10.52,38.98,-20.15,42484,0.95,7.87,-0.22
42494,-11.82,36.12,-12.59,42494,0.33,8,0.78
42504,-12.97,32.33,-6.12,42504,-0.21,7.94,1.69
42514,-13.66,28.44,-1.39,42514,-0.54,7.71,2.49
42524,-14.06,25.23,2.9,42524,-0.49,7.36,3.19
42534,-14.18,23.91,7.48,42534,-0.25,6.88,3.8
42544,-14.51,23.62,10.79,42544,-0.12,6.29,4.41
42554,-15.24,20.99,16.39,42554,-0.8,5.63,5
42564,-15.44,17.49,23.51,42564,-1.92,4.74,5.45
42574,-15.19,11.83,26.75,42574,-3.14,3.61,5.75
42584,-14.67,6.99,29.23,42584,-4.28,2.33,5.85
42594,-14.66,3.44,28.27,42594,-4.84,0.94,5.84
42604,-14.37,1.98,23.05,42604,-4.63,-0.36,5.84
42614,-14.7,-0.36,17.44,42614,-3.89,-1.35,5.89
42624,-15.61,-3.87,17.45,42624,-3.5,-2.12,5.85
42634,-17.01,-7.73,16.48,42634,-3.68,-2.91,5.67
42644,-18.28,-12.71,13.49,42644,-3.95,-3.6,5.39
42654,-20.11,-19.3,12.79,42654,-3.52,-4.27,5.04
42664,-21.46,-32.08,10.82,42664,-2.68,-5.2,4.35
42674,-22.09,-39.23,5.69,42674,-2.16,-5.87,3.16
42684,-22.94,-39.23,3.12,42684,-1.61,-6.48,1.5
42694,-24.31,-39.23,-4.1,42694,-0.91,-7.05,-0.38
42704,-25.98,-39.23,-12.66,42704,-0.35,-7.31,-2.23
42714,-26.88,-39.23,-22.4,42714,-0.42,-7.24,-3.83
42724,-26.86,-39.23,-30.52,42724,-0.93,-6.76,-5.19
42734,-26.64,-38.93,-35.94,42734,-1.39,-6.02,-6.44
42744,-25.97,-29.99,-39.23,42744,-1.41,-5.12,-7.51
42754,-24.55,-19.21,-39.23,42754,-1.47,-4.08,-8.21
42764,-22.72,-11.4,-39.23,42764,-1.69,-3.13,-8.58
42774,-20.83,-6.76,-38.5,42774,-1.69,-2.4,-8.73
42784,-19.42,-4.75,-39.23,42784,-1.11,-1.88,-8.73
42794,-17.54,4.85,-39.23,42794,0.12,-1.33,-8.73
42804,-14.45,24.74,-39.23,42804,1.26,-0.42,-8.73
42814,-9.43,39.23,-39.23,42814,1.52,1.06,-7.94
42824,-4.63,39.23,-39.23,42824,1.35,2.96,-6.23
42834,-3.72,39.23,-39.23,42834,0.92,4.86,-4.32
42844,-4.96,39.23,-39.23,42844,0.42,6.25,-2.54
42854,-6.81,37.51,-30.1,42854,0.11,6.91,-1.18
42864,-7.71,31.26,-21,42864,-0.01,7.09,-0.21
42874,-8.71,27.3,-15.4,42874,0,7.13,0.59
42884,-9.72,23.28,-10.13,42884,-0.07,7.12,1.3
42894,-10.05,20.47,-4.15,42894,-0.26,6.97,1.83
42904,-9.95,19.33,1.2,42904,-0.52,6.66,2.3
42914,-9.73,19.34,4.7,42914,-0.81,6.2,2.82
42924,-9.49,17.94,5.33,42924,-1.11,5.69,3.39
42934,-9.38,15.58,6.69,42934,-1.57,5.28,3.88
42944,-9.62,13.6,14.3,42944,-2.52,4.76,4.29
42954,-9.51,10.27,21.49,42954,-3.41,3.8,4.67
42964,-9.16,6.64,23.09,42964,-3.48,2.54,4.99
42974,-8.81,2.47,20.76,42974,-2.74,1.32,5.24
42984,-8.72,-2.99,16.61,42984,-1.61,0.19,5.36
42994,-8.23,-9.43,12.18,42994,-1.19,-0.52,5.21
43004,-7.08,-15.75,9.49,43004,-1.56,-0.98,4.73
43014,-5.8,-18.69,5.38,43014,-1.85,-1.32,4.1
43024,-5.1,-19.11,2.64,43024,-1.91,-1.5,3.49
43034,-4.93,-19.29,2.63,43034,-1.99,-1.63,2.96
43044,-5.07,-19.52,3.22,43044,-1.86,-1.92,2.5
43054,-4.89,-20.76,0.34,43054,-1.4,-2.24,2.1
43064,-4.37,-22.92,-2.63,43064,-0.81,-2.48,1.67
43074,-3.7,-25.54,-5.46,43074,-0.31,-2.64,1.16
43084,-2.86,-27.39,-8.42,43084,-0.1,-2.69,0.52
43094,-1.9,-27.62,-11.87,43094,-0.07,-2.67,-0.28
43104,-0.72,-26.4,-15.8,43104,-0.12,-2.5,-1.01
43114,0.6,-22.8,-18.98,43114,-0.18,-2.21,-1.7
43124,1.71,-15.6,-21.07,43124,-0.28,-1.82,-2.2
43134,3.14,-7.67,-21.55,43134,-0.33,-1.38,-2.39
43144,4.39,-0.23,-21.55,43144,-0.39,-0.95,-2.29
43154,5.46,5.19,-20.19,43154,-0.49,-0.56,-1.94
43164,6.23,6.63,-18.33,43164,-0.7,-0.25,-1.44
43174,6.88,3.65,-16.41,43174,-0.78,-0.05,-1
43184,6.89,-0.63,-14.93,43184,-0.75,0.09,-0.8
43194,6.74,-3.35,-13.29,43194,-0.67,0.14,-0.79
43204,6.35,-4.35,-12.62,43204,-0.48,0.17,-0.89
43214,6.04,-3.44,-11.25,43214,-0.26,0.16,-0.99
43224,5.73,-0.97,-11.44,43224,-0.13,0.15,-1.03
43234,5.66,1.72,-11.88,43234,-0.12,0.2,-0.94
43244,5.49,3.82,-11.8,43244,-0.16,0.3,-0.73
43254,5.22,4.26,-11.17,43254,-0.34,0.41,-0.45
43264,4.8,3.04,-10.25,43264,-0.66,0.5,-0.19
43274,4.35,0.68,-9.69,43274,-0.85,0.56,0.01
43284,3.79,-2.93,-8.14,43284,-0.85,0.57,0.09
43294,3.48,-6.16,-6.57,43294,-0.77,0.5,-0.01
43304,3.21,-7.47,-5.37,43304,-0.64,0.37,-0.21
43314,3.19,-7.04,-4.91,43314,-0.46,0.17,-0.47
43324,3.43,-4.78,-5.93,43324,-0.3,0,-0.64
43334,3.75,-2.24,-7.84,43334,-0.18,-0.09,-0.69
43344,4.24,0.43,-9.42,43344,-0.13,-0.08,-0.62
43354,4.5,2.24,-10.58,43354,-0.16,-0.01,-0.44
43364,4.64,2.13,-9.98,43364,-0.21,0.1,-0.22
43374,4.52,0.4,-9.15,43374,-0.32,0.15,-0.04
43384,4.47,-2.27,-8.48,43384,-0.44,0.17,0.01
43394,4.49,-3.84,-8.1,43394,-0.49,0.15,-0.06
43404,4.51,-3.77,-8.02,43404,-0.43,0.1,-0.17
43414,4.64,-2.8,-8.14,43414,-0.3,0.06,-0.26
43424,4.65,-1.51,-7.5,43424,-0.17,0,-0.28
43434,4.77,-0.33,-7.56,43434,-0.05,-0.09,-0.24
43444,4.94,0.33,-8.79,43444,0,-0.14,-0.15
43454,5.02,0.41,-9.9,43454,-0.02,-0.12,-0.04
43464,5.04,-0.03,-11.01,43464,-0.1,-0.04,0.06
43474,4.96,-1.21,-10.72,43474,-0.2,0.06,0.13
43484,4.79,-2.64,-9.99,43484,-0.3,0.13,0.13
43494,4.71,-3.74,-9.11,43494,-0.31,0.14,0.07
43504,4.65,-3.51,-8.97,43504,-0.28,0.12,-0.02
43514,4.64,-3.04,-9.46,43514,-0.24,0.1,-0.09
43524,4.67,-2.76,-9.79,43524,-0.16,0.12,-0.14
43534,4.65,-1.69,-9.25,43534,-0.15,0.14,-0.18
43544,4.68,0.03,-9.77,43544,-0.18,0.12,-0.16
43554,4.8,0.63,-11.46,43554,-0.23,0.16,-0.1
43564,4.9,1.34,-12.65,43564,-0.29,0.27,-0.05
43574,5.12,3.15,-13.65,43574,-0.37,0.41,0
43584,5.47,5.63,-15.34,43584,-0.41,0.62,0.11
43594,5.74,8.98,-16.71,43594,-0.48,0.91,0.3
43604,5.71,12.46,-17.11,43604,-0.7,1.29,0.6
43614,4.74,15.32,-15.39,43614,-1.19,1.74,1.01
43624,3.62,15.93,-8.29,43624,-1.32,2.1,1.54
43634,2.29,17.96,-6.53,43634,-2.76,2.23,2.07
43644,0.33,18.27,-4.7,43644,-3.74,2.37,2.71
43654,-1.96,15.17,-0.31,43654,-4.56,2.4,3.39
43664,-4.23,9.11,4.12,43664,-5.33,2.19,3.92
43674,-5.16,0.29,6.67,43674,-5.85,1.8,4.19
43684,-6.03,-7.24,9.09,43684,-5.83,1.31,4.16
43694,-7.31,-12.87,14.28,43694,-5.15,0.65,3.96
43704,-8.51,-19.16,21.93,43704,-4.29,-0.34,3.62
43714,-10.13,-28.65,27.31,43714,-3.4,-1.72,3.01
43724,-11.82,-39.12,28,43724,-2.53,-3.32,1.96
43734,-15.1,-39.23,23.09,43734,-1.52,-5.11,0.36
43744,-19.76,-39.23,16.15,43744,-0.65,-6.54,-1.35
43754,-26.08,-39.23,6.68,43754,-0.06,-7.79,-3.21
43764,-32.41,-39.23,-6.96,43764,0.41,-8.71,-5.07
43774,-38.75,-39.23,-25.85,43774,0.8,-8.73,-6.85
43784,-39.23,-36.06,-39.23,43784,1,-8.73,-8.27
43794,-39.23,-24.33,-39.23,43794,0.53,-7.69,-8.73
43804,-36.96,-8.23,-39.23,43804,-0.17,-6.09,-8.73
43814,-28.91,10.2,-39.23,43814,-0.42,-4.19,-8.73
43824,-21.51,25.29,-39.23,43824,-0.73,-2.18,-8.73
43834,-14.05,31.46,-39.23,43834,-0.83,-0.48,-8.15
43844,-9.84,29.83,-39.23,43844,-0.33,0.96,-6.96
43854,-7.36,27.7,-39.23,43854,0.5,1.73,-6.24
43864,-6.08,31.39,-39.23,43864,1.39,2.26,-5.68
43874,-4.77,39.08,-39.23,43874,2.01,3.16,-4.91
43884,-4.53,39.23,-39.23,43884,2.15,4.55,-3.86
43894,-6.76,39.23,-39.23,43894,1.79,6.2,-2.61
43904,-11.09,39.23,-39.23,43904,1.28,7.81,-1.25
43914,-15.66,39.23,-34.09,43914,0.82,8.73,-0.02
43924,-19.05,36.3,-18.59,43924,0.36,8.73,1.04
43934,-20.71,32.06,-5.45,43934,-0.1,8.73,1.94
43944,-21.2,28.11,2.44,43944,-0.76,8.73,2.71
43954,-20.65,25.06,7.52,43954,-1.26,8.2,3.47
43964,-20.43,21.85,11.74,43964,-1.63,7.55,4.13
43974,-20.09,16.97,14.83,43974,-2.01,6.83,4.69
43984,-19.37,11.17,19.52,43984,-2.32,6.07,5.09
43994,-18.22,5.92,27.49,43994,-3.08,5.1,5.26
44004,-16.65,1.24,31.64,44004,-3.91,3.82,5.25
44014,-15.63,-1.44,34.28,44014,-4.68,2.49,5.08
44024,-14.94,-1.16,37.73,44024,-4.7,0.98,5.02
44034,-15.6,-1.38,36.82,44034,-3.96,-0.62,5.11
44044,-17.11,-3.55,34.37,44044,-3.11,-2.06,5.26
44054,-18.73,-11.69,28.43,44054,-2.78,-3.38,5.28
44064,-19.32,-21.8,22.3,44064,-2.78,-4.29,4.91
44074,-20.3,-28.51,16.94,44074,-2.44,-5.05,4.19
44084,-20.85,-33.78,10.83,44084,-2.45,-5.61,3.23
44094,-20.77,-38.67,5.77,44094,-2.5,-6.06,2.1
44104,-20.75,-39.23,-0.32,44104,-2.29,-6.4,0.81
44114,-21.5,-39.23,-3.71,44114,-1.65,-6.65,-0.6
44124,-22.82,-39.23,-5.05,44124,-0.78,-7,-1.97
44134,-24.97,-38.7,-9,44134,0.09,-7.42,-3.12
44144,-26.69,-32.95,-15.77,44144,0.83,-7.8,-3.98
44154,-26.45,-27.99,-27.81,44154,0.82,-7.93,-4.65
44164,-23.63,-23.63,-39.23,44164,0.32,-7.35,-5.27
44174,-19.42,-22.09,-39.23,44174,-0.39,-6.03,-5.82
44184,-16.36,-22.39,-39.23,44184,-1.24,-4.28,-6.55
44194,-15.88,-20.69,-39.23,44194,-1.91,-2.67,-7.44
44204,-16.41,-11.74,-39.23,44204,-1.74,-1.61,-8.27
44214,-14.58,7.6,-39.23,44214,-0.34,-1.1,-8.57
44224,-11.12,27.62,-39.23,44224,1.1,-0.58,-7.95
44234,-6.77,38.69,-39.23,44234,1.43,0.4,-6.68
44244,-2.2,39.23,-39.23,44244,1.26,1.74,-5.23
44254,-0.79,38.34,-39.23,44254,1.3,3.31,-3.93
44264,-2.17,36.12,-39.23,44264,1.09,4.94,-2.76
44274,-5.49,33.13,-39.23,44274,0.63,6.43,-1.68
44284,-8.75,31.46,-36.93,44284,0.24,7.37,-0.77
44294,-11.54,29.06,-25.06,44294,-0.25,7.93,0.09
44304,-13.64,24.29,-15.91,44304,-0.79,8.16,0.85
44314,-14.71,19.06,-8.02,44314,-1.06,8.13,1.42
44324,-15.34,15.03,-0.89,44324,-1.17,7.88,1.82
44334,-15.38,13.17,10.35,44334,-1.57,7.47,2.08
44344,-13.59,14.29,22.62,44344,-2.07,6.48,2.41
44354,-11.47,14.82,23.47,44354,-2.18,5.16,2.91
44364,-10.37,13.63,17.65,44364,-1.81,4.1,3.47
44374,-10.18,10.96,16.42,44374,-1.7,3.33,4.01
44384,-9.86,8.49,17.18,44384,-2.04,2.62,4.35
44394,-9.9,5.4,14.58,44394,-2.4,1.97,4.61
44404,-9.62,0.61,12.88,44404,-2.62,1.47,4.78
44414,-9.08,-4.7,14.33,44414,-2.56,0.93,4.81
44424,-8.36,-10.96,15.48,44424,-2.31,0.31,4.63
44434,-7.59,-15.65,15.67,44434,-2.25,-0.33,4.19
44444,-6.9,-16.34,15.63,44444,-2.3,-1.01,3.64
44454,-6.58,-14.17,13.42,44454,-2.19,-1.73,3.19
44464,-6.28,-11.33,8.82,44464,-1.77,-2.4,2.94
44474,-6.01,-10.47,3.07,44474,-1.42,-2.85,2.83
44484,-5.54,-12.64,-1.84,44484,-1.33,-3.09,2.73
44494,-4.78,-16.67,-5.71,44494,-1.23,-3.2,2.55
44504,-3.91,-21.97,-8.6,44504,-1.15,-3.19,2.17
44514,-2.7,-27.3,-10.77,44514,-1.24,-3.14,1.54
44524,-1.58,-30.74,-12.77,44524,-1.38,-3.06,0.66
44534,-0.67,-31.19,-14.89,44534,-1.31,-2.96,-0.3
44544,-0.32,-28.1,-15.34,44544,-1.1,-2.89,-1.22
44554,0.05,-21.21,-17.81,44554,-0.67,-2.88,-1.93
44564,1.37,-11.63,-23.75,44564,-0.24,-2.74,-2.29
44574,2.67,-2.67,-29.09,44574,-0.1,-2.31,-2.24
44584,4.13,1.87,-32.17,44584,-0.31,-1.6,-1.86
44594,5.03,0.06,-31.19,44594,-0.73,-0.87,-1.52
44604,5.32,-4.41,-28.24,44604,-1.27,-0.24,-1.41
44614,5.03,-8.24,-25.22,44614,-1.63,0.26,-1.54
44624,4.49,-10.83,-20.96,44624,-1.69,0.61,-1.86
44634,3.98,-10.76,-15.44,44634,-1.52,0.76,-2.27
44644,3.73,-6.17,-12.23,44644,-1.14,0.68,-2.62
44654,4,1.33,-12.93,44654,-0.84,0.59,-2.7
44664,4.43,7.67,-14.08,44664,-0.67,0.62,-2.44
44674,5.06,11.63,-15.02,44674,-0.79,0.77,-1.95
44684,5.14,11.61,-14.13,44684,-1.06,0.98,-1.37
44694,4.92,8.13,-12.59,44694,-1.4,1.15,-0.84
44704,4.4,3.99,-11.55,44704,-1.58,1.28,-0.56
44714,3.99,-0.22,-9.36,44714,-1.57,1.33,-0.47
44724,3.65,-2.72,-7.33,44724,-1.44,1.27,-0.53
44734,3.36,-3.83,-5.65,44734,-1.22,1.14,-0.69
44744,3.4,-3.3,-4.35,44744,-0.94,0.95,-0.84
44754,3.4,-1.86,-4.01,44754,-0.73,0.72,-0.94
44764,3.57,0.03,-4.78,44764,-0.52,0.52,-0.97
44774,3.99,3.2,-7.1,44774,-0.31,0.38,-0.88
44784,4.24,5.52,-9.32,44784,-0.19,0.38,-0.65
44794,4.33,6.09,-10.09,44794,-0.29,0.45,-0.35
44804,4.34,2.99,-10.26,44804,-0.55,0.55,-0.1
44814,4.19,-0.67,-9.51,44814,-0.78,0.63,-0.06
44824,4.32,-3.15,-8.67,44824,-0.85,0.66,-0.17
44834,4.25,-3.45,-7.88,44834,-0.86,0.65,-0.33
44844,4.24,-3.73,-6.55,44844,-0.76,0.6,-0.49
44854,4.3,-2.98,-5.2,44854,-0.64,0.47,-0.65
44864,4.35,-1.04,-4.95,44864,-0.46,0.28,-0.73
44874,4.47,0.19,-5.94,44874,-0.3,0.1,-0.73
44884,4.68,0.25,-7.59,44884,-0.22,-0.01,-0.7
44894,4.86,0.03,-9.61,44894,-0.24,-0.04,-0.7
44904,4.95,1.11,-12.09,44904,-0.3,0.05,-0.69
44914,5.22,2.03,-13.4,44914,-0.38,0.21,-0.63
44924,5.07,2.54,-14.28,44924,-0.51,0.42,-0.56
44934,5.2,1.85,-14.05,44934,-0.69,0.67,-0.49
44944,5.02,0.82,-12.34,44944,-0.87,0.87,-0.52
44954,5.04,1.07,-11.13,44954,-1.02,0.98,-0.61
44964,5.23,3,-11.12,44964,-1.07,1.07,-0.7
44974,5.22,7.07,-10.35,44974,-0.93,1.19,-0.71
44984,5.8,12.08,-6.82,44984,-0.93,1.27,-0.57
44994,4.64,19.43,-2.34,44994,-0.96,1.12,-0.16
45004,4.3,23.56,0.46,45004,-0.94,0.94,0.58
45014,2.86,23.11,3.51,45014,-1.03,0.64,1.52
45024,1.5,18.23,5.21,45024,-1.2,0.35,2.24
45034,0.66,13.55,6.2,45034,-1.47,0.04,2.74
45044,-1.22,9.07,6.75,45044,-1.78,-0.22,3.06
45054,-2.83,5.09,8.33,45054,-2.22,-0.48,3.26
45064,-4.42,-0.14,12.68,45064,-2.57,-0.84,3.36
45074,-6.33,-7.05,17.34,45074,-2.51,-1.48,3.3
45084,-8.04,-13.59,20.17,45084,-2.16,-2.33,3.04
45094,-9.61,-21.7,20.37,45094,-1.89,-3.32,2.52
45104,-10.56,-29.78,14.56,45104,-1.65,-4.28,1.68
45114,-11.12,-35.51,5.94,45114,-1.32,-4.94,0.55
45124,-11.78,-34.73,-3,45124,-0.85,-5.3,-0.77
45134,-12.55,-29.54,-7.28,45134,-0.27,-5.44,-1.71
45144,-13.92,-25.59,-10.04,45144,0.26,-5.6,-2.32
45154,-15.21,-24.97,-13.37,45154,0.58,-5.83,-2.78
45164,-16.43,-27.67,-23.1,45164,0.67,-5.97,-3.29
45174,-16.8,-30.13,-36.88,45174,0.66,-5.7,-3.99
45184,-16.41,-30.69,-39.23,45184,0.46,-4.92,-4.85
45194,-16.08,-28.09,-39.23,45194,0.09,-3.75,-5.82
45204,-15.92,-19.71,-39.23,45204,-0.14,-2.53,-6.75
45214,-15.37,-7.33,-39.23,45214,-0.08,-1.42,-7.33
45224,-13.53,5.39,-39.23,45224,0.21,-0.45,-7.51
45234,-10.56,18.39,-39.23,45234,0.44,0.66,-7.25
45244,-8.36,24.09,-39.23,45244,0.72,1.74,-6.7
45254,-6.85,28.25,-39.23,45254,0.57,2.73,-6.17
45264,-7.14,32.61,-39.23,45264,0.46,3.75,-5.63
45274,-7.04,38.68,-39.23,45274,0.38,4.58,-5
45284,-6.81,39.23,-31.35,45284,0.29,5.01,-4.12
45294,-6.46,39.23,-26.09,45294,0.26,5.33,-2.83
45304,-6.55,39.23,-20.08,45304,0.17,5.59,-1.29
45314,-7.93,39.23,-13.37,45314,-0.06,5.76,0.22
45324,-9.82,39.23,-4.9,45324,-0.33,5.73,1.47
45334,-11.91,32.46,1.46,45334,-0.64,5.43,2.45
45344,-12.79,26.22,6.63,45344,-0.81,5,3.05
45354,-13.29,21.39,8.9,45354,-0.81,4.46,3.43
45364,-13.45,19.19,11.31,45364,-0.88,3.92,3.7
45374,-13.26,18.07,13.07,45374,-1.05,3.32,3.95
45384,-12.97,17.32,13.03,45384,-1.25,2.74,4.24
45394,-12.86,16.89,12.22,45394,-1.52,2.21,4.59
45404,-13.09,14.52,11.37,45404,-1.97,1.75,4.96
45414,-13.24,9.97,11.52,45414,-2.48,1.31,5.25
45424,-13.36,4.87,11.38,45424,-2.95,0.85,5.38
45434,-12.88,-1.03,13.24,45434,-3.4,0.35,5.35
45444,-11.9,-8.09,14.73,45444,-3.67,-0.37,5.08
45454,-11.11,-12.62,14.97,45454,-3.65,-1.05,4.65
45464,-11.03,-15.99,16.69,45464,-3.43,-1.79,4.14
45474,-11.2,-17.54,17.21,45474,-3.03,-2.61,3.63
45484,-12.42,-18.27,14.98,45484,-2.38,-3.47,3.24
45494,-13.76,-21.53,11.04,45494,-1.69,-4.29,2.95
45504,-14.76,-27.01,1.51,45504,-1.26,-4.88,2.57
45514,-14.84,-33.39,-10.02,45514,-1.3,-5.02,2.03
45524,-13.98,-39.23,-19.17,45524,-1.56,-4.74,1.24
45534,-13.13,-39.23,-21.62,45534,-1.57,-4.28,0.19
45544,-12.76,-39.23,-20.23,45544,-1.26,-3.93,-1.16
45554,-12.91,-39.23,-18.02,45554,-0.8,-3.83,-2.4
45564,-12.98,-39.23,-18.52,45564,-0.26,-3.92,-3.56
45574,-12.88,-35.55,-23.9,45574,0.11,-3.96,-4.53
45584,-12.25,-28.11,-31.11,45584,0.31,-3.76,-5.33
45594,-11.3,-19.29,-36.62,45594,0.39,-3.27,-5.94
45604,-10.22,-8.9,-39.23,45604,0.53,-2.66,-6.25
45614,-9.18,0.44,-39.23,45614,0.61,-1.97,-6.24
45624,-8.26,4.27,-39.23,45624,0.34,-1.28,-6.1
45634,-7.39,6.33,-39.23,45634,-0.03,-0.66,-6.09
45644,-6.35,10.83,-39.23,45644,-0.02,-0.07,-6.12
45654,-5.03,19.43,-39.23,45654,0.5,0.57,-6
45664,-3.53,29.57,-39.23,45664,1.04,1.08,-5.63
45674,-1.73,39.23,-39.23,45674,1.48,1.64,-4.88
45684,-0.16,39.23,-39.23,45684,1.73,2.4,-3.84
45694,0.27,39.23,-39.23,45694,1.75,3.32,-2.71
45704,-0.79,39.23,-39.23,45704,1.53,4.19,-1.49
45714,-2.97,39.23,-39.23,45714,1.21,5.08,-0.28
45724,-6.33,34.28,-34.66,45724,1,5.86,0.7
45734,-10.09,26.62,-26.44,45734,0.89,6.45,1.35
45744,-13.59,20.53,-13.12,45744,0.45,6.79,1.73
45754,-14.53,17.37,4.55,45754,-0.64,6.55,1.95
45764,-13.22,14.54,11.31,45764,-1.28,5.52,2.26
45774,-11.83,12.28,5.84,45774,-1.02,4.7,2.55
45784,-11.65,9.73,2.28,45784,-0.73,4.27,2.74
45794,-11.06,7.66,3.69,45794,-0.94,4.02,2.83
45804,-10.73,7.37,6.46,45804,-1.26,3.7,2.9
45814,-10.27,7.57,9.71,45814,-1.38,3.3,3.07
45824,-9.59,5,14.23,45824,-1.46,2.76,3.26
45834,-8.59,1.02,15.71,45834,-1.59,2.06,3.35
45844,-7.13,-3.28,14.54,45844,-1.78,1.43,3.32
45854,-5.63,-8.24,13.97,45854,-1.98,0.9,3.15
45864,-4.22,-12.05,14.57,45864,-2.07,0.3,2.8
45874,-3.27,-13.66,16.07,45874,-1.93,-0.3,2.44
45884,-2.23,-13.88,15.87,45884,-1.71,-0.97,2.06
45894,-1.21,-12.3,12.54,45894,-1.34,-1.65,1.77
45904,0,-10.21,6.22,45904,-1.01,-2.12,1.64
45914,0.86,-10.42,0.99,45914,-0.94,-2.34,1.6
45924,1.38,-12.12,-3.05,45924,-0.98,-2.42,1.51
45934,1.45,-14.36,-6.49,45934,-0.87,-2.44,1.37
45944,1.56,-16.71,-8.87,45944,-0.68,-2.48,1.13
45954,1.9,-19.34,-13,45954,-0.42,-2.49,0.78
45964,2.76,-21.07,-17.45,45964,-0.14,-2.38,0.31
45974,3.99,-19.01,-22.18,45974,0.1,-2.08,-0.29
45984,4.91,-13.79,-24.72,45984,0.25,-1.69,-0.7
45994,5.74,-8.46,-24.91,45994,0.23,-1.23,-0.91
46004,6.57,-4.78,-23.66,46004,0.16,-0.83,-0.96
46014,7.08,-1.88,-22.19,46014,0.1,-0.48,-0.92
46024,7.28,-0.21,-19.71,46024,0.01,-0.21,-0.8
46034,7.23,-0.12,-18.38,46034,-0.05,-0.02,-0.67
46044,6.95,-1.18,-17.8,46044,-0.07,0.15,-0.61
46054,6.61,-1.92,-17.32,46054,-0.14,0.33,-0.64
46064,6.14,-1.55,-15.13,46064,-0.17,0.48,-0.69
46074,5.75,-0.4,-13.66,46074,-0.18,0.6,-0.73
46084,5.35,1.16,-10.78,46084,-0.17,0.67,-0.71
46094,5.01,2.18,-8.5,46094,-0.19,0.64,-0.63
46104,4.79,2.98,-7.04,46104,-0.07,0.53,-0.5
46114,4.64,3,-7.37,46114,0.01,0.4,-0.35
46124,4.55,1.62,-8.3,46124,0.01,0.34,-0.23
46134,4.32,-0.13,-9.37,46134,-0.03,0.34,-0.2
46144,4.09,-0.87,-8.86,46144,-0.09,0.37,-0.23
46154,3.9,-0.89,-8.3,46154,-0.24,0.37,-0.29
46164,3.79,-0.63,-7.67,46164,-0.27,0.35,-0.33
46174,3.73,-0.77,-7.02,46174,-0.18,0.28,-0.35
46184,3.8,-0.35,-6.5,46184,-0.09,0.18,-0.37
46194,3.96,0.67,-7.39,46194,-0.11,0.1,-0.35
46204,4.13,1.63,-8,46204,-0.15,0.07,-0.27
46214,4.24,0.93,-8.82,46214,-0.19,0.07,-0.18
46224,4.35,-0.23,-9.15,46224,-0.24,0.1,-0.15
46234,4.24,-0.66,-8.63,46234,-0.28,0.12,-0.16
46244,4.29,-0.57,-8.59,46244,-0.38,0.11,-0.18
46254,4.49,-0.76,-8.84,46254,-0.44,0.12,-0.22
46264,4.66,-0.64,-8.61,46264,-0.43,0.12,-0.26
46274,4.71,0.19,-8.1,46274,-0.34,0.1,-0.27
46284,4.72,1.21,-7.03,46284,-0.19,0.03,-0.23
46294,4.77,1.06,-7.1,46294,-0.18,-0.07,-0.16
46304,4.84,0.42,-8.49,46304,-0.2,-0.12,-0.11
46314,4.85,-0.19,-9.75,46314,-0.22,-0.1,-0.1
46324,4.8,-0.84,-10.38,46324,-0.32,-0.03,-0.13
46334,4.85,-0.11,-10.82,46334,-0.45,0.05,-0.18
46344,4.79,1.52,-11.71,46344,-0.59,0.15,-0.2
46354,4.91,2.84,-13.37,46354,-0.69,0.3,-0.16
46364,4.87,4.43,-13.91,46364,-0.78,0.54,-0.1
46374,4.41,6.87,-10.88,46374,-1.1,0.8,0
46384,0.32,5.35,-4.19,46384,-2.14,0.95,0.13
46394,5.02,11.4,-1.24,46394,-2.77,0.59,0.31
46404,3.54,12.68,-5.36,46404,-2.87,0.41,0.69
46414,3.46,14.44,-7.51,46414,-3.05,0.51,1.13
46424,2.22,13.77,-3.99,46424,-3.25,0.65,1.65
46434,1.24,9.28,2.2,46434,-3.49,0.57,2.08
46444,0.28,4.68,7.78,46444,-3.56,0.24,2.27
46454,-0.65,1.68,11.72,46454,-3.55,-0.29,2.3
46464,-1.32,-1.59,12.71,46464,-3.63,-0.89,2.25
46474,-2.07,-4.55,11.73,46474,-3.83,-1.44,2.09
46484,-2.69,-7.89,10.41,46484,-4.07,-1.9,1.85
46494,-3.49,-11.32,10.89,46494,-4.1,-2.35,1.53
46504,-5.54,-18.05,12.65,46504,-3.57,-3.03,1.07
46514,-7.6,-26.93,14.56,46514,-2.57,-3.86,0.4
46524,-10.51,-34.04,12.79,46524,-1.28,-4.86,-0.57
46534,-13.62,-36.16,6.13,46534,-0.12,-5.79,-1.71
46544,-16.22,-32.81,-4.99,46544,0.92,-6.48,-2.79
46554,-17.91,-25.94,-19.22,46554,1.56,-6.78,-3.61
46564,-18.5,-18.73,-33.06,46564,1.78,-6.59,-4.13
46574,-17.74,-10.59,-39.23,46574,1.15,-5.94,-4.39
46584,-15.13,-8.05,-39.23,46584,-0.04,-4.67,-4.46
46594,-14.65,-7.76,-39.23,46594,-0.52,-3.08,-4.55
46604,-13.69,-10.89,-39.23,46604,-0.46,-1.27,-4.68
46614,-13.6,-18.06,-39.23,46614,-0.42,0.38,-5.27
46624,-13.97,-15.27,-39.23,46624,-0.17,1.48,-6.17
46634,-13.95,-4.81,-39.23,46634,0.5,2.2,-6.91
46644,-13.55,8.2,-39.23,46644,1.21,2.7,-7.28
46654,-11.92,23.42,-39.23,46654,1.37,3.13,-7.22
46664,-9.77,37.24,-39.23,46664,1.42,3.7,-6.61
46674,-7.7,39.23,-35.6,46674,1.18,4.34,-5.56
46684,-6.39,39.23,-28.34,46684,0.75,4.88,-4.35
46694,-5.63,39.23,-20.61,46694,0.5,5.13,-3.19
46704,-5.5,39.23,-15.22,46704,0.45,5.19,-2.1
46714,-5.81,39.23,-11.59,46714,0.51,5.1,-0.96
46724,-6.36,39.23,-10.61,46724,0.49,5.05,0.01
46734,-7.56,38.07,-8.89,46734,0.47,5.08,0.89
46744,-9.29,34.23,-3.61,46744,0.36,5.05,1.64
46754,-10.9,30.07,1.91,46754,0.18,4.85,2.28
46764,-11.71,25.83,7.25,46764,0.11,4.46,2.8
46774,-12.16,22.62,10.02,46774,0.07,3.94,3.2
46784,-12.55,20.11,10.81,46784,-0.11,3.39,3.55
46794,-12.64,16.73,10.41,46794,-0.46,2.91,3.82
46804,-12.39,13.93,9.56,46804,-0.8,2.5,4.02
46814,-12.05,11.99,10.6,46814,-1.15,2.14,4.19
46824,-11.95,11.15,12.3,46824,-1.51,1.68,4.39
46834,-11.62,9.53,13.14,46834,-1.96,1.2,4.6
46844,-11.6,6.04,13.26,46844,-2.42,0.7,4.76
46854,-10.64,0.47,12.21,46854,-2.91,0.21,4.77
46864,-9.89,-4.31,13.39,46864,-3.26,-0.25,4.61
46874,-9.58,-6.94,15.8,46874,-3.41,-0.84,4.37
46884,-10.16,-9.04,18.62,46884,-3.18,-1.62,4.17
46894,-10.69,-12.39,18.47,46894,-2.71,-2.5,4
46904,-11.85,-17.74,14.35,46904,-2.29,-3.35,3.75
46914,-12.91,-24.47,8.28,46914,-1.78,-4.01,3.37
46924,-13.34,-30.56,1.77,46924,-1.47,-4.43,2.81
46934,-13.63,-35.78,-4.82,46934,-1.37,-4.65,2.01
46944,-13.39,-39.23,-9.1,46944,-1.28,-4.68,1.15
46954,-12.8,-39.23,-12.51,46954,-1.01,-4.65,0.22
46964,-12.45,-39.23,-13.6,46964,-0.67,-4.58,-0.74
46974,-12.09,-39.23,-15.02,46974,-0.36,-4.6,-1.69
46984,-11.2,-37.57,-18.49,46984,-0.01,-4.59,-2.58
46994,-10.28,-32.88,-23.22,46994,0.34,-4.48,-3.33
47004,-9.39,-28.65,-27.54,47004,0.51,-4.23,-3.95
47014,-8.96,-25.18,-32.25,47014,0.4,-3.84,-4.53
47024,-9.22,-20.73,-35.52,47024,0.25,-3.33,-5.1
47034,-9.57,-13.08,-39.23,47034,0.18,-2.75,-5.57
47044,-9.63,-8.15,-39.23,47044,0.17,-2.1,-5.82
47054,-10.03,-4.56,-39.23,47054,0.07,-1.42,-6.03
47064,-10.75,-1.97,-39.23,47064,-0.1,-0.78,-6.23
47074,-10.74,1.9,-39.23,47074,-0.18,-0.22,-6.52
47084,-9.84,12.6,-39.23,47084,0.14,0.32,-6.71
47094,-8.64,26.26,-39.23,47094,0.76,0.98,-6.48
47104,-5.74,39.23,-39.23,47104,1.03,1.85,-5.75
47114,-3.86,39.23,-39.23,47114,1.08,2.92,-4.56
47124,-3.61,39.23,-39.23,47124,0.95,4.17,-3.15
47134,-4.21,39.23,-35.42,47134,0.47,5.02,-1.84
47144,-5.37,39.23,-25.36,47144,-0.15,5.32,-0.51
47154,-6.93,39.01,-20.33,47154,-0.31,5.47,0.61
47164,-8.84,30.95,-15.79,47164,-0.45,5.56,1.45
47174,-10.94,24.16,-10.58,47174,-0.69,5.62,2.02
47184,-12.38,19.69,-4.27,47184,-0.99,5.55,2.41
47194,-13,17.88,3.57,47194,-1.22,5.23,2.72
47204,-13.16,17.26,7.24,47204,-1.42,4.71,3.07
47214,-12.85,15.33,8.11,47214,-1.55,4.14,3.46
47224,-12.38,12.44,6.61,47224,-1.73,3.65,3.78
47234,-12.58,8.92,6.43,47234,-1.82,3.29,4.04
47244,-12.27,3.62,9.04,47244,-1.93,2.9,4.17
47254,-11.31,-1.41,12.56,47254,-2.08,2.34,4.11
47264,-9.92,-5.16,15.19,47264,-2.1,1.71,3.91
47274,-9.06,-7.14,16.34,47274,-2.1,1,3.64
47284,-6.93,-9.71,16.53,47284,-2.14,0.34,3.38
47294,-5.3,-12.35,16.79,47294,-2.07,-0.37,3.02
47304,-4.05,-10.99,14.69,47304,-1.95,-1,2.71
47314,-3.56,-9.6,12.19,47314,-1.7,-1.56,2.58
47324,-3.77,-9.18,9.99,47324,-1.45,-2.04,2.56
47334,-4.3,-10.73,5.61,47334,-1.22,-2.47,2.58
47344,-4.32,-14.36,-0.41,47344,-1.11,-2.74,2.5
47354,-3.7,-17.6,-6.43,47354,-1.01,-2.79,2.25
47364,-2.67,-19.8,-10.78,47364,-0.89,-2.67,1.86
47374,-1.53,-21.93,-11.25,47374,-0.91,-2.54,1.39
47384,-0.16,-22.54,-11.9,47384,-0.83,-2.5,0.85
47394,0.96,-21.71,-13.5,47394,-0.58,-2.53,0.3
47404,2.32,-18.37,-16.82,47404,-0.22,-2.52,-0.19
47414,3.51,-14.4,-21.13,47414,0.12,-2.42,-0.53
47424,4.8,-9.76,-25.6,47424,0.4,-2.21,-0.73
47434,6.13,-6.13,-30.32,47434,0.5,-1.81,-0.8
47444,7,-3.89,-33.21,47444,0.35,-1.22,-0.81
47454,7.33,-2.76,-32.55,47454,0.09,-0.55,-0.81
47464,7.14,-1.77,-29.44,47464,-0.3,0.09,-0.85
47474,6.76,-0.28,-25.74,47474,-0.58,0.56,-0.85
47484,6.1,0.9,-20.59,47484,-0.63,0.83,-0.8
47494,5.65,1.84,-17.46,47494,-0.5,0.96,-0.75
47504,5.38,2.62,-14.31,47504,-0.38,1.01,-0.69
47514,5.07,3.51,-12.12,47514,-0.35,0.99,-0.63
47524,4.86,3.77,-10.73,47524,-0.27,0.94,-0.53
47534,4.54,3.55,-9.93,47534,-0.15,0.88,-0.44
47544,4.16,2.45,-9.1,47544,-0.12,0.83,-0.36
47554,3.58,0.96,-7.87,47554,-0.1,0.79,-0.34
47564,3.1,-0.09,-7.03,47564,-0.16,0.7,-0.36
47574,2.9,-0.74,-6.61,47574,-0.2,0.59,-0.42
47584,2.78,-0.09,-7.39,47584,-0.22,0.51,-0.48
47594,2.89,0.46,-7.57,47594,-0.27,0.47,-0.49
47604,3.07,0.93,-8.09,47604,-0.34,0.44,-0.48
47614,3.21,1.52,-8.43,47614,-0.31,0.43,-0.44
47624,3.32,2,-7.75,47624,-0.19,0.4,-0.36
47634,3.46,2.04,-7.32,47634,-0.13,0.32,-0.27
47644,3.64,1.63,-8.2,47644,-0.15,0.26,-0.19
47654,3.87,0.41,-9.01,47654,-0.15,0.24,-0.15
47664,3.9,-0.61,-9.13,47664,-0.17,0.25,-0.16
47674,3.89,-1.34,-9.15,47674,-0.24,0.27,-0.22
47684,4,-1.03,-8.64,47684,-0.29,0.28,-0.3
47694,4.15,-0.08,-8.5,47694,-0.27,0.26,-0.34
47704,4.28,1.05,-8.93,47704,-0.22,0.23,-0.33
47714,4.49,2.06,-9.15,47714,-0.21,0.23,-0.27
47724,4.6,2.57,-9.8,47724,-0.23,0.26,-0.19
47734,4.52,2.79,-9.62,47734,-0.27,0.32,-0.09
47744,4.4,2.38,-8.92,47744,-0.41,0.34,-0.02
47754,4.34,2.18,-9.25,47754,-0.57,0.35,0.01
47764,4.38,2.35,-9.44,47764,-0.61,0.39,0.03
47774,4.2,3.82,-8.6,47774,-0.53,0.42,0.06
47784,4.05,5.91,-7.6,47784,-0.48,0.43,0.17
47794,3.71,6.87,-5.82,47794,-0.49,0.42,0.34
47804,3.42,7.29,-4.16,47804,-0.55,0.37,0.52
47814,2.97,7.77,-2.37,47814,-0.62,0.28,0.74
47824,2.52,7.3,-0.18,47824,-0.75,0.18,0.94
47834,1.91,6.71,2.62,47834,-0.97,0.02,1.15
47844,1.19,6.14,5.29,47844,-1.31,-0.18,1.34
47854,0.32,4.33,7.13,47854,-1.81,-0.47,1.52
47864,-0.4,0.51,7.58,47864,-2.07,-0.79,1.63
47874,-1.59,-4.41,9.95,47874,-1.84,-1.14,1.65
47884,-2.95,-9.94,13.63,47884,-1.41,-1.66,1.49
47894,-4.29,-14.73,15.94,47894,-1,-2.41,1.1
47904,-5.73,-17.57,14.45,47904,-0.68,-3.17,0.66
47914,-7.38,-20.54,10.91,47914,-0.48,-3.86,0.19
47924,-9.01,-23.95,6.22,47924,-0.34,-4.43,-0.37
47934,-10.63,-27.24,0.43,47934,-0.17,-4.88,-1.02
47944,-12.51,-28.22,-4.88,47944,0.2,-5.22,-1.73
47954,-14.36,-27.49,-11.17,47954,0.81,-5.51,-2.35
47964,-16.23,-28.81,-17.67,47964,1.31,-5.68,-2.94
47974,-17.07,-29.5,-28.04,47974,1.27,-5.68,-3.66
47984,-16.67,-28.05,-39.23,47984,0.88,-5.22,-4.43
47994,-15.8,-24.57,-39.23,47994,0.22,-4.32,-5.24
48004,-15.09,-17.51,-39.23,48004,-0.53,-3.07,-6.04
48014,-14.05,-7.65,-39.23,48014,-0.81,-1.92,-6.53
48024,-12.44,1.5,-39.23,48024,-0.87,-0.77,-6.69
48034,-10.8,8.76,-39.23,48034,-0.81,0.36,-6.64
48044,-9.23,16.45,-39.23,48044,-0.51,1.32,-6.45
48054,-7.62,24.49,-39.23,48054,0.2,2.14,-6.05
48064,-6.69,32.3,-39.23,48064,0.98,3,-5.44
48074,-5.96,39.23,-39.23,48074,1.25,3.95,-4.58
48084,-6.27,39.23,-39.23,48084,0.99,4.96,-3.48
48094,-7.48,39.23,-38.08,48094,0.49,6.01,-2.31
48104,-9.28,39.23,-20.57,48104,-0.26,6.41,-1.2
48114,-10.21,37.18,-11.39,48114,-0.73,6.34,0.01
48124,-11.07,31.44,-7.78,48124,-0.72,6.16,0.95
48134,-12.35,25.73,-5.54,48134,-0.71,6.05,1.62
48144,-13.52,21.32,1.41,48144,-0.88,5.94,2.07
48154,-13.85,19.72,10.8,48154,-1.17,5.49,2.4
48164,-13.14,19.84,15.78,48164,-1.45,4.73,2.76
48174,-12.22,19.7,13.87,48174,-1.61,3.94,3.2
48184,-11.47,19.28,9.12,48184,-1.78,3.38,3.64
48194,-11.65,18.73,6.08,48194,-2.1,3.11,4.11
48204,-12.48,16.07,8.39,48204,-2.63,2.91,4.56
48214,-13.61,11.6,13.58,48214,-3.23,2.46,4.94
48224,-13.85,5.8,15.79,48224,-3.7,1.8,5.15
48234,-13.57,-2,16.7,48234,-3.6,1.07,5.15
48244,-11.81,-8.47,18.18,48244,-3.37,0.32,4.88
48254,-10.44,-12.16,20.21,48254,-3.18,-0.48,4.42
48264,-10.17,-12.26,20.07,48264,-3.09,-1.34,3.95
48274,-10.29,-11.67,19.44,48274,-2.94,-2.16,3.64
48284,-11.59,-14.9,18.43,48284,-2.59,-2.99,3.42
48294,-11.74,-18.09,14.75,48294,-2.35,-3.73,3.17
48304,-13.83,-23.01,8.95,48304,-2.36,-4.37,2.76
48314,-14.71,-28.94,3.34,48314,-2.33,-4.77,2.23
48324,-15.48,-35.19,-2.28,48324,-2.48,-5.12,1.32
48334,-15.87,-39.23,-8.29,48334,-2.35,-5.28,0.32
48344,-15.73,-39.23,-13.17,48344,-1.99,-5.31,-0.77
48354,-15.63,-39.23,-17.17,48354,-1.37,-5.29,-1.84
48364,-15.44,-36.97,-20.67,48364,-0.72,-5.22,-2.8
48374,-14.81,-33.09,-26.03,48374,-0.29,-5.07,-3.63
48384,-14.03,-29.17,-30.46,48384,-0.09,-4.74,-4.34
48394,-13.63,-24.51,-33.75,48394,-0.08,-4.33,-4.97
48404,-13.46,-19.84,-38.13,48404,-0.13,-3.81,-5.51
48414,-13.89,-16.34,-39.23,48414,-0.1,-3.22,-5.99
48424,-14.1,-11.16,-39.23,48424,0.05,-2.58,-6.44
48434,-14.06,-4.7,-39.23,48434,0.17,-1.73,-6.8
48444,-14.29,0.44,-39.23,48444,0.17,-1,-7.04
48454,-14.18,5.03,-39.23,48454,0.28,-0.43,-7.22
48464,-13.26,12.96,-39.23,48464,0.66,0.05,-7.31
48474,-10.84,25.18,-39.23,48474,1.38,0.56,-7.13
48484,-8.94,39.23,-39.23,48484,1.78,1.38,-6.47
48494,-6.09,39.23,-39.23,48494,1.4,2.58,-5.24
48504,-4.56,39.23,-39.23,48504,0.71,3.82,-3.74
48514,-4.13,39.23,-39.23,48514,0.13,4.75,-2.16
48524,-5.43,39.23,-29.64,48524,-0.35,5.35,-0.63
48534,-7.48,39.23,-18.4,48534,-0.69,5.61,0.78
48544,-9.42,31.21,-11.8,48544,-0.85,5.62,1.68
48554,-10.91,24.26,-4.89,48554,-0.77,5.48,2.31
48564,-11.91,18.24,1.14,48564,-0.73,5.18,2.75
48574,-12.18,13.46,6.16,48574,-0.73,4.75,3.01
48584,-12.42,10.46,9.85,48584,-0.76,4.21,3.18
48594,-10.75,7.51,10.82,48594,-0.82,3.62,3.33
48604,-10.07,4.18,10.51,48604,-0.72,3.05,3.36
48614,-9.12,3.17,8.58,48614,-0.82,2.58,3.41
48624,-7.97,0.05,7.78,48624,-1.1,2.24,3.49
48634,-7.96,-7.62,10.19,48634,-1.11,1.84,3.38
48644,-6.62,-13.41,12.58,48644,-1.19,1.26,2.99
48654,-5.03,-17.05,11.65,48654,-1.1,0.67,2.48
48664,-3.64,-17.2,9.35,48664,-0.94,0.13,1.92
48674,-2.12,-15.14,5.48,48674,-0.73,-0.32,1.48
48684,-0.6,-11.32,0.48,48684,-0.62,-0.57,1.2
48694,0.33,-9.29,-2.61,48694,-0.7,-0.65,1.1
48704,0.95,-9.86,-5.03,48704,-0.89,-0.68,1.03
48714,1.6,-11.4,-7.37,48714,-0.93,-0.66,0.9
48724,2.05,-13.19,-7.89,48724,-0.76,-0.64,0.69
48734,2.71,-13.89,-8.13,48734,-0.64,-0.66,0.38
48744,3.4,-12.74,-9.11,48744,-0.51,-0.69,0.03
48754,4.41,-8.41,-10.4,48754,-0.29,-0.68,-0.26
48764,5.26,-4.35,-11.37,48764,-0.16,-0.64,-0.37
48774,6,-0.52,-12.73,48774,-0.07,-0.58,-0.33
48784,6.55,1.18,-13.98,48784,0.04,-0.46,-0.19
48794,6.71,1.8,-14.11,48794,0.16,-0.31,-0.02
48804,6.6,1.41,-13.49,48804,0.2,-0.18,0.14
48814,6.28,0.09,-12.58,48814,0.17,-0.08,0.22
48824,6.05,-0.72,-12.44,48824,0.17,-0.02,0.24
48834,5.66,-1.33,-12.1,48834,0.18,0.05,0.21
48844,5.37,-1.01,-12.12,48844,0.16,0.1,0.16
48854,5.06,-1.09,-12.28,48854,0.15,0.18,0.12
48864,4.46,-1.03,-11.13,48864,0.19,0.23,0.07
48874,4.09,-1.07,-10.61,48874,0.24,0.24,0.02
48884,3.7,-1.11,-9.98,48884,0.29,0.24,-0.03
48894,3.44,-1.32,-9.6,48894,0.29,0.23,-0.09
48904,3.28,-1.46,-9.59,48904,0.2,0.23,-0.17
48914,3.35,-0.45,-10.28,48914,-0.02,0.26,-0.25
48924,3.29,-0.39,-9.76,48924,-0.03,0.31,-0.28
48934,3.14,0.24,-9.65,48934,-0.2,0.35,-0.3
48944,3.64,0.62,-9.53,48944,-0.41,0.41,-0.27
48954,3.67,-0.13,-8.69,48954,-0.63,0.46,-0.27
48964,3.76,-0.21,-7.8,48964,-0.92,0.48,-0.33
48974,3.65,0.62,-7.42,48974,-1.28,0.47,-0.39
48984,5.06,1.42,-9.11,48984,-1.13,0.51,-0.4
48994,5.04,0.32,-7.71,48994,-1.87,0.57,-0.46
49004,4.02,1.14,-6.42,49004,-2.1,0.55,-0.56
49014,5.66,4.34,-5.91,49014,-1.97,0.44,-0.57
49024,4.37,5.65,-6.51,49024,-2.11,0.34,-0.43
49034,4.15,6.01,-7.2,49034,-1.68,0.22,-0.25
49044,4.77,5.21,-8.61,49044,-1.31,0.13,-0.1
49054,4.82,4.67,-9.57,49054,-1.07,0.13,-0.01
49064,5.24,4.07,-9.95,49064,-0.9,0.15,0.03
49074,4.98,3.31,-10.39,49074,-0.65,0.17,0.02
49084,5.2,3.39,-10.68,49084,-0.89,0.25,-0.06
49094,5.23,3.71,-10.63,49094,-1.05,0.33,-0.11
49104,5.51,5.56,-11.37,49104,-1,0.35,-0.06
49114,5.29,7.55,-11.71,49114,-1.41,0.51,0.03
49124,4.64,8.1,-11.38,49124,-0.96,0.54,0.28
49134,4.55,7.09,-11.78,49134,-0.37,0.53,0.58
49144,5.23,2.86,-9.22,49144,-0.46,0.6,0.75
49154,6.4,1.3,-8.1,49154,-0.93,0.59,0.64
49164,5.91,3.7,-8.02,49164,-1.38,0.54,0.6
49174,5.06,3.62,-8.26,49174,-1.48,0.49,0.67
49184,5.81,3.65,-8.02,49184,-1.67,0.44,0.72
49194,5.53,3.7,-8.16,49194,-1.93,0.38,0.76
49204,5.78,3.29,-8.6,49204,-2.03,0.33,0.8
49214,5.84,3.66,-8.87,49214,-2.32,0.31,0.82
49224,5.76,3.73,-10.05,49224,-2.62,0.31,0.86
49234,5.81,3.89,-10.89,49234,-2.9,0.41,0.87
49244,5.86,4.73,-10.22,49244,-3.21,0.54,0.88
49254,5.97,5.38,-9.05,49254,-3.33,0.59,0.99
49264,5.48,5.13,-8.19,49264,-3.19,0.57,1.16
49274,5.99,2.85,-8.46,49274,-2.86,0.53,1.32
49284,5.94,0.54,-8.2,49284,-2.58,0.54,1.33
49294,5.29,-1.32,-7.16,49294,-2.45,0.58,1.24
49304,4.44,-2.7,-4.6,49304,-2.6,0.59,1.03
49314,5.31,-2.12,-0.12,49314,-2.88,0.5,0.81
49324,6.94,-1.03,3,49324,-2.83,0.17,0.66
49334,5.67,-0.2,3.63,49334,-2.68,-0.32,0.58
49344,5.61,0.03,1.9,49344,-2.69,-0.71,0.48
49354,5.42,0.43,-0.63,49354,-2.65,-0.95,0.4
49364,5.15,0.08,-2.45,49364,-2.47,-1.06,0.36
49374,3.76,-0.19,-3.34,49374,-2,-1.11,0.28
49384,4.06,-0.91,-3.56,49384,-1.55,-1.16,0.27
49394,3.96,-2.62,-3.31,49394,-1.36,-1.2,0.11
49404,3.6,-3.52,-4.22,49404,-1.69,-1.28,-0.17
49414,3.73,-3.43,-5.28,49414,-1.99,-1.3,-0.42
49424,3.73,-3.9,-7.21,49424,-2.25,-1.3,-0.72
49434,3.6,-2.84,-7.66,49434,-2.54,-1.22,-1.03
49444,3.48,1.03,-5.9,49444,-2.34,-1.19,-1.23
49454,3.29,3.8,-5.15,49454,-2.14,-1.25,-1.26
49464,3.52,5.87,-5.32,49464,-1.86,-1.36,-1.16
49474,2.88,6.64,-6.14,49474,-1.47,-1.47,-1.01
49484,2.91,6.74,-7.36,49484,-1.19,-1.56,-0.87
49494,2.69,6.03,-9.33,49494,-1,-1.6,-0.75
49504,2.84,4.5,-11.76,49504,-0.97,-1.52,-0.71
49514,3.08,3.3,-12.9,49514,-1,-1.35,-0.79
49524,3.32,3.28,-13.86,49524,-1.13,-1.14,-0.94
49534,3.12,4.31,-13.93,49534,-1.4,-0.87,-1.12
49544,3.44,6.39,-12.59,49544,-1.6,-0.59,-1.24
49554,3.27,8.11,-9.66,49554,-1.5,-0.41,-1.28
49564,2.94,9.98,-6.28,49564,-1.36,-0.39,-1.24
49574,2.49,10.17,-3.03,49574,-1.07,-0.59,-1.11
49584,3.18,9.7,-4.79,49584,-1.22,-0.89,-1.03
49594,2.84,8.51,-8.71,49594,-0.89,-1.04,-1
49604,3.41,8.96,-9.98,49604,-0.61,-1.06,-1
49614,3.89,9.34,-12.75,49614,-0.32,-0.87,-0.94
49624,3.23,9.69,-12.24,49624,0.03,-0.58,-0.88
49634,3.45,8.83,-10.62,49634,-0.2,-0.36,-0.85
49644,2.97,8.63,-9.2,49644,-0.52,-0.2,-0.9
49654,3.01,8.66,-7.91,49654,-1.13,-0.08,-0.96
49664,2.96,9.9,-6.96,49664,-1.49,-0.01,-1
49674,2.93,11.01,-6.42,49674,-1.77,0.02,-0.95
49684,2.98,10.97,-6.45,49684,-2.17,0.07,-0.89
49694,2.92,10.85,-6.49,49694,-2.28,0.14,-0.81
49704,2.95,10.69,-6.34,49704,-2.15,0.2,-0.71
49714,2.63,10.02,-5.37,49714,-1.67,0.25,-0.6
49724,2.56,8.73,-3.31,49724,-1.16,0.21,-0.54
49734,2.75,8.95,-1.41,49734,-0.8,0.08,-0.57
49744,2.53,10.17,-0.81,49744,-0.68,-0.13,-0.62
49754,2.42,12.1,-1.7,49754,-0.8,-0.32,-0.59
49764,2.81,12.02,-3.64,49764,-0.75,-0.44,-0.49
49774,2.81,11.35,-5.93,49774,-0.95,-0.43,-0.44
49784,2.75,10.74,-7.51,49784,-1.11,-0.32,-0.39
49794,2.62,10.15,-8.15,49794,-1,-0.16,-0.33
49804,2.69,9.14,-6.85,49804,-0.83,-0.02,-0.27
49814,2.61,7.94,-5.71,49814,-0.55,-0.01,-0.26
49824,2.41,7.42,-5.2,49824,-0.13,-0.06,-0.3
49834,2.24,8,-4.78,49834,-0.09,-0.1,-0.39
49844,2.04,9.06,-4.28,49844,-0.26,-0.12,-0.46
49854,2.14,9.38,-3.46,49854,-0.46,-0.15,-0.5
49864,1.74,9.6,-3.46,49864,-0.71,-0.18,-0.55
49874,1.35,9.75,-3.66,49874,-0.87,-0.18,-0.56
49884,1.34,10.06,-3.45,49884,-0.86,-0.16,-0.56
49894,1.16,10.41,-2.6,49894,-0.79,-0.15,-0.5
49904,1.28,10.28,-1.52,49904,-0.61,-0.2,-0.42
49914,1.18,9.52,-1.02,49914,-0.35,-0.32,-0.34
49924,1.04,8.58,-1.29,49924,0.02,-0.45,-0.3
49934,1.25,7.53,-1.36,49934,0.37,-0.57,-0.31
49944,1.29,6.83,-1.69,49944,0.76,-0.69,-0.35
49954,1.27,6.78,-2.66,49954,1.07,-0.8,-0.43
49964,2.3,8.48,-4.07,49964,1.74,-0.89,-0.49
49974,1.69,12.86,-6.67,49974,2.73,-0.94,-0.35
49984,1.59,14.22,-8.37,49984,2.41,-0.8,-0.09
49994,1.83,13.45,-7.54,49994,1.95,-0.6,0.17
50004,1.37,11.15,-6.31,50004,1.47,-0.49,0.35
50014,1.26,8.92,-6.02,50014,1.03,-0.44,0.41
50024,1.17,7.3,-6.49,50024,0.72,-0.39,0.4
50034,1.1,5.68,-7.07,50034,0.64,-0.31,0.33
50044,0.93,4.5,-6.8,50044,0.73,-0.23,0.19
50054,0.87,4.43,-6.17,50054,0.88,-0.17,0.03
50064,0.82,5.54,-4.93,50064,1.15,-0.17,-0.1
50074,0.81,7.34,-3.77,50074,1.42,-0.23,-0.17
50084,0.96,8.94,-2.97,50084,1.63,-0.36,-0.15
50094,0.65,9.97,-3.25,50094,1.66,-0.52,-0.06
50104,0.95,9.91,-4.74,50104,1.75,-0.62,0.07
50114,0.79,8.81,-5.92,50114,1.59,-0.65,0.16
50124,0.71,7.72,-7.8,50124,1.35,-0.61,0.19
50134,0.75,6.69,-8.99,50134,1.18,-0.5,0.17
50144,0.79,5.81,-9.46,50144,0.79,-0.34,0.1
50154,0.44,2.26,-6.12,50154,-2.6,-0.01,-0.17
50164,-0.02,1.43,-4.4,50164,-3.85,-0.04,-0.56
50174,-0.47,28.07,-14.58,50174,-3.2,0.53,-0.12
50184,0.44,9.86,-4.03,50184,-2.39,0.43,-0.12
50194,0.6,10.3,-1.86,50194,0.54,0.08,0.07
50204,-0.01,8.7,-4.24,50204,1.2,-0.03,0.2
50214,0.95,8.33,-5.45,50214,1.3,-0.07,0.24
50224,0.2,7.51,-6.03,50224,2.16,0.07,0.28
50234,1.24,7.98,-6.28,50234,2.45,0.12,0.31
50244,0.99,6.83,-6.69,50244,2.38,0.12,0.27
50254,0.08,7.45,-6.69,50254,2.1,0.16,0.21
50264,0.73,6.83,-6.67,50264,1.11,0.25,0.18
50274,2.94,7.97,-5.86,50274,1.32,0.22,0.13
50284,1.79,7.44,-6.26,50284,1.6,0.06,0.15
50294,1.02,6.79,-7.09,50294,1.56,0.05,0.19
50304,1.1,6.71,-7.04,50304,1.39,0.03,0.17
50314,1.13,6.72,-7.03,50314,1.23,0.02,0.15
50324,1.06,7.08,-6.75,50324,1.43,0.02,0.16
50334,1.16,6.11,-7.6,50334,1.49,-0.04,0.11
50344,1.2,6.97,-6.74,50344,1.43,-0.07,0.12
50354,0.97,6.35,-7.36,50354,1.51,-0.06,0.12
50364,1.08,6.09,-7.69,50364,1.3,-0.01,0.09
50374,1.11,5.87,-7.86,50374,1.07,-0.01,0.08
50384,1.11,5.78,-7.96,50384,0.82,-0.01,0.06
50394,1.11,5.76,-8.04,50394,0.59,-0.01,0.05
50404,1.14,5.76,-7.96,50404,0.39,-0.01,0.04
50414,1.1,5.78,-7.97,50414,0.21,-0.01,0.04
50424,1.11,5.77,-7.96,50424,0.04,-0.01,0.03
50434,1.1,5.74,-8.04,50434,-0.13,0,0.02
50444,1.12,5.76,-8.03,50444,-0.28,0,0.01
50454,1.12,5.79,-7.98,50454,-0.43,0,0.01
50464,1.08,5.81,-7.9,50464,-0.57,-0.01,0
50474,1.1,5.96,-7.88,50474,-0.7,-0.01,0
50484,1.17,6.04,-7.79,50484,-0.76,0,-0.01
50494,1.11,6.24,-7.64,50494,-0.73,0,0
50504,1.12,6.36,-7.45,50504,-0.62,0,0
50514,1.12,6.39,-7.49,50514,-0.46,0,0.01
50524,1.09,6.52,-7.35,50524,-0.21,-0.01,0.02
50534,1.08,6.52,-7.34,50534,0.07,-0.01,0.03
50544,1.11,6.34,-7.54,50544,0.24,-0.01,0.04
50554,1.06,6.37,-7.46,50554,0.44,-0.03,0.07
50564,1.13,5.82,-7.97,50564,0.36,-0.02,0.05
50574,1.08,5.95,-7.74,50574,0.21,-0.01,0.03
50584,1.1,6.09,-7.76,50584,0.11,-0.01,0.03
50594,1.12,5.95,-7.82,50594,0.01,-0.01,0.03
50604,1.12,5.91,-7.85,50604,-0.11,0,0.02
50614,1.11,6.04,-7.74,50614,-0.21,-0.01,0.02
50624,1.09,6.07,-7.72,50624,-0.26,-0.01,0.02
50634,1.07,6.14,-7.64,50634,-0.29,0,0.01
50644,1.08,6.22,-7.66,50644,-0.28,-0.01,0.02
50654,1.13,6.17,-7.62,50654,-0.25,-0.01,0.02
50664,1.08,6.2,-7.6,50664,-0.21,-0.01,0.02
50674,1.09,6.26,-7.55,50674,-0.14,-0.01,0.02
50684,1.09,6.23,-7.59,50684,-0.07,-0.01,0.02
50694,1.11,6.21,-7.68,50694,-0.02,-0.01,0.03
50704,1.1,6.17,-7.62,50704,0.01,-0.01,0.03
50714,1.12,6.16,-7.58,50714,0,-0.01,0.03
50724,1.1,6.16,-7.69,50724,-0.02,-0.01,0.03
50734,1.07,6.13,-7.67,50734,-0.06,-0.01,0.03
50744,1.14,6.14,-7.66,50744,-0.09,-0.01,0.02
50754,1.1,6.2,-7.61,50754,-0.11,-0.01,0.02
50764,1.11,6.18,-7.57,50764,-0.1,-0.01,0.02
50774,1.11,6.2,-7.61,50774,-0.09,-0.01,0.02
50784,1.1,6.19,-7.63,50784,-0.07,-0.01,0.03
50794,1.1,6.18,-7.58,50794,-0.05,-0.01,0.03
50804,1.1,6.17,-7.66,50804,-0.04,-0.01,0.03
50814,1.1,6.16,-7.66,50814,-0.05,-0.01,0.03
50824,1.08,6.13,-7.67,50824,-0.07,-0.01,0.02
50834,1.1,6.15,-7.65,50834,-0.09,-0.01,0.02
50844,1.11,6.17,-7.66,50844,-0.1,-0.01,0.02
50854,1.08,6.21,-7.7,50854,-0.09,-0.01,0.02
50864,1.13,6.18,-7.66,50864,-0.08,-0.01,0.02
50874,1.14,6.17,-7.61,50874,-0.06,-0.01,0.03
50884,1.11,6.15,-7.62,50884,-0.05,-0.01,0.03
50894,1.1,6.13,-7.62,50894,-0.05,-0.01,0.02
50904,1.11,6.13,-7.61,50904,-0.06,-0.01,0.03
50914,1.12,6.17,-7.65,50914,-0.08,-0.01,0.02
50924,1.13,6.18,-7.65,50924,-0.09,-0.01,0.02
50934,1.07,6.18,-7.58,50934,-0.09,-0.01,0.02
50944,1.11,6.16,-7.63,50944,-0.08,-0.01,0.02
50954,1.11,6.17,-7.64,50954,-0.06,-0.01,0.02
50964,1.1,6.16,-7.6,50964,-0.05,-0.01,0.02
50974,1.11,6.16,-7.67,50974,-0.05,0,0.03
50984,1.09,6.17,-7.66,50984,-0.06,-0.01,0.03
50994,1.13,6.14,-7.67,50994,-0.07,-0.01,0.03
51004,1.12,6.17,-7.67,51004,-0.08,-0.01,0.03
51014,1.11,6.2,-7.65,51014,-0.09,-0.01,0.02
51024,1.12,6.17,-7.61,51024,-0.08,-0.01,0.02
51034,1.11,6.18,-7.63,51034,-0.07,-0.01,0.02
51044,1.1,6.17,-7.64,51044,-0.07,-0.01,0.03
51054,1.11,6.17,-7.62,51054,-0.06,-0.01,0.03
51064,1.1,6.17,-7.65,51064,-0.07,-0.01,0.03
51074,1.09,6.12,-7.6,51074,-0.07,-0.01,0.02
51084,1.11,6.18,-7.65,51084,-0.08,-0.01,0.03
51094,1.14,6.15,-7.61,51094,-0.08,-0.01,0.02
51104,1.12,6.17,-7.61,51104,-0.07,0,0.03
51114,1.1,6.18,-7.68,51114,-0.07,-0.01,0.02
51124,1.1,6.18,-7.6,51124,-0.07,-0.01,0.02
51134,1.14,6.18,-7.64,51134,-0.07,-0.01,0.02
51144,1.11,6.14,-7.62,51144,-0.07,-0.01,0.02
51154,1.07,6.17,-7.65,51154,-0.07,-0.01,0.02
51164,1.09,6.16,-7.61,51164,-0.07,-0.01,0.03
51174,1.13,6.16,-7.61,51174,-0.07,-0.01,0.03
51184,1.09,6.16,-7.6,51184,-0.07,-0.01,0.02
51194,1.11,6.15,-7.66,51194,-0.07,-0.01,0.03
51204,1.1,6.16,-7.62,51204,-0.07,-0.01,0.03
51214,1.1,6.17,-7.63,51214,-0.07,-0.01,0.03
51224,1.06,6.17,-7.67,51224,-0.08,-0.01,0.03
51234,1.12,6.18,-7.64,51234,-0.08,-0.01,0.02
51244,1.09,6.17,-7.64,51244,-0.08,-0.01,0.02
51254,1.09,6.2,-7.69,51254,-0.08,-0.01,0.03
51264,1.14,6.17,-7.64,51264,-0.07,-0.01,0.03
51274,1.1,6.14,-7.6,51274,-0.07,-0.01,0.03
51284,1.12,6.15,-7.66,51284,-0.06,0,0.02
51294,1.13,6.15,-7.6,51294,-0.06,-0.01,0.03
51304,1.12,6.16,-7.68,51304,-0.08,0,0.03
51314,1.1,6.2,-7.68,51314,-0.08,-0.01,0.02
51324,1.11,6.19,-7.65,51324,-0.08,-0.01,0.02
51334,1.12,6.17,-7.61,51334,-0.07,-0.01,0.03
51344,1.15,6.16,-7.62,51344,-0.06,-0.01,0.02
51354,1.11,6.16,-7.61,51354,-0.06,-0.01,0.03
51364,1.09,6.19,-7.6,51364,-0.07,-0.01,0.02
51374,1.09,6.15,-7.69,51374,-0.08,-0.01,0.02
51384,1.1,6.16,-7.59,51384,-0.08,0,0.03
51394,1.1,6.17,-7.67,51394,-0.08,-0.01,0.02
51404,1.12,6.16,-7.66,51404,-0.07,-0.01,0.02
51414,1.13,6.2,-7.59,51414,-0.06,-0.01,0.03
51424,1.09,6.16,-7.64,51424,-0.06,-0.01,0.02
51434,1.11,6.13,-7.7,51434,-0.06,-0.01,0.03
51444,1.09,6.16,-7.68,51444,-0.07,-0.01,0.03
51454,1.1,6.16,-7.61,51454,-0.08,-0.01,0.02
51464,1.11,6.18,-7.66,51464,-0.08,-0.01,0.03
51474,1.08,6.13,-7.65,51474,-0.08,-0.01,0.02
51484,1.13,6.18,-7.61,51484,-0.07,-0.01,0.03
51494,1.09,6.19,-7.64,51494,-0.06,-0.01,0.02
51504,1.12,6.17,-7.62,51504,-0.06,0,0.03
51514,1.08,6.16,-7.65,51514,-0.07,-0.01,0.03
51524,1.13,6.15,-7.67,51524,-0.08,-0.01,0.02
51534,1.09,6.14,-7.62,51534,-0.08,-0.01,0.02
51544,1.11,6.18,-7.62,51544,-0.08,-0.01,0.02
51554,1.11,6.19,-7.69,51554,-0.07,-0.01,0.03
51564,1.12,6.18,-7.62,51564,-0.06,-0.01,0.03
51574,1.13,6.18,-7.63,51574,-0.05,-0.01,0.03
51584,1.11,6.15,-7.65,51584,-0.06,-0.01,0.02
51594,1.1,6.14,-7.64,51594,-0.07,-0.01,0.03
51604,1.09,6.17,-7.63,51604,-0.08,-0.01,0.02
51614,1.11,6.21,-7.65,51614,-0.09,-0.01,0.02
51624,1.08,6.15,-7.6,51624,-0.09,0,0.02
51634,1.11,6.17,-7.65,51634,-0.08,-0.01,0.02
51644,1.09,6.18,-7.58,51644,-0.06,-0.01,0.02
51654,1.09,6.17,-7.59,51654,-0.06,-0.01,0.03
51664,1.08,6.21,-7.63,51664,-0.06,-0.01,0.03
51674,1.12,6.15,-7.62,51674,-0.08,-0.01,0.03
51684,1.07,6.17,-7.69,51684,-0.09,-0.01,0.02
51694,1.11,6.19,-7.61,51694,-0.09,-0.01,0.03
51704,1.1,6.18,-7.59,51704,-0.08,-0.01,0.02
51714,1.11,6.18,-7.62,51714,-0.07,-0.01,0.02
51724,1.12,6.16,-7.63,51724,-0.06,-0.01,0.03
51734,1.13,6.16,-7.62,51734,-0.06,-0.01,0.02
51744,1.09,6.15,-7.6,51744,-0.07,0,0.03
51754,1.07,6.22,-7.66,51754,-0.09,-0.01,0.02
51764,1.08,6.23,-7.67,51764,-0.09,-0.01,0.02
51774,1.11,6.21,-7.68,51774,-0.09,-0.01,0.03
51784,1.11,6.17,-7.59,51784,-0.06,-0.01,0.02
51794,1.13,6.16,-7.6,51794,-0.05,-0.01,0.03
51804,1.13,6.15,-7.58,51804,-0.04,-0.01,0.03
51814,1.09,6.16,-7.64,51814,-0.06,-0.01,0.03
51824,1.09,6.18,-7.69,51824,-0.09,-0.01,0.02
51834,1.1,6.2,-7.65,51834,-0.1,-0.01,0.02
51844,1.09,6.19,-7.61,51844,-0.09,-0.01,0.02
51854,1.09,6.17,-7.6,51854,-0.07,-0.01,0.02
51864,1.12,6.2,-7.57,51864,-0.05,-0.01,0.03
51874,1.15,6.15,-7.6,51874,-0.05,-0.01,0.03
51884,1.11,6.21,-7.68,51884,-0.07,-0.01,0.02
51894,1.1,6.17,-7.63,51894,-0.08,-0.01,0.03
51904,1.11,6.18,-7.67,51904,-0.09,-0.01,0.02
51914,1.14,6.21,-7.66,51914,-0.09,-0.01,0.03
51924,1.13,6.21,-7.62,51924,-0.07,-0.01,0.02
51934,1.12,6.2,-7.64,51934,-0.06,-0.01,0.03
51944,1.06,6.13,-7.65,51944,-0.05,-0.01,0.03
51954,1.1,6.19,-7.64,51954,-0.06,-0.01,0.03
51964,1.1,6.16,-7.61,51964,-0.08,-0.01,0.02
51974,1.07,6.19,-7.65,51974,-0.09,-0.01,0.03
51984,1.1,6.18,-7.61,51984,-0.09,-0.01,0.02
51994,1.09,6.17,-7.63,51994,-0.08,-0.01,0.02
52004,1.13,6.21,-7.63,52004,-0.06,-0.01,0.03
52014,1.11,6.13,-7.58,52014,-0.05,-0.01,0.03
52024,1.12,6.18,-7.64,52024,-0.06,-0.01,0.02
52034,1.09,6.19,-7.68,52034,-0.07,-0.01,0.03
52044,1.08,6.19,-7.65,52044,-0.09,-0.01,0.02
52054,1.12,6.19,-7.66,52054,-0.09,-0.01,0.02
52064,1.06,6.21,-7.68,52064,-0.09,-0.01,0.02
52074,1.1,6.15,-7.65,52074,-0.07,-0.01,0.03
52084,1.06,6.18,-7.67,52084,-0.06,-0.01,0.03
52094,1.11,6.17,-7.62,52094,-0.05,-0.01,0.03
52104,1.09,6.2,-7.69,52104,-0.06,-0.01,0.03
52114,1.1,6.22,-7.67,52114,-0.08,-0.01,0.02
52124,1.12,6.18,-7.64,52124,-0.09,-0.01,0.02
52134,1.09,6.19,-7.59,52134,-0.09,-0.01,0.03
52144,1.09,6.19,-7.63,52144,-0.08,-0.01,0.03
52154,1.11,6.19,-7.62,52154,-0.06,-0.01,0.02
52164,1.14,6.2,-7.64,52164,-0.05,-0.01,0.02
52174,1.12,6.2,-7.64,52174,-0.06,-0.01,0.03
52184,1.09,6.16,-7.64,52184,-0.07,-0.01,0.03
52194,1.06,6.16,-7.65,52194,-0.08,-0.01,0.02
52204,1.09,6.17,-7.61,52204,-0.09,-0.01,0.02
52214,1.12,6.23,-7.63,52214,-0.08,-0.01,0.03
52224,1.11,6.19,-7.66,52224,-0.07,-0.01,0.02
52234,1.08,6.2,-7.65,52234,-0.06,-0.01,0.03
5,,,,,,,
