Timestamp,AccelerometerX,AccelerometerY,AccelerometerZ,Timestamp,GyroscopeX,GyroscopeY,GyroscopeZ
0,2.38,1.85,11.57,0,-0.15,0.02,-0.26
10,2.31,1.81,11.5,10,-0.15,0.02,-0.25
20,2.42,1.86,11.57,20,-0.16,0.01,-0.25
30,2.47,1.82,11.65,30,-0.16,0.01,-0.26
40,2.5,1.79,11.61,40,-0.15,0.02,-0.27
50,2.4,1.8,11.58,50,-0.15,0.03,-0.28
60,2.25,1.87,11.62,60,-0.15,0.03,-0.28
70,2.23,1.85,11.56,70,-0.15,0.03,-0.27
80,2.33,1.85,11.53,80,-0.15,0.03,-0.26
90,2.29,1.85,11.56,90,-0.15,0.03,-0.26
100,2.18,1.86,11.55,100,-0.14,0.02,-0.25
110,2.2,1.89,11.5,110,-0.14,0.02,-0.24
120,2.31,1.85,11.55,120,-0.15,0.03,-0.24
130,2.33,1.89,11.64,130,-0.14,0.03,-0.24
140,2.29,1.91,11.51,140,-0.14,0.03,-0.25
150,2.23,1.92,11.36,150,-0.14,0.03,-0.25
160,2.18,1.88,11.35,160,-0.16,0.04,-0.24
170,2.25,1.92,11.6,170,-0.16,0.03,-0.23
180,2.3,1.9,11.59,180,-0.16,0.03,-0.23
190,2.25,1.87,11.5,190,-0.16,0.02,-0.23
200,2.12,1.93,11.51,200,-0.17,0.02,-0.22
210,1.92,1.99,11.65,210,-0.18,0.01,-0.2
220,1.79,2.06,11.74,220,-0.17,0.01,-0.18
230,1.56,2.27,11.87,230,-0.16,-0.01,-0.15
240,1.1,2.41,11.93,240,-0.15,-0.04,-0.09
250,0.66,2.7,12.11,250,-0.13,-0.07,0
260,0.21,2.85,12.27,260,-0.1,-0.09,0.12
270,-0.31,2.98,12.33,270,-0.06,-0.14,0.28
280,-1.24,2.97,12.45,280,-0.04,-0.22,0.5
290,-1.68,2.84,12.82,290,-0.02,-0.36,0.81
300,-1.62,2.56,12.3,300,0.04,-0.59,1.18
310,-0.66,1.98,11.08,310,0.06,-0.84,1.61
320,1.8,1.07,10,320,0.02,-1.01,2.02
330,6.34,-0.18,9.77,330,0,-1,2.21
340,11.04,-1.63,9.48,340,-0.03,-0.91,2.03
350,14.3,-2.38,9.06,350,-0.1,-0.87,1.57
360,16.24,-2.53,8.5,360,-0.21,-0.84,1.03
370,18.23,-3.85,8.6,370,-0.31,-0.77,0.47
380,20.07,-4.23,7.62,380,-0.45,-0.51,-0.28
390,23.91,-5.44,7.57,390,-0.66,-0.37,-1.29
400,25.59,-7.02,8.22,400,-0.84,0.09,-2.74
410,27.36,-8.14,10.33,410,-0.87,0.64,-4.07
420,30.66,-11.59,8.57,420,-1.07,0.11,-5.95
430,26.7,-15.13,7.91,430,-1.46,0.15,-8.05
440,19.33,-16.86,9.13,440,-1.72,0.38,-8.73
450,12.64,-19.09,9.33,450,-1.92,0.21,-8.73
460,6.94,-21.48,9.22,460,-2.22,-0.05,-8.73
470,0.76,-21.84,11.12,470,-2.56,-0.19,-8.73
480,-8.04,-18.79,15.33,480,-2.58,0,-8.73
490,-13.63,-16.11,17.79,490,-2.17,0.25,-8.73
500,-17.48,-10.98,18.42,500,-1.67,0.86,-8.73
510,-23.62,-5.91,20.5,510,-1.06,1.37,-8.73
520,-25.43,-2.04,18.34,520,-0.38,1.37,-7.43
530,-24.63,0.42,13.89,530,-0.18,0.9,-5.91
540,-21.31,0.53,11.52,540,-0.41,0.17,-4.52
550,-17.4,0.62,12.45,550,-0.63,-0.32,-3.52
560,-15.33,0.51,13.51,560,-0.58,-0.39,-2.79
570,-14.15,0.49,13.1,570,-0.45,-0.33,-2.18
580,-13.74,0.56,12.57,580,-0.38,-0.34,-1.62
590,-12.97,0.66,12.61,590,-0.36,-0.43,-0.99
600,-12.28,0.84,12.97,600,-0.32,-0.42,-0.47
610,-12.12,1.19,13.3,610,-0.24,-0.39,0.05
620,-11.87,1.29,13.04,620,-0.16,-0.43,0.63
630,-11.24,1.09,12.76,630,-0.12,-0.49,1.2
640,-10.18,0.56,13.15,640,-0.06,-0.55,1.73
650,-8.41,0.01,13.05,650,0.07,-0.54,2.17
660,-6.3,-0.8,12.3,660,0.2,-0.42,2.48
670,-5.26,-1.19,11.97,670,0.25,-0.2,2.68
680,-5.84,-0.99,13.04,680,0.27,-0.02,2.9
690,-6.64,-0.8,14.01,690,0.36,0.07,3.22
700,-7.19,-0.89,14.95,700,0.48,0.08,3.61
710,-7.9,-1.01,15.61,710,0.66,0.04,4.06
720,-8.31,-1.45,15.31,720,0.84,-0.04,4.59
730,-8.12,-2.33,15.18,730,1.01,-0.12,5.13
740,-6.96,-3.39,14.1,740,1.19,-0.2,5.65
750,-4.89,-4.78,12.72,750,1.29,-0.22,6.04
760,-3.98,-5.26,12.81,760,1.32,-0.1,6.3
770,-4.04,-5.68,13.4,770,1.43,0.02,6.56
780,-5.8,-6.05,14.25,780,1.59,0.2,6.97
790,-6.91,-7.04,14.57,790,1.78,0.25,7.52
800,-5.05,-9.06,14.23,800,2.02,0.32,8.12
810,-1.9,-10.73,14.36,810,2.15,0.48,8.49
820,1.34,-11.97,14.3,820,2.28,0.29,8.68
830,5.6,-12.81,11.4,830,2.32,-0.08,8.59
840,8.62,-12.37,8.67,840,2.16,-0.24,8.21
850,10.59,-11.21,8.51,850,1.88,-0.32,7.71
860,12.12,-10.21,9.68,860,1.76,-0.28,7.18
870,14.91,-9.54,9.83,870,1.73,-0.19,6.55
880,16.38,-8.6,11.11,880,1.71,0.06,5.75
890,17.36,-7.54,11.61,890,1.85,0.3,4.96
900,18.32,-7.02,10.6,900,1.96,0.52,4.19
910,19.12,-6.63,8.95,910,1.93,0.71,3.39
920,18.84,-6.07,6.95,920,1.69,0.77,2.59
930,18.18,-5.36,6.06,930,1.3,0.64,1.87
940,17.61,-4.81,5.77,940,0.86,0.4,1.24
950,17.27,-4.39,5.87,950,0.43,0.2,0.64
960,16.88,-4.19,6.38,960,0.03,0.07,0.01
970,16.86,-4.02,7.02,970,-0.29,-0.1,-0.57
980,17.35,-3.97,7.14,980,-0.57,-0.26,-1.16
990,18.68,-4.16,6.83,990,-0.82,-0.3,-1.82
1000,19.97,-4.6,6.97,1000,-1.03,-0.16,-2.62
1010,19.79,-5.15,7.09,1010,-1.23,-0.01,-3.53
1020,18.85,-6.04,7.25,1020,-1.44,0.09,-4.42
1030,17.46,-7.09,7.53,1030,-1.69,0.08,-5.3
1040,14.88,-7.89,8.12,1040,-1.97,-0.01,-6.11
1050,11.75,-8.51,9.08,1050,-2.2,-0.11,-6.74
1060,9.75,-9.22,9.78,1060,-2.4,-0.27,-7.2
1070,8.29,-9.82,10.66,1070,-2.56,-0.36,-7.59
1080,6.74,-10.34,11.79,1080,-2.62,-0.37,-7.94
1090,4.22,-10.53,12.64,1090,-2.63,-0.29,-8.18
1100,3.6,-10.69,13.56,1100,-2.55,-0.21,-8.34
1110,2.86,-11.02,14.19,1110,-2.41,-0.09,-8.54
1120,-0.44,-10.64,13.65,1120,-2.27,-0.02,-8.62
1130,-3.71,-9.51,13.01,1130,-2.26,-0.13,-8.41
1140,-4.27,-8.69,12.93,1140,-2.38,-0.48,-7.99
1150,-4.43,-7.56,14.05,1150,-2.4,-0.55,-7.68
1160,-5.19,-7.09,15.1,1160,-2.23,-0.37,-7.37
1170,-5.4,-5.81,15.42,1170,-1.96,-0.07,-7.02
1180,-6.14,-4.93,15.3,1180,-1.63,0.21,-6.65
1190,-6.35,-4.47,14.43,1190,-1.32,0.38,-6.2
1200,-6.29,-4.01,12.76,1200,-1.14,0.41,-5.8
1210,-6.26,-4.06,11.52,1210,-1.2,0.17,-5.45
1220,-6.31,-3.83,12.1,1220,-1.39,-0.14,-5.1
1230,-6.6,-3.18,14.4,1230,-1.44,-0.32,-4.78
1240,-7.05,-2.62,16.62,1240,-1.25,-0.39,-4.47
1250,-8.34,-1.87,17.09,1250,-0.94,-0.38,-4.18
1260,-10.53,-1.04,16.45,1260,-0.65,-0.41,-3.78
1270,-12.62,-0.3,15.54,1270,-0.49,-0.47,-3.22
1280,-14.34,0.55,15.56,1280,-0.37,-0.49,-2.55
1290,-15.42,1.23,15.38,1290,-0.22,-0.44,-1.79
1300,-16.17,1.59,15,1300,-0.1,-0.35,-0.99
1310,-16.5,1.81,14.83,1310,0,-0.32,-0.14
1320,-16.23,1.67,15.08,1320,0.07,-0.39,0.71
1330,-15.41,1.19,15.66,1330,0.19,-0.43,1.56
1340,-14.54,0.78,15.82,1340,0.35,-0.45,2.25
1350,-14.66,0.58,16.34,1350,0.53,-0.47,2.9
1360,-14.96,0.08,16.09,1360,0.76,-0.58,3.63
1370,-13.87,-1.06,14.45,1370,0.95,-0.71,4.41
1380,-11.96,-2.22,12.82,1380,1.04,-0.76,5.09
1390,-10.41,-3.64,12.17,1390,1.08,-0.69,5.61
1400,-9.63,-4.4,12.03,1400,1.14,-0.31,6.06
1410,-8.99,-5.69,12.04,1410,1.18,0.01,6.55
1420,-7.17,-7.21,12.13,1420,1.21,0.23,7
1430,-4.08,-8.81,12.52,1430,1.23,0.47,7.32
1440,0.67,-9.5,13.56,1440,1.23,0.62,7.42
1450,4.68,-9.18,13.67,1450,1.33,0.5,6.98
1460,4.09,-8.81,13.29,1460,1.43,0.55,6.61
1470,3.92,-8.31,12.4,1470,1.41,0.44,6.33
1480,3.25,-7.69,12.26,1480,1.34,0.35,6.08
1490,3.14,-7.47,12.51,1490,1.29,0.33,5.95
1500,3.65,-7.25,14.29,1500,1.26,0.44,5.78
1510,3.88,-6.65,15.61,1510,1.44,0.62,5.6
1520,4.35,-6.38,16.02,1520,1.69,0.96,5.4
1530,4.57,-6.04,16.02,1530,1.91,1.21,5.18
1540,4.86,-5.71,14.13,1540,2.04,1.16,4.99
1550,5.88,-5.56,11.24,1550,1.9,0.93,4.79
1560,6.5,-4.95,10,1560,1.61,0.75,4.52
1570,7.24,-3.99,8.82,1570,1.26,0.48,4.21
1580,6.7,-3.48,9.36,1580,0.88,0.26,3.86
1590,5.76,-2.47,10.51,1590,0.64,0.21,3.61
1600,5.95,-1.8,11.71,1600,0.48,-0.03,3.37
1610,5.29,-1.81,13.87,1610,0.54,0.03,3.14
1620,4.94,-1.78,14.45,1620,0.8,0.2,3.04
1630,6,-2.37,13.33,1630,1.03,0.31,3
1640,7.78,-2.9,11.84,1640,1.13,0.42,2.87
1650,9.22,-3.2,10.58,1650,1.12,0.47,2.67
1660,10.64,-3.39,9.47,1660,1.03,0.43,2.42
1670,12.38,-3.5,8.38,1670,0.86,0.35,2.12
1680,14.71,-3.9,7.53,1680,0.62,0.25,1.75
1690,17.12,-4.16,7.21,1690,0.31,0.09,1.23
1700,18.61,-4.27,7.18,1700,0.03,-0.06,0.56
1710,19.42,-4.75,6.66,1710,-0.29,-0.19,-0.22
1720,20.2,-4.87,6.54,1720,-0.61,-0.34,-0.93
1730,19.97,-5.03,6.72,1730,-0.89,-0.47,-1.7
1740,17.54,-5.27,7.45,1740,-1.13,-0.48,-2.42
1750,14.89,-5.28,8.61,1750,-1.24,-0.49,-2.89
1760,13.89,-5.35,9.64,1760,-1.18,-0.33,-3.19
1770,14.43,-5.35,8.94,1770,-1,-0.07,-3.54
1780,13.26,-5.63,7.76,1780,-0.95,0.16,-3.91
1790,12.14,-5.65,7.02,1790,-1.02,0.28,-4.19
1800,11.71,-5.92,6.62,1800,-1.16,0.28,-4.48
1810,10.79,-6.12,6.57,1810,-1.34,0.22,-4.78
1820,10.43,-6.28,6.62,1820,-1.57,0.06,-5.07
1830,8.94,-6.17,7.26,1830,-1.78,0.06,-5.37
1840,7.74,-6.33,8.85,1840,-1.93,0.07,-5.6
1850,4.94,-6.2,10.05,1850,-1.98,0.15,-5.8
1860,2.57,-5.57,10.22,1860,-2.04,0.02,-5.83
1870,-0.11,-5.41,11.93,1870,-2.16,-0.13,-5.76
1880,-2.02,-4.55,14.18,1880,-2.05,-0.16,-5.51
1890,-1.71,-3.91,13.94,1890,-1.77,-0.17,-5.14
1900,0.2,-4.16,12.37,1900,-1.7,-0.09,-4.93
1910,0.57,-4.21,12.92,1910,-1.66,0.11,-4.93
1920,0.8,-4.3,13.42,1920,-1.58,0.26,-4.92
1930,1.29,-4.92,13.95,1930,-1.55,0.26,-5.03
1940,0.78,-4.99,14.41,1940,-1.5,0.19,-5.18
1950,-0.82,-4.85,14.41,1950,-1.47,-0.02,-5.24
1960,-2.24,-4.53,14.6,1960,-1.47,-0.28,-5.18
1970,-2.99,-3.98,14.73,1970,-1.43,-0.45,-5.05
1980,-3.7,-3.78,14.76,1980,-1.32,-0.39,-4.8
1990,-2.05,-3.7,14.36,1990,-1.2,-0.24,-4.61
2000,-1.72,-3.99,13.79,2000,-1.11,-0.1,-4.56
2010,-1.43,-4.3,13.88,2010,-1.12,-0.18,-4.54
2020,-0.7,-4.49,14.43,2020,-1.12,-0.39,-4.55
2030,-1.56,-4.32,14.75,2030,-1.09,-0.62,-4.59
2040,-2.72,-4.08,14.83,2040,-1.03,-0.81,-4.55
2050,-4.8,-3.16,14.39,2050,-0.94,-0.88,-4.43
2060,-7.25,-2.28,14.1,2060,-0.88,-0.87,-4.1
2070,-8.25,-1.63,13.63,2070,-0.78,-0.73,-3.63
2080,-8.69,-1.34,12.94,2080,-0.71,-0.48,-3.17
2090,-9.76,-0.8,13.12,2090,-0.68,-0.19,-2.66
2100,-10.59,-0.28,13.77,2100,-0.63,-0.04,-2.21
2110,-12.55,-0.25,15.28,2110,-0.52,0.09,-1.66
2120,-13.56,0.53,16.69,2120,-0.36,0.02,-1.04
2130,-15.05,0.74,17.16,2130,-0.15,-0.14,-0.38
2140,-16.12,0.98,16.91,2140,0.08,-0.31,0.38
2150,-16.96,0.8,16.56,2150,0.27,-0.41,1.19
2160,-16.53,0.05,16,2160,0.45,-0.46,2.08
2170,-14.12,-0.95,15.98,2170,0.61,-0.5,2.89
2180,-10.97,-2.25,15.29,2180,0.82,-0.46,3.48
2190,-8.23,-3.34,13.64,2190,0.91,-0.41,3.87
2200,-6.29,-3.87,13.32,2200,0.94,-0.28,4.11
2210,-4.96,-4.19,13.67,2210,1.01,-0.05,4.27
2220,-5.35,-4.21,14.03,2220,1.1,0.21,4.48
2230,-5.52,-4.61,14.72,2230,1.17,0.21,4.84
2240,-4.12,-5.51,14.49,2240,1.29,0.17,5.23
2250,-1.75,-6.32,13.67,2250,1.36,0.22,5.45
2260,0.33,-7.06,12.4,2260,1.41,0.53,5.46
2270,1.66,-7.01,12.7,2270,1.26,0.72,5.38
2280,1.71,-6.7,14.78,2280,1.24,0.82,5.27
2290,1.08,-6.42,15.66,2290,1.4,0.89,5.22
2300,0.51,-6.32,15.35,2300,1.6,1.08,5.24
2310,-0.25,-6.09,15.29,2310,1.73,1.13,5.32
2320,-1.01,-6.08,14.47,2320,1.82,0.94,5.45
2330,-1.65,-6.14,13.53,2330,1.84,0.72,5.62
2340,-1.43,-6.33,12.4,2340,1.78,0.42,5.84
2350,0.06,-6.55,11.51,2350,1.66,0.13,6.01
2360,1.92,-6.82,11.11,2360,1.55,0,6.03
2370,2.57,-6.7,11.48,2370,1.49,0.08,5.93
2380,2.26,-6.73,12.5,2380,1.5,0.18,5.83
2390,1.44,-6.56,13.21,2390,1.59,0.22,5.82
2400,1.6,-6.94,12.79,2400,1.74,0.39,5.95
2410,4.6,-7.39,13.01,2410,1.88,0.66,5.95
2420,5.25,-7.92,12.98,2420,1.96,0.75,5.86
2430,7.36,-8.25,11.87,2430,1.98,0.59,5.74
2440,9.69,-8.58,10.8,2440,1.88,0.44,5.49
2450,12.02,-8.57,9.73,2450,1.69,0.26,5.06
2460,14.1,-8.39,8.94,2460,1.47,0.18,4.57
2470,15.8,-7.9,9.08,2470,1.26,0.17,4.02
2480,17.46,-7.7,9.25,2480,1.1,0.16,3.41
2490,18.53,-7.67,8.94,2490,0.94,0.13,2.75
2500,19.42,-7.48,8.48,2500,0.74,0.04,2.05
2510,19.79,-7.35,7.55,2510,0.49,-0.11,1.35
2520,20.32,-7.38,6.71,2520,0.15,-0.33,0.67
2530,21.38,-7.58,6.9,2530,-0.19,-0.48,-0.05
2540,23.15,-7.77,7.24,2540,-0.43,-0.56,-0.86
2550,25.16,-8.22,6.89,2550,-0.63,-0.49,-1.84
2560,23.86,-8.9,7.56,2560,-0.79,-0.23,-2.9
2570,23.9,-8.88,5.85,2570,-0.93,-0.17,-3.96
2580,19.44,-10.29,5.7,2580,-1.33,-0.19,-5.02
2590,16.19,-10.09,7.16,2590,-1.65,-0.14,-5.85
2600,13.51,-9.9,8.62,2600,-1.81,-0.09,-6.5
2610,10.38,-10.06,9.3,2610,-1.93,-0.14,-7.02
2620,8.2,-10.09,10.04,2620,-2.11,-0.33,-7.35
2630,6.22,-10.39,11.09,2630,-2.28,-0.46,-7.64
2640,3.93,-10.1,12.16,2640,-2.37,-0.54,-7.85
2650,2.82,-10.28,13.91,2650,-2.36,-0.56,-7.95
2660,1.51,-9.9,14.39,2660,-2.18,-0.32,-8.06
2670,-0.49,-9.68,14.95,2670,-1.95,-0.02,-8.06
2680,-0.84,-9.58,15.06,2680,-1.76,0.14,-8
2690,-3.27,-8.81,14.83,2690,-1.57,0.26,-7.93
2700,-5.92,-7.79,14.75,2700,-1.48,0.21,-7.65
2710,-6.9,-6.3,15.52,2710,-1.41,0.04,-7.21
2720,-7.5,-5.47,15.42,2720,-1.27,-0.12,-6.77
2730,-7.15,-4.45,14.31,2730,-1.17,-0.33,-6.26
2740,-4.45,-3.97,12.93,2740,-1.1,-0.56,-5.87
2750,-2.99,-3.68,11.4,2750,-1.11,-0.71,-5.66
2760,-1.69,-4.43,9.94,2760,-1.21,-0.87,-5.47
2770,0.67,-5.31,9.49,2770,-1.4,-0.88,-5.43
2780,1.93,-6.19,10.31,2780,-1.53,-0.62,-5.6
2790,2.22,-7.18,11.56,2790,-1.61,-0.47,-5.85
2800,0.3,-7.01,12.32,2800,-1.62,-0.39,-6.08
2810,-1.67,-6.94,13.05,2810,-1.64,-0.54,-6.11
2820,-3.26,-5.49,14.12,2820,-1.64,-0.76,-6
2830,-5.73,-5.37,15.18,2830,-1.53,-0.97,-5.81
2840,-6.6,-4.42,14.91,2840,-1.36,-1.04,-5.43
2850,-7.3,-3.9,14.1,2850,-1.2,-0.84,-5.04
2860,-7.81,-3.85,13.55,2860,-1.08,-0.55,-4.64
2870,-7.4,-3.71,13.49,2870,-1.03,-0.31,-4.26
2880,-8.52,-3.22,14.54,2880,-0.98,-0.07,-3.93
2890,-9.95,-2.38,16.47,2890,-0.83,0.03,-3.51
2900,-13.32,-1.31,17.62,2900,-0.6,0.01,-2.99
2910,-16.81,-0.08,19.07,2910,-0.31,0.1,-2.29
2920,-20.44,1.21,19.76,2920,0.07,0.15,-1.38
2930,-23.01,1.77,19.29,2930,0.47,0.16,-0.22
2940,-23.13,1.06,17.07,2940,0.76,0.02,1.07
2950,-21.52,-0.77,14.98,2950,0.82,-0.13,2.32
2960,-17.86,-2.76,14.36,2960,0.83,-0.18,3.3
2970,-13.61,-4.3,14.81,2970,0.87,-0.01,3.99
2980,-11.81,-4.85,15.58,2980,0.99,0.29,4.42
2990,-11.97,-5.06,15.23,2990,1.15,0.41,4.88
3000,-13.64,-5.16,14.6,3000,1.13,0.27,5.46
3010,-16.38,-5.82,15.44,3010,1.17,0.08,6.38
3020,-15.86,-7.96,16.15,3020,1.33,-0.05,7.4
3030,-12,-11.42,15.69,3030,1.56,-0.27,8.29
3040,-7.52,-14.17,14.63,3040,1.71,-0.46,8.73
3050,-2.43,-15.91,15.17,3050,1.91,-0.38,8.73
3060,6.03,-16.62,13.42,3060,2.12,-0.05,8.73
3070,8.65,-15.34,13.59,3070,2.12,0.59,8.02
3080,6.27,-13.22,14.08,3080,2.21,1.09,7.28
3090,2.3,-11.42,14.06,3090,2.23,1.61,6.95
3100,-1.61,-10.58,16.6,3100,2.31,2.2,6.97
3110,-4.69,-10.12,18.36,3110,2.58,2.69,7.31
3120,-4.18,-11.01,17.61,3120,2.83,2.86,7.86
3130,0.33,-12.44,16.33,3130,2.9,2.6,8.22
3140,4.98,-13.14,15.55,3140,2.83,2.13,8.19
3150,11.39,-12.62,12.39,3150,2.73,1.47,7.62
3160,11.17,-10.55,9.13,3160,2.31,0.87,6.69
3170,7.92,-8.18,7.85,3170,1.78,0.36,6.01
3180,3.6,-6.82,9,3180,1.37,0.12,5.68
3190,-0.33,-6.03,11.33,3190,1.25,-0.03,5.81
3200,-1.17,-6.27,12.27,3200,1.37,0.03,6.18
3210,-0.03,-7.52,12.52,3210,1.6,0.36,6.58
3220,2.41,-8.61,13,3220,1.83,0.68,6.88
3230,5.14,-9.88,12.79,3230,2.04,0.81,7.02
3240,7.27,-10.98,13.08,3240,2.18,0.99,7.05
3250,13.09,-11.72,8.75,3250,2.19,0.71,6.8
3260,18.9,-11.97,3.86,3260,1.61,0.23,6.08
3270,22.48,-11.26,4.32,3270,0.77,-0.08,5.03
3280,25.34,-10.24,5.05,3280,0.22,-0.29,3.88
3290,26.32,-9.83,5.07,3290,-0.29,-0.4,2.68
3300,25.53,-9.74,6.6,3300,-0.8,-0.48,1.5
3310,23.54,-9.87,8.85,3310,-1.16,-0.58,0.45
3320,23.03,-10.2,10.65,3320,-1.35,-0.69,-0.45
3330,25.29,-10.58,11.02,3330,-1.44,-0.86,-1.38
3340,27.57,-11.25,10.15,3340,-1.45,-0.7,-2.49
3350,28.48,-12.23,9.13,3350,-1.47,-0.41,-3.77
3360,27.77,-13.32,7.86,3360,-1.67,-0.3,-5.16
3370,23.7,-14.16,7.2,3370,-1.96,-0.18,-6.48
3380,18.12,-14.93,7.11,3380,-2.36,-0.22,-7.6
3390,13.04,-15.16,8.63,3390,-2.71,-0.37,-8.29
3400,8.84,-15.01,11.01,3400,-2.96,-0.62,-8.72
3410,3.16,-13.79,13.17,3410,-3.06,-0.73,-8.73
3420,-0.57,-12.33,15.2,3420,-2.96,-0.66,-8.67
3430,-1.36,-10.98,17.09,3430,-2.72,-0.48,-8.39
3440,-1.63,-9.6,18.13,3440,-2.29,-0.25,-8.13
3450,-0.38,-9.18,16.18,3450,-1.85,-0.05,-7.93
3460,0.45,-9.12,13.36,3460,-1.6,0.14,-7.87
3470,-0.63,-8.63,11.08,3470,-1.57,0.1,-7.81
3480,-2.22,-8.23,10.37,3480,-1.75,-0.18,-7.59
3490,-3.42,-7.68,10.58,3490,-1.98,-0.55,-7.3
3500,-4.76,-6.91,12.53,3500,-2.18,-0.84,-7.01
3510,-4.85,-5.95,14.89,3510,-2.16,-0.85,-6.67
3520,-3.82,-5.46,16.39,3520,-1.93,-0.71,-6.39
3530,-3.06,-5.26,15.41,3530,-1.62,-0.5,-6.22
3540,-1.64,-5.53,13.99,3540,-1.45,-0.41,-6.12
3550,-0.7,-5.81,12.71,3550,-1.37,-0.39,-6.14
3560,-1.51,-5.64,11.48,3560,-1.38,-0.48,-6.18
3570,-2.76,-5.18,10.61,3570,-1.52,-0.85,-6.04
3580,-3.43,-4.79,10.51,3580,-1.69,-1.14,-5.81
3590,-2.24,-4.76,11.01,3590,-1.8,-1.21,-5.57
3600,-1.07,-5.13,11.02,3600,-1.8,-0.99,-5.49
3610,-0.52,-5.82,11.35,3610,-1.83,-0.73,-5.5
3620,0.14,-6.39,12.44,3620,-1.83,-0.5,-5.56
3630,0.64,-6.99,13.29,3630,-1.8,-0.45,-5.68
3640,0.79,-7.44,14.19,3640,-1.8,-0.55,-5.82
3650,0.93,-7.74,15.52,3650,-1.75,-0.68,-5.99
3660,0.61,-7.57,15.98,3660,-1.59,-0.8,-6.15
3670,-1.88,-6.69,15.61,3670,-1.42,-0.83,-6.19
3680,-4.62,-5.29,15.2,3680,-1.3,-0.82,-5.96
3690,-7.6,-5.06,15.43,3690,-1.2,-0.7,-5.59
3700,-9.59,-3.31,15.6,3700,-1.01,-0.24,-4.99
3710,-11.11,-1.86,16.21,3710,-0.84,0.19,-4.4
3720,-14.18,-0.75,16.97,3720,-0.64,0.3,-3.79
3730,-18.2,0.03,17.76,3730,-0.43,0.39,-2.86
3740,-19.34,0.88,17.42,3740,-0.25,0.3,-1.78
3750,-18.68,-0.14,16.8,3750,-0.08,0.23,-0.65
3760,-17.62,-0.61,16.52,3760,0.01,0.23,0.22
3770,-17.3,-1.05,17.17,3770,0.14,0.29,1.01
3780,-17.89,-0.96,18.02,3780,0.34,0.36,1.79
3790,-17.63,-1.32,17.77,3790,0.55,0.22,2.65
3800,-15.57,-2.18,16.98,3800,0.73,-0.01,3.46
3810,-13.28,-3.01,16.06,3810,0.9,-0.15,4.16
3820,-11.3,-3.58,15.07,3820,1.04,-0.23,4.78
3830,-9.48,-4.61,13.79,3830,1.12,-0.36,5.35
3840,-7.57,-5.65,12.94,3840,1.13,-0.46,5.83
3850,-5.33,-6.86,12.89,3850,1.18,-0.48,6.22
3860,-1.51,-8.1,12.9,3860,1.31,-0.32,6.42
3870,1.7,-8.64,12.3,3870,1.43,-0.03,6.37
3880,2.24,-8.49,12.04,3880,1.47,0.24,6.23
3890,3.83,-8.71,11.82,3890,1.49,0.38,6.1
3900,5.28,-8.28,12.01,3900,1.44,0.55,5.85
3910,3.27,-7.21,13.76,3910,1.42,0.73,5.62
3920,1.62,-6.59,14.61,3920,1.53,0.76,5.64
3930,0.99,-6.51,14.98,3930,1.66,0.82,5.75
3940,0.2,-6.51,15.5,3940,1.84,0.78,5.91
3950,-0.22,-6.72,13.99,3950,2.03,0.73,6.11
3960,0.11,-7.21,11.84,3960,2.03,0.68,6.32
3970,0.57,-7.49,11.69,3970,1.93,0.62,6.48
3980,0.49,-7.45,11.78,3980,1.91,0.58,6.63
3990,0.51,-7.89,11.87,3990,1.91,0.56,6.79
4000,0,-8.18,12.96,4000,1.96,0.64,6.96
4010,-0.84,-8.56,13.57,4010,2.11,0.77,7.21
4020,0.25,-9.47,13.98,4020,2.29,1.07,7.48
4030,1.22,-10.14,15.85,4030,2.54,1.56,7.61
4040,3.15,-10.5,17.12,4040,2.79,1.71,7.66
4050,4.44,-10.42,16.77,4050,3,1.49,7.62
4060,6.32,-10.53,13.34,4060,3.05,1.06,7.49
4070,7.28,-10.04,11.1,4070,2.84,0.76,7.19
4080,7.79,-9.03,10.25,4080,2.59,0.49,6.87
4090,9.47,-8.57,10.88,4090,2.43,0.44,6.51
4100,11.09,-7.88,11.67,4100,2.42,0.54,6.04
4110,12.4,-7.49,11.31,4110,2.4,0.55,5.55
4120,13.84,-7.19,11.84,4120,2.45,0.71,4.98
4130,14.34,-6.95,10.93,4130,2.57,1.02,4.32
4140,15.36,-6.9,9.32,4140,2.54,1.11,3.77
4150,17.61,-6.68,6.87,4150,2.28,1.06,3.21
4160,19.55,-6.65,5.43,4160,1.85,0.92,2.49
4170,19.6,-6.33,3.93,4170,1.24,0.58,1.59
4180,18.67,-5.91,4.83,4180,0.59,0.37,0.83
4190,18.81,-5.63,5.22,4190,0.09,0.07,0.16
4200,20.37,-5.92,5.48,4200,-0.39,-0.16,-0.54
4210,21.41,-6.24,6.28,4210,-0.77,-0.23,-1.4
4220,21.84,-6.65,6.33,4220,-1.09,-0.25,-2.33
4230,22.63,-7.19,6.59,4230,-1.41,-0.26,-3.29
4240,22.62,-8.14,7,4240,-1.71,-0.28,-4.35
4250,20.38,-9.35,7.33,4250,-2.01,-0.35,-5.46
4260,15.51,-9.76,8.12,4260,-2.32,-0.42,-6.36
4270,11.19,-9.86,9.49,4270,-2.58,-0.52,-6.94
4280,7.89,-9.7,10.69,4280,-2.76,-0.67,-7.24
4290,6.78,-9.67,11.93,4290,-2.9,-0.8,-7.39
4300,7.07,-9.43,13.63,4300,-2.93,-0.82,-7.57
4310,6.9,-9.74,14.63,4310,-2.81,-0.7,-7.84
4320,4.93,-10.49,14.8,4320,-2.67,-0.56,-8.19
4330,0.54,-9.96,15.36,4330,-2.61,-0.62,-8.33
4340,-2.89,-8.79,15.84,4340,-2.47,-0.68,-8.15
4350,-6.79,-7.17,15.97,4350,-2.33,-0.77,-7.7
4360,-7.32,-5.29,15.89,4360,-2.16,-0.8,-7
4370,-5.59,-4.26,15.45,4370,-1.91,-0.53,-6.41
4380,-3.95,-3.55,14.65,4380,-1.64,-0.15,-6
4390,-2.44,-3.73,13.87,4390,-1.47,0.08,-5.72
4400,-0.68,-3.53,13.33,4400,-1.41,0.04,-5.6
4410,-0.21,-3.96,13.52,4410,-1.42,-0.17,-5.62
4420,-0.24,-3.99,13.44,4420,-1.41,-0.37,-5.68
4430,-1.05,-4.08,13.21,4430,-1.44,-0.6,-5.7
4440,-2.27,-3.51,13.7,4440,-1.46,-0.85,-5.61
4450,-3.2,-2.84,13.65,4450,-1.4,-0.99,-5.4
4460,-4.06,-2.29,12.93,4460,-1.34,-1,-5.1
4470,-4.21,-1.71,12.47,4470,-1.27,-0.87,-4.73
4480,-3.18,-1.84,11.78,4480,-1.2,-0.66,-4.38
4490,-0.89,-2.46,11.42,4490,-1.17,-0.37,-4.17
4500,1.78,-3.31,11.47,4500,-1.15,-0.08,-4.22
4510,2.44,-4.01,11.57,4510,-1.17,-0.03,-4.44
4520,1.33,-4.06,12.27,4520,-1.24,-0.22,-4.62
4530,-0.05,-3.72,13.2,4530,-1.28,-0.53,-4.69
4540,-1.88,-3.21,13.95,4540,-1.26,-0.81,-4.63
4550,-2.66,-2.38,14.27,4550,-1.16,-0.91,-4.46
4560,-3.7,-1.49,13.66,4560,-1.01,-0.88,-4.22
4570,-4.78,-1.02,12.67,4570,-0.94,-0.81,-3.88
4580,-4.56,-0.9,11.9,4580,-0.92,-0.65,-3.47
4590,-2.93,-1.17,11.52,4590,-0.92,-0.38,-3.16
4600,-1.05,-1.86,11.79,4600,-0.94,-0.15,-2.99
4610,-0.23,-2.03,12.13,4610,-0.94,0.05,-3
4620,-0.72,-2.29,12.81,4620,-0.95,0.12,-3.01
4630,-1.79,-1.47,13.71,4630,-0.92,0.12,-2.97
4640,-3.28,-1.01,14.47,4640,-0.86,-0.05,-2.84
4650,-4.6,-0.13,15.05,4650,-0.73,-0.15,-2.61
4660,-5.49,0.41,14.91,4660,-0.57,-0.23,-2.28
4670,-5.54,0.93,14.17,4670,-0.41,-0.28,-1.9
4680,-4.8,0.99,13.11,4680,-0.3,-0.25,-1.52
4690,-3.12,0.74,11.86,4690,-0.26,-0.16,-1.18
4700,-1.87,0.45,11.11,4700,-0.29,-0.08,-0.99
4710,-1.01,0.12,11.29,4710,-0.37,-0.02,-0.85
4720,-0.26,0.08,11.93,4720,-0.39,0.08,-0.8
4730,-0.35,0.01,12.46,4730,-0.38,0.17,-0.79
4740,-0.8,0.26,13.02,4740,-0.34,0.22,-0.75
4750,-0.96,0.36,13.32,4750,-0.28,0.2,-0.67
4760,-1.13,0.58,13.23,4760,-0.22,0.18,-0.59
4770,-1.5,0.75,13.45,4770,-0.18,0.09,-0.48
4780,-1.31,0.74,13.42,4780,-0.11,0.02,-0.34
4790,-0.65,0.76,13.02,4790,-0.05,-0.01,-0.23
4800,-0.19,0.72,12.5,4800,-0.02,-0.03,-0.16
4810,0.34,0.68,12.13,4810,-0.03,-0.05,-0.1
4820,0.78,0.56,12.08,4820,-0.05,-0.06,-0.05
4830,1.53,0.48,12.22,4830,-0.05,-0.03,-0.04
4840,1.95,0.44,12.12,4840,-0.05,0.02,-0.09
4850,1.99,0.48,12.28,4850,-0.04,0.06,-0.14
4860,1.78,0.62,12.45,4860,-0.03,0.03,-0.19
4870,1.6,0.76,12.36,4870,-0.02,-0.02,-0.21
4880,1.21,1.07,12.17,4880,0,-0.04,-0.21
4890,0.94,1.16,12,4890,0.01,-0.06,-0.18
4900,0.76,1.19,11.75,4900,0.01,-0.07,-0.13
4910,0.83,1.1,11.49,4910,0.01,-0.05,-0.09
4920,1.25,0.97,11.35,4920,0,0.02,-0.06
4930,1.32,0.99,11.4,4930,-0.03,0.07,-0.07
4940,1.28,0.97,11.66,4940,-0.05,0.08,-0.07
4950,1.68,0.85,11.73,4950,-0.04,0.06,-0.07
4960,1.83,0.86,11.55,4960,-0.06,0.06,-0.11
4970,1.53,0.92,11.54,4970,-0.08,0.04,-0.14
4980,1.32,1.02,11.66,4980,-0.1,0.02,-0.14
4990,1.28,1.08,11.84,4990,-0.1,-0.01,-0.12
5000,1.48,0.99,11.68,5000,-0.1,0.01,-0.11
5010,1.95,0.93,11.4,5010,-0.1,0.07,-0.13
5020,2,0.91,11.37,5020,-0.13,0.11,-0.17
5030,1.81,0.95,11.74,5030,-0.15,0.12,-0.2
5040,1.67,1,12.03,5040,-0.15,0.11,-0.21
5050,1.5,1.09,12.22,5050,-0.12,0.09,-0.21
5060,1.41,1.08,11.84,5060,-0.1,0.07,-0.2
5070,1.29,1.08,11.72,5070,-0.12,0.05,-0.19
5080,1.28,1.08,11.99,5080,-0.13,0.02,-0.17
5090,1.39,1.02,11.97,5090,-0.12,0,-0.16
5100,1.48,1.08,11.8,5100,-0.13,-0.01,-0.16
5110,1.53,0.94,11.62,5110,-0.12,0.03,-0.16
5120,1.52,0.99,11.64,5120,-0.12,0.07,-0.17
5130,1.48,1,11.65,5130,-0.13,0.12,-0.17
5140,1.53,1.01,11.75,5140,-0.15,0.12,-0.17
5150,1.61,0.97,12.02,5150,-0.17,0.08,-0.17
5160,1.54,1.01,12.19,5160,-0.16,0.06,-0.18
5170,1.47,0.98,11.94,5170,-0.13,0.08,-0.19
5180,1.62,0.9,11.6,5180,-0.11,0.14,-0.19
5190,1.78,0.82,11.63,5190,-0.15,0.13,-0.22
5200,1.63,0.9,12.05,5200,-0.18,0.07,-0.24
5210,1.55,0.97,12.45,5210,-0.16,0.03,-0.25
5220,1.41,0.99,12.27,5220,-0.12,0.01,-0.25
5230,1.37,0.93,11.89,5230,-0.1,0,-0.25
5240,1.27,1.02,11.76,5240,-0.11,0,-0.24
5250,1.19,1.08,11.96,5250,-0.12,-0.01,-0.22
5260,1.34,1.09,12.12,5260,-0.12,-0.01,-0.19
5270,1.45,1.05,12.06,5270,-0.1,0,-0.18
5280,1.57,1,11.99,5280,-0.09,0.02,-0.19
5290,1.77,0.89,11.78,5290,-0.07,0.05,-0.2
5300,1.72,0.94,11.55,5300,-0.1,0.08,-0.23
5310,1.57,1.04,11.88,5310,-0.13,0.03,-0.24
5320,1.48,1.13,12.05,5320,-0.12,0.01,-0.24
5330,1.31,1.2,11.76,5330,-0.1,0.01,-0.23
5340,1.13,1.19,11.5,5340,-0.1,0.02,-0.22
5350,1.02,1.16,11.35,5350,-0.12,0.04,-0.2
5360,1.31,1.12,11.56,5360,-0.13,0.1,-0.18
5370,1.62,0.96,11.62,5370,-0.13,0.12,-0.19
5380,1.64,1.01,11.79,5380,-0.16,0.08,-0.2
5390,1.56,1.01,12.19,5390,-0.17,0.03,-0.22
5400,1.42,1.09,12.38,5400,-0.14,-0.02,-0.22
5410,1.44,1.05,12.19,5410,-0.11,-0.03,-0.22
5420,1.47,1.09,11.86,5420,-0.1,-0.04,-0.22
5430,1.36,1.09,11.83,5430,-0.11,-0.02,-0.22
5440,1.35,1.12,11.87,5440,-0.12,0,-0.21
5450,1.29,1.09,11.87,5450,-0.12,0.03,-0.2
5460,1.3,1.1,11.94,5460,-0.11,0.06,-0.2
5470,1.23,1.08,11.99,5470,-0.11,0.07,-0.19
5480,1.07,1.16,11.89,5480,-0.1,0.07,-0.18
5490,0.91,1.24,11.81,5490,-0.09,0.11,-0.16
5500,0.99,1.18,11.53,5500,-0.09,0.16,-0.13
5510,0.68,1.23,11.27,5510,-0.11,0.23,-0.11
5520,0.56,1.17,11.29,5520,-0.14,0.29,-0.06
5530,0.91,1.11,11.65,5530,-0.17,0.31,-0.03
5540,1.12,1.04,12.14,5540,-0.19,0.28,-0.02
5550,1.42,0.94,12.64,5550,-0.18,0.2,-0.03
5560,1.81,0.88,12.92,5560,-0.14,0.12,-0.06
5570,1.96,0.77,12.81,5570,-0.09,0.01,-0.1
5580,1.96,0.83,12.37,5580,-0.06,-0.06,-0.15
5590,1.74,0.92,12,5590,-0.05,-0.05,-0.19
5600,1.43,1.06,11.74,5600,-0.06,-0.01,-0.21
5610,1.27,1.15,11.67,5610,-0.08,0.05,-0.2
5620,1.3,1.23,11.73,5620,-0.09,0.1,-0.18
5630,1.35,1.19,11.9,5630,-0.1,0.1,-0.17
5640,1.42,1.18,11.97,5640,-0.09,0.08,-0.16
5650,1.47,1.14,11.99,5650,-0.09,0.06,-0.18
5660,1.48,1.1,11.79,5660,-0.09,0.03,-0.18
5670,1.51,1.12,11.71,5670,-0.1,0.02,-0.2
5680,1.43,1.17,11.65,5680,-0.1,0.02,-0.21
5690,1.33,1.21,11.62,5690,-0.12,0.03,-0.21
5700,1.29,1.21,11.61,5700,-0.12,0.04,-0.21
5710,1.26,1.19,11.58,5710,-0.13,0.05,-0.21
5720,1.28,1.2,11.65,5720,-0.14,0.05,-0.2
5730,1.26,1.18,11.7,5730,-0.15,0.05,-0.2
5740,1.23,1.12,11.81,5740,-0.15,0.05,-0.19
5750,1.13,1.19,11.85,5750,-0.14,0.03,-0.19
5760,1.13,1.12,11.76,5760,-0.14,0.02,-0.18
5770,1.05,1.11,11.74,5770,-0.14,0.02,-0.18
5780,0.99,1.13,11.63,5780,-0.14,0.03,-0.17
5790,0.79,1.12,11.56,5790,-0.15,0.03,-0.16
5800,0.49,1.16,11.7,5800,-0.15,0.05,-0.14
5810,0.26,1.24,11.69,5810,-0.14,0.05,-0.09
5820,0.21,1.26,11.64,5820,-0.14,0.07,-0.04
5830,0.2,1.25,11.62,5830,-0.16,0.09,0.01
5840,0.18,1.21,11.65,5840,-0.17,0.13,0.07
5850,0.37,1.18,11.88,5850,-0.17,0.17,0.12
5860,0.45,1.08,12.12,5860,-0.17,0.19,0.16
5870,0.54,1.05,12.42,5870,-0.16,0.18,0.19
5880,0.34,1,12.55,5880,-0.14,0.16,0.21
5890,0.37,1.05,12.75,5890,-0.1,0.1,0.24
5900,0.3,0.97,12.63,5900,-0.07,0.06,0.27
5910,0.2,0.98,12.56,5910,-0.05,0.04,0.3
5920,0.02,0.94,12.42,5920,-0.02,0.02,0.33
5930,-0.2,0.91,12.26,5930,-0.01,0.05,0.37
5940,-0.69,0.85,12.48,5940,-0.01,0.09,0.42
5950,-1.16,0.79,12.6,5950,0.02,0.15,0.5
5960,-1.65,0.64,12.82,5960,0.04,0.24,0.58
5970,-2.93,0.71,13.45,5970,0.09,0.35,0.68
5980,-4.33,0.74,13.96,5980,0.15,0.42,0.87
5990,-5.27,0.54,14.1,5990,0.23,0.49,1.11
6000,-6.31,0.3,14.5,6000,0.32,0.58,1.41
6010,-7.35,0.06,14.86,6010,0.42,0.63,1.73
6020,-7.81,-0.47,14.81,6020,0.53,0.63,2.08
6030,-8.49,-0.6,14.92,6030,0.61,0.6,2.44
6040,-9.39,-0.84,15.07,6040,0.72,0.52,2.85
6050,-9.73,-1.4,14.8,6050,0.83,0.44,3.32
6060,-9.83,-1.94,14.56,6060,0.93,0.43,3.79
6070,-9.78,-2.43,14.57,6070,1.04,0.51,4.25
6080,-10.78,-2.83,15.17,6080,1.15,0.68,4.73
6090,-12.51,-3.19,16.3,6090,1.33,0.91,5.32
6100,-14.11,-4.2,16.21,6100,1.58,1.15,6.06
6110,-13.73,-6.38,15.4,6110,1.74,1.43,6.88
6120,-12.41,-8.47,14.83,6120,1.79,1.73,7.57
6130,-10.17,-10.12,14.94,6130,1.81,1.98,8.13
6140,-7.35,-11.62,15.07,6140,1.79,2.05,8.49
6150,-3.7,-12.54,14.74,6150,1.69,1.8,8.62
6160,-0.47,-12.53,15.42,6160,1.58,1.39,8.48
6170,0.65,-11.43,15.96,6170,1.56,0.89,8.19
6180,0.23,-10.84,14.67,6180,1.61,0.28,7.96
6190,-1.04,-10.1,13.85,6190,1.62,-0.08,7.81
6200,-3.53,-9.58,13.48,6200,1.7,-0.18,7.85
6210,-4.04,-9.93,12.6,6210,1.8,0.03,8.09
6220,-2.8,-10.75,13.26,6220,1.87,0.47,8.33
6230,-0.15,-11.26,14.71,6230,1.95,0.74,8.43
6240,2.88,-11.78,15.69,6240,2.06,0.83,8.32
6250,4.69,-11.2,16.62,6250,2.22,0.88,8
6260,5.72,-10.79,16.24,6260,2.43,0.83,7.66
6270,7.37,-10.5,14.87,6270,2.6,0.86,7.29
6280,8.68,-10.24,13.32,6280,2.66,0.93,6.83
6290,9.44,-9.92,12.28,6290,2.61,0.99,6.38
6300,10.17,-9.48,11.69,6300,2.51,0.95,5.94
6310,10.91,-9.24,11.07,6310,2.36,0.88,5.55
6320,12.29,-9.21,11.13,6320,2.23,0.84,5.13
6330,13.81,-9.11,10.62,6330,2.08,0.75,4.65
6340,15.57,-8.86,9.57,6340,1.94,0.67,4.11
6350,17.1,-8.73,8.92,6350,1.73,0.64,3.52
6360,18.1,-8.7,8.28,6360,1.49,0.58,2.85
6370,18.33,-8.35,7.45,6370,1.18,0.48,2.18
6380,18.61,-7.95,7.32,6380,0.82,0.36,1.48
6390,19.06,-7.69,7.21,6390,0.51,0.19,0.82
6400,19.42,-7.28,7.04,6400,0.21,0.03,0.14
6410,19.66,-6.94,6.48,6410,-0.08,-0.11,-0.54
6420,19.83,-7.07,6.26,6420,-0.36,-0.18,-1.25
6430,19.06,-7.07,5.89,6430,-0.63,-0.17,-2
6440,17.87,-6.98,5.78,6440,-0.91,-0.16,-2.69
6450,17.57,-6.98,5.6,6450,-1.22,-0.24,-3.34
6460,17.58,-7.44,5.77,6460,-1.56,-0.36,-4.05
6470,16.62,-7.84,6.16,6470,-1.92,-0.46,-4.82
6480,14.91,-8.1,6.92,6480,-2.29,-0.58,-5.55
6490,12.92,-8.56,8.15,6490,-2.63,-0.71,-6.17
6500,11.47,-9.08,9.65,6500,-2.91,-0.91,-6.7
6510,10.45,-9.59,11.05,6510,-3.12,-1.04,-7.19
6520,8.88,-9.98,12.55,6520,-3.23,-1.04,-7.64
6530,6.86,-10.43,14.38,6530,-3.25,-1,-8
6540,5.13,-10.75,15.97,6540,-3.14,-0.98,-8.23
6550,3.44,-10.99,16.65,6550,-2.98,-1.03,-8.39
6560,2.13,-10.96,16.96,6560,-2.86,-1.12,-8.48
6570,0.8,-10.67,17.4,6570,-2.71,-1.15,-8.47
6580,0,-9.93,17.05,6580,-2.54,-1.06,-8.38
6590,0.02,-9.59,16.64,6590,-2.31,-0.76,-8.28
6600,-0.24,-9.1,16.18,6600,-2.04,-0.4,-8.2
6610,-0.2,-8.8,15.08,6610,-1.77,-0.12,-8.11
6620,0.25,-9.31,12.92,6620,-1.67,-0.01,-8.04
6630,0.66,-9.79,12.24,6630,-1.81,-0.1,-8.09
6640,0.65,-9.95,13.74,6640,-1.91,-0.21,-8.23
6650,-0.43,-9.86,14.09,6650,-1.88,-0.46,-8.35
6660,-2.24,-10.09,14.12,6660,-1.92,-0.66,-8.36
6670,-3.71,-9.51,14.98,6670,-1.89,-0.72,-8.24
6680,-5.34,-8.44,15.46,6680,-1.72,-0.68,-7.98
6690,-5.99,-7.41,14.78,6690,-1.5,-0.64,-7.59
6700,-5.45,-7.19,13.78,6700,-1.34,-0.55,-7.21
6710,-4.61,-6.91,13.09,6710,-1.25,-0.37,-6.91
6720,-3.46,-7.15,12.3,6720,-1.18,-0.31,-6.69
6730,-2.51,-7.47,11.68,6730,-1.16,-0.17,-6.56
6740,-1.65,-7.26,11.85,6740,-1.21,-0.14,-6.52
6750,-2.24,-7.8,12.36,6750,-1.25,-0.36,-6.58
6760,-4.4,-6.95,13.84,6760,-1.24,-0.4,-6.54
6770,-6.21,-5.74,15.52,6770,-1.05,-0.46,-6.26
6780,-6.15,-4.81,15.35,6780,-0.75,-0.51,-5.87
6790,-6.25,-4.46,14.06,6790,-0.51,-0.56,-5.52
6800,-6.75,-4.56,12.26,6800,-0.44,-0.62,-5.17
6810,-6.95,-4.51,11.1,6810,-0.5,-0.56,-4.81
6820,-6.72,-4.49,10.82,6820,-0.62,-0.42,-4.44
6830,-6.11,-4.78,11.3,6830,-0.74,-0.3,-4.15
6840,-6.27,-4.87,12.53,6840,-0.81,-0.15,-3.94
6850,-6.58,-4.37,13.98,6850,-0.76,-0.06,-3.72
6860,-6.67,-4.04,14.38,6860,-0.66,-0.1,-3.48
6870,-7.59,-3.8,14.86,6870,-0.55,-0.1,-3.24
6880,-9.03,-3.17,15.35,6880,-0.39,-0.01,-2.93
6890,-10.22,-2.75,14.7,6890,-0.22,0.01,-2.51
6900,-11.28,-2.6,13.97,6900,-0.15,0.04,-2.04
6910,-12.81,-2.13,14.62,6910,-0.11,0.21,-1.52
6920,-14.3,-1.88,14.88,6920,0,0.33,-0.91
6930,-14.79,-2.1,14.16,6930,0.08,0.35,-0.22
6940,-14.98,-2.04,14.37,6940,0.1,0.37,0.53
6950,-15.54,-1.96,15.04,6950,0.18,0.34,1.21
6960,-16.33,-2.24,15.23,6960,0.29,0.21,1.94
6970,-16.45,-2.87,15.34,6970,0.4,0.08,2.73
6980,-14.86,-3.56,15.18,6980,0.54,-0.1,3.49
6990,-12.98,-4.44,14.53,6990,0.65,-0.3,4.12
7000,-12.37,-5.13,13.65,7000,0.71,-0.5,4.67
7010,-12.3,-5.46,13.31,7010,0.72,-0.72,5.25
7020,-12.05,-7.01,13.33,7020,0.82,-0.81,5.87
7030,-9.65,-8.46,13.12,7030,0.97,-0.57,6.48
7040,-6.4,-9.46,12.82,7040,1.09,-0.25,6.86
7050,-4.77,-9.9,12.9,7050,1.18,-0.02,7.04
7060,-4.77,-10.01,13.32,7060,1.24,0.13,7.18
7070,-5.66,-9.96,13.16,7070,1.33,0.24,7.4
7080,-6.47,-10.33,12.79,7080,1.36,0.27,7.72
7090,-7.47,-11.13,12.98,7090,1.34,0.27,8.13
7100,-7.3,-12.29,12.72,7100,1.35,0.27,8.6
7110,-6.28,-13.29,12.56,7110,1.38,0.33,8.73
7120,-5.15,-14.59,12.03,7120,1.39,0.41,8.73
7130,-3.88,-15.92,12.23,7130,1.34,0.55,8.73
7140,-3.31,-16.33,13.91,7140,1.36,0.7,8.73
7150,-1.21,-17.13,14.35,7150,1.49,0.72,8.73
7160,2.66,-17.23,14.86,7160,1.59,0.78,8.73
7170,4.07,-16.26,15.24,7170,1.69,0.67,8.73
7180,3.77,-15.81,15.95,7180,1.87,0.69,8.73
7190,3.44,-14.76,15.84,7190,2.02,0.73,8.73
7200,3.9,-14.17,16.33,7200,2.15,0.59,8.67
7210,2.67,-13.4,15.45,7210,2.39,0.78,8.46
7220,2.47,-13.12,14.29,7220,2.49,0.98,8.42
7230,3.13,-13.12,14.45,7230,2.48,1.11,8.41
7240,5.25,-13.38,14.35,7240,2.45,0.98,8.33
7250,8.24,-13.3,14.16,7250,2.4,0.76,8.05
7260,11.42,-12.6,12.52,7260,2.34,0.46,7.57
7270,13.29,-11.96,10.85,7270,2.12,0.28,6.9
7280,14.14,-10.57,11.29,7280,1.91,0.19,6.15
7290,14,-9.6,11.64,7290,1.8,0.08,5.47
7300,14.01,-8.85,11.47,7300,1.76,0.07,4.88
7310,14.62,-8.43,11.35,7310,1.76,0.13,4.26
7320,14.71,-8.2,10.88,7320,1.71,0.11,3.67
7330,14.8,-7.69,9.82,7330,1.63,0.1,3.15
7340,15.42,-7.49,8.79,7340,1.49,0.14,2.69
7350,17.08,-7.37,7.74,7350,1.27,0.16,2.15
7360,18.04,-7.1,7.07,7360,0.96,0.09,1.5
7370,18.21,-6.65,7.09,7370,0.64,-0.01,0.82
7380,18.15,-6.51,7.29,7380,0.36,-0.13,0.16
7390,17.78,-6.16,6.96,7390,0.08,-0.25,-0.52
7400,17.42,-5.96,6.93,7400,-0.18,-0.35,-1.15
7410,17.07,-6.1,6.31,7410,-0.44,-0.37,-1.78
7420,16.57,-6.22,5.96,7420,-0.75,-0.35,-2.42
7430,16.13,-6.37,6.18,7430,-1.09,-0.35,-3.05
7440,15.84,-6.59,6.18,7440,-1.42,-0.4,-3.68
7450,16.44,-7.07,6.24,7450,-1.79,-0.47,-4.36
7460,15.79,-7.52,6.61,7460,-2.18,-0.51,-5.12
7470,14.37,-8.16,7.62,7470,-2.52,-0.52,-5.85
7480,13.49,-9.19,8.63,7480,-2.86,-0.67,-6.53
7490,12.08,-10.14,10.01,7490,-3.18,-0.86,-7.23
7500,10.53,-11.27,11.88,7500,-3.41,-0.99,-7.91
7510,7.25,-11.79,13.61,7510,-3.44,-0.93,-8.38
7520,5.37,-12.18,14.33,7520,-3.38,-0.9,-8.63
7530,4.98,-12.72,14.6,7530,-3.2,-0.78,-8.73
7540,4.94,-13,14.2,7540,-3.01,-0.47,-8.73
7550,3.76,-13.68,14.5,7550,-2.87,-0.19,-8.73
7560,1.61,-13.97,14.58,7560,-2.72,-0.01,-8.73
7570,-0.77,-13.57,14.63,7570,-2.62,0.01,-8.73
7580,-1.33,-13.48,15.84,7580,-2.53,-0.13,-8.73
7590,-0.12,-13.54,16.76,7590,-2.32,-0.17,-8.73
7600,-0.46,-13.04,16.18,7600,-2.02,-0.14,-8.73
7610,-1.59,-12.21,14.83,7610,-1.77,-0.08,-8.73
7620,-2.38,-11.73,13.15,7620,-1.57,-0.02,-8.73
7630,-3.94,-11.16,11.29,7630,-1.51,0.13,-8.73
7640,-4.54,-11.23,11.04,7640,-1.61,0.24,-8.68
7650,-5.29,-10.41,12.7,7650,-1.63,0.46,-8.47
7660,-8.51,-8.45,14.09,7660,-1.51,0.6,-8.18
7670,-11.19,-6.62,15.25,7670,-1.31,0.53,-7.67
7680,-13.2,-5.05,16.49,7680,-1.04,0.62,-7.03
7690,-14.25,-2.18,16.83,7690,-0.62,0.69,-6.23
7700,-14.66,-0.37,16.9,7700,-0.25,0.59,-5.42
7710,-14.56,1.09,16.74,7710,0.13,0.41,-4.61
7720,-14.1,1.79,13.9,7720,0.48,0.18,-3.77
7730,-12.46,0.77,10.05,7730,0.54,-0.01,-2.97
7740,-9.68,0.17,8.61,7740,0.33,0.08,-2.3
7750,-6.78,-0.41,9.13,7750,0.17,0.43,-1.88
7760,-4.21,-1.23,10.11,7760,0.15,1.02,-1.68
7770,-2.35,-1.39,10.94,7770,0.19,1.54,-1.69
7780,-2.17,-1.29,10.97,7780,0.18,1.67,-1.75
7790,-2.53,-1.04,10.67,7790,0.03,1.32,-1.76
7800,-2.97,-0.55,10.49,7800,-0.21,0.73,-1.74
7810,-3.83,0.08,11.88,7810,-0.43,0.23,-1.65
7820,-4.02,0.46,13.2,7820,-0.44,0.02,-1.51
7830,-4.06,0.6,13.79,7830,-0.3,0.1,-1.39
7840,-4.27,0.5,13.31,7840,-0.15,0.24,-1.28
7850,-4.33,0.42,12.63,7850,-0.11,0.24,-1.14
7860,-4.28,0.36,12.36,7860,-0.14,0.14,-1
7870,-4.14,0.38,12.35,7870,-0.2,0.01,-0.87
7880,-3.99,0.54,12.32,7880,-0.24,-0.09,-0.77
7890,-4.39,0.76,13.23,7890,-0.25,-0.12,-0.66
7900,-4.29,1.04,13.56,7900,-0.17,-0.16,-0.52
7910,-3.98,1.19,13.11,7910,-0.08,-0.23,-0.39
7920,-3.65,1.27,12.87,7920,-0.04,-0.3,-0.28
7930,-3.02,1.29,12.49,7930,0,-0.35,-0.18
7940,-2.26,1.21,12.13,7940,0.04,-0.31,-0.13
7950,-1.64,1.14,11.58,7950,0.05,-0.25,-0.11
7960,-1.36,1.16,11.16,7960,0.02,-0.18,-0.11
7970,-1.05,1.26,11.19,7970,-0.05,-0.15,-0.12
7980,-1.05,1.3,11.51,7980,-0.1,-0.13,-0.13
7990,-0.89,1.41,11.82,7990,-0.12,-0.12,-0.14
8000,-0.71,1.46,11.82,8000,-0.13,-0.11,-0.15
8010,-0.63,1.51,11.99,8010,-0.12,-0.09,-0.18
8020,-0.73,1.54,11.75,8020,-0.1,-0.09,-0.2
8030,-0.82,1.6,11.64,8030,-0.13,-0.12,-0.2
8040,-0.78,1.56,11.74,8040,-0.14,-0.12,-0.2
8050,-0.69,1.49,11.66,8050,-0.14,-0.11,-0.21
8060,-0.69,1.57,11.41,8060,-0.16,-0.1,-0.22
8070,-0.8,1.57,11.33,8070,-0.19,-0.09,-0.24
8080,-0.94,1.67,11.36,8080,-0.21,-0.05,-0.23
8090,-1.02,1.67,11.54,8090,-0.23,-0.01,-0.22
8100,-0.84,1.63,11.58,8100,-0.23,0.01,-0.21
8110,-0.68,1.65,11.59,8110,-0.23,0.01,-0.23
8120,-0.63,1.61,11.67,8120,-0.23,0.04,-0.24
8130,-0.61,1.64,11.81,8130,-0.22,0.05,-0.25
8140,-0.68,1.58,11.81,8140,-0.22,0.03,-0.25
8150,-0.65,1.59,11.95,8150,-0.22,-0.01,-0.26
8160,-0.63,1.58,12,8160,-0.2,-0.01,-0.27
8170,-0.66,1.63,11.98,8170,-0.18,0,-0.27
8180,-0.78,1.64,11.96,8180,-0.17,0.01,-0.28
8190,-0.8,1.6,11.85,8190,-0.16,0.02,-0.27
8200,-0.78,1.64,11.81,8200,-0.16,0.01,-0.28
8210,-0.79,1.63,11.85,8210,-0.16,0,-0.27
8220,-0.76,1.7,12.01,8220,-0.16,0.01,-0.26
8230,-0.76,1.66,11.99,8230,-0.14,0.02,-0.26
8240,-0.62,1.65,12.1,8240,-0.13,0.01,-0.25
8250,-0.66,1.62,12.06,8250,-0.12,-0.02,-0.25
8260,-0.74,1.63,12.01,8260,-0.12,-0.04,-0.25
8270,-0.82,1.67,11.96,8270,-0.1,-0.03,-0.24
8280,-0.78,1.64,11.74,8280,-0.08,-0.01,-0.23
8290,-0.72,1.63,11.63,8290,-0.09,-0.01,-0.22
8300,-0.8,1.65,11.68,8300,-0.12,-0.06,-0.21
8310,-0.85,1.71,11.79,8310,-0.13,-0.09,-0.2
8320,-1,1.75,11.8,8320,-0.12,-0.09,-0.17
8330,-0.83,1.69,11.78,8330,-0.1,-0.06,-0.15
8340,-0.46,1.48,11.55,8340,-0.09,0,-0.15
8350,-0.25,1.49,11.23,8350,-0.11,0.02,-0.18
8360,-0.38,1.46,11.25,8360,-0.16,0,-0.21
8370,-0.51,1.57,11.48,8370,-0.18,0.01,-0.22
8380,-0.65,1.61,11.55,8380,-0.19,0.03,-0.23
8390,-0.7,1.59,11.7,8390,-0.19,0.05,-0.22
8400,-0.63,1.55,11.83,8400,-0.19,0.04,-0.22
8410,-0.63,1.61,12.07,8410,-0.18,0.03,-0.22
8420,-0.72,1.62,12.07,8420,-0.16,0.01,-0.22
8430,-0.73,1.61,11.93,8430,-0.14,-0.01,-0.21
8440,-0.66,1.6,11.69,8440,-0.14,-0.01,-0.21
8450,-0.47,1.57,11.43,8450,-0.16,-0.01,-0.21
8460,-0.38,1.56,11.4,8460,-0.19,-0.01,-0.22
8470,-0.47,1.57,11.5,8470,-0.21,0,-0.24
8480,-0.49,1.56,11.51,8480,-0.21,0.02,-0.24
8490,-0.53,1.56,11.61,8490,-0.22,0.05,-0.25
8500,-0.68,1.6,11.83,8500,-0.23,0.04,-0.25
8510,-0.73,1.6,12.03,8510,-0.23,0.01,-0.25
8520,-0.72,1.66,12.17,8520,-0.21,0,-0.24
8530,-0.75,1.6,12.14,8530,-0.18,0,-0.24
8540,-0.77,1.63,11.97,8540,-0.16,0.01,-0.23
8550,-0.7,1.58,11.81,8550,-0.16,0.01,-0.23
8560,-0.7,1.61,11.69,8560,-0.17,0.02,-0.22
8570,-0.68,1.6,11.91,8570,-0.18,0.03,-0.21
8580,-0.65,1.55,11.71,8580,-0.18,0.03,-0.21
8590,-0.68,1.5,11.62,8590,-0.19,0.04,-0.22
8600,-0.72,1.53,11.71,8600,-0.21,0.05,-0.21
8610,-0.66,1.52,11.91,8610,-0.22,0.06,-0.21
8620,-0.74,1.53,12.12,8620,-0.2,0.06,-0.22
8630,-0.85,1.55,12.11,8630,-0.18,0.05,-0.21
8640,-0.72,1.47,12.02,8640,-0.16,0.06,-0.2
8650,-0.32,1.42,11.89,8650,-0.16,0.05,-0.21
8660,-0.37,1.46,11.84,8660,-0.16,0,-0.23
8670,-0.58,1.52,11.96,8670,-0.16,-0.02,-0.24
8680,-0.64,1.52,11.85,8680,-0.15,-0.04,-0.24
8690,-0.65,1.54,11.59,8690,-0.15,-0.02,-0.24
8700,-0.67,1.53,11.63,8700,-0.17,0.01,-0.23
8710,-0.63,1.52,11.67,8710,-0.17,0.02,-0.23
8720,-0.54,1.51,11.66,8720,-0.18,0.02,-0.23
8730,-0.62,1.5,11.79,8730,-0.18,0.03,-0.23
8740,-0.65,1.49,11.98,8740,-0.17,0.02,-0.23
8750,-0.52,1.53,11.91,8750,-0.16,0,-0.23
8760,-0.45,1.44,11.75,8760,-0.16,-0.02,-0.24
8770,-0.4,1.48,11.88,8770,-0.16,-0.04,-0.26
8780,-0.53,1.54,12.07,8780,-0.15,-0.07,-0.27
8790,-0.56,1.55,12.17,8790,-0.13,-0.1,-0.28
8800,-0.59,1.59,12.14,8800,-0.11,-0.14,-0.28
8810,-0.49,1.56,12.05,8810,-0.09,-0.15,-0.28
8820,-0.42,1.54,11.86,8820,-0.08,-0.16,-0.29
8830,-0.37,1.48,11.75,8830,-0.09,-0.16,-0.3
8840,-0.32,1.52,11.88,8840,-0.1,-0.16,-0.31
8850,-0.39,1.53,11.94,8850,-0.1,-0.16,-0.33
8860,-0.49,1.58,12.02,8860,-0.09,-0.14,-0.33
8870,-0.6,1.58,11.89,8870,-0.08,-0.11,-0.34
8880,-0.6,1.6,11.74,8880,-0.08,-0.09,-0.33
8890,-0.66,1.61,11.52,8890,-0.09,-0.07,-0.32
8900,-0.76,1.62,11.46,8900,-0.12,-0.05,-0.3
8910,-0.76,1.61,11.49,8910,-0.14,-0.02,-0.28
8920,-0.67,1.59,11.54,8920,-0.15,0.01,-0.27
8930,-0.74,1.6,11.5,8930,-0.16,0.02,-0.26
8940,-0.63,1.53,11.61,8940,-0.18,0.02,-0.25
8950,-0.57,1.55,11.78,8950,-0.18,0.01,-0.24
8960,-0.48,1.5,11.85,8960,-0.17,-0.01,-0.24
8970,-0.38,1.48,11.92,8970,-0.17,-0.03,-0.24
8980,-0.28,1.47,11.96,8980,-0.16,-0.04,-0.26
8990,-0.34,1.44,11.79,8990,-0.15,-0.05,-0.27
9000,-0.34,1.4,11.69,9000,-0.15,-0.05,-0.27
9010,-0.46,1.4,11.65,9010,-0.16,-0.03,-0.28
9020,-0.52,1.48,11.59,9020,-0.17,0.01,-0.28
9030,-0.56,1.47,11.56,9030,-0.19,0.02,-0.27
9040,-0.62,1.46,11.75,9040,-0.2,0.01,-0.27
9050,-0.56,1.47,11.95,9050,-0.2,0.01,-0.26
9060,-0.42,1.47,12.02,9060,-0.18,-0.01,-0.26
9070,-0.41,1.45,11.92,9070,-0.17,-0.02,-0.27
9080,-0.43,1.53,12,9080,-0.16,-0.04,-0.27
9090,-0.42,1.46,12.07,9090,-0.15,-0.07,-0.27
9100,-0.36,1.43,11.98,9100,-0.14,-0.1,-0.27
9110,-0.32,1.49,11.9,9110,-0.13,-0.1,-0.27
9120,-0.29,1.45,11.71,9120,-0.12,-0.1,-0.28
9130,-0.32,1.52,11.54,9130,-0.13,-0.1,-0.29
9140,-0.47,1.53,11.55,9140,-0.14,-0.08,-0.29
9150,-0.55,1.54,11.59,9150,-0.16,-0.07,-0.28
9160,-0.47,1.5,11.69,9160,-0.17,-0.06,-0.27
9170,-0.48,1.53,11.83,9170,-0.17,-0.05,-0.27
9180,-0.42,1.47,11.83,9180,-0.17,-0.04,-0.27
9190,-0.35,1.44,11.84,9190,-0.18,-0.04,-0.27
9200,-0.33,1.41,11.86,9200,-0.19,-0.05,-0.28
9210,-0.31,1.39,11.9,9210,-0.18,-0.05,-0.28
9220,-0.39,1.45,11.93,9220,-0.17,-0.05,-0.29
9230,-0.47,1.42,11.89,9230,-0.17,-0.06,-0.29
9240,-0.53,1.42,11.88,9240,-0.16,-0.07,-0.28
9250,-0.5,1.4,11.82,9250,-0.16,-0.07,-0.28
9260,-0.52,1.36,11.74,9260,-0.17,-0.07,-0.27
9270,-0.54,1.38,11.75,9270,-0.18,-0.07,-0.27
9280,-0.65,1.37,11.76,9280,-0.18,-0.08,-0.26
9290,-0.79,1.32,11.75,9290,-0.18,-0.07,-0.24
9300,-1.01,1.36,11.85,9300,-0.18,-0.06,-0.22
9310,-1.33,1.43,11.98,9310,-0.17,-0.04,-0.18
9320,-1.72,1.41,11.95,9320,-0.16,-0.02,-0.13
9330,-2.49,1.66,12.38,9330,-0.13,0.04,-0.05
9340,-3.26,1.82,12.45,9340,-0.05,0.08,0.07
9350,-3.75,1.8,12.03,9350,0,0.03,0.23
9360,-3.85,1.65,11.86,9360,0.01,-0.06,0.41
9370,-3.88,1.43,11.81,9370,0,-0.12,0.59
9380,-4.74,1.54,12.6,9380,0.03,-0.05,0.75
9390,-6.03,1.57,12.94,9390,0.13,0.05,0.99
9400,-7.4,1.43,12.77,9400,0.19,0.05,1.32
9410,-8.53,1.24,12.78,9410,0.19,0.01,1.74
9420,-9.47,0.63,13.11,9420,0.2,-0.03,2.21
9430,-9.05,-0.17,12.96,9430,0.22,-0.09,2.69
9440,-8.45,-0.87,12.81,9440,0.18,-0.18,3.08
9450,-9.02,-1.27,13.36,9450,0.16,-0.26,3.43
9460,-9.35,-1.95,13.22,9460,0.21,-0.36,3.84
9470,-9.14,-2.52,13.31,9470,0.26,-0.38,4.21
9480,-9.36,-2.87,13.23,9480,0.33,-0.36,4.56
9490,-10.03,-3.35,12.99,9490,0.37,-0.39,4.97
9500,-10.61,-3.76,12.92,9500,0.4,-0.45,5.43
9510,-10.84,-4.78,12.56,9510,0.43,-0.55,5.95
9520,-9.5,-5.83,12.15,9520,0.46,-0.56,6.41
9530,-8.63,-6.85,12.04,9530,0.51,-0.49,6.77
9540,-8.04,-7.68,12.42,9540,0.52,-0.45,7.1
9550,-6.96,-8.64,13.01,9550,0.6,-0.49,7.43
9560,-5.25,-9.58,13.22,9560,0.68,-0.57,7.63
9570,-4.35,-9.86,14,9570,0.8,-0.66,7.73
9580,-3.91,-10.09,13.51,9580,0.96,-0.75,7.85
9590,-3.75,-10.42,12.73,9590,1.08,-0.73,8
9600,-2.77,-11.21,12.85,9600,1.17,-0.64,8.15
9610,-1.26,-11.45,13.43,9610,1.28,-0.49,8.25
9620,0.23,-11.81,13.87,9620,1.48,-0.24,8.23
9630,0.99,-12.04,13.97,9630,1.69,-0.04,8.19
9640,2.01,-12.3,13.93,9640,1.86,0.09,8.15
9650,3.59,-12.41,14.13,9650,2.02,0.26,8.04
9660,5.52,-12.09,13.72,9660,2.15,0.36,7.82
9670,6.72,-11.61,12.91,9670,2.21,0.39,7.52
9680,9.06,-11.13,12.31,9680,2.21,0.41,7.16
9690,10.55,-10.45,12.39,9690,2.23,0.6,6.66
9700,10.48,-9.63,12.29,9700,2.29,0.77,6.12
9710,10.4,-8.92,11.94,9710,2.31,0.86,5.7
9720,10.82,-8.76,11.91,9720,2.26,0.97,5.31
9730,10.82,-8.4,12.53,9730,2.22,1,4.89
9740,11.35,-7.76,12.66,9740,2.24,1.08,4.47
9750,12.19,-7.69,12.62,9750,2.29,1.22,4.1
9760,12.72,-7.38,11.2,9760,2.27,1.21,3.68
9770,14.04,-7.58,10.49,9770,2.1,1.06,3.29
9780,15.32,-7.46,9.28,9780,1.85,1,2.75
9790,15.93,-7.21,8.79,9790,1.54,0.89,2.18
9800,16.2,-6.95,7.71,9800,1.15,0.62,1.57
9810,16.05,-6.64,8.25,9810,0.72,0.45,0.98
9820,16.09,-6.34,8.86,9820,0.42,0.29,0.43
9830,16.56,-6.41,8.95,9830,0.19,0.15,-0.15
9840,16.53,-6.51,8.83,9840,-0.03,0.03,-0.76
9850,16.13,-6.57,8.87,9850,-0.25,-0.03,-1.37
9860,15.82,-6.63,8.95,9860,-0.45,-0.1,-1.96
9870,15.92,-6.84,9.19,9870,-0.64,-0.14,-2.57
9880,16.04,-6.93,9.53,9880,-0.82,-0.19,-3.24
9890,15.95,-7.13,9.73,9890,-0.97,-0.24,-3.93
9900,16.15,-7.6,9.4,9900,-1.13,-0.32,-4.65
9910,15.63,-8.24,9.05,9910,-1.37,-0.41,-5.4
9920,14.3,-9.21,9.25,9920,-1.65,-0.54,-6.2
9930,13.04,-10.06,9.79,9930,-1.9,-0.62,-6.89
9940,11.21,-10.55,10.75,9940,-2.1,-0.66,-7.5
9950,9.01,-11.22,11.93,9950,-2.2,-0.64,-8.01
9960,6.29,-11.9,13.41,9960,-2.26,-0.69,-8.42
9970,4.68,-12.3,14.27,9970,-2.3,-0.86,-8.69
9980,4,-12.73,15.13,9980,-2.27,-0.88,-8.73
9990,2.65,-12.75,15.25,9990,-2.11,-0.7,-8.73
10000,0.66,-12.52,14.1,10000,-1.92,-0.47,-8.73
10010,0.47,-12.7,13.71,10010,-1.75,-0.21,-8.73
10020,-1.13,-12.38,14.71,10020,-1.61,-0.05,-8.73
10030,-1.65,-11.59,14.35,10030,-1.49,-0.29,-8.73
10040,-1.63,-11.13,13.13,10040,-1.5,-0.45,-8.73
10050,-1.94,-10.77,12.95,10050,-1.56,-0.5,-8.73
10060,-1.25,-11.13,12.98,10060,-1.6,-0.4,-8.71
10070,-0.98,-11.44,13.47,10070,-1.6,-0.14,-8.72
10080,-1.85,-11.74,13.31,10080,-1.49,0.1,-8.73
10090,-3.37,-11.67,12.76,10090,-1.43,0.11,-8.73
10100,-3.7,-11.35,12.7,10100,-1.45,-0.15,-8.61
10110,-5.18,-10.28,13.69,10110,-1.54,-0.55,-8.39
10120,-5.8,-8.91,15.67,10120,-1.46,-0.96,-8.07
10130,-5.78,-8.96,15.13,10130,-1.28,-1.16,-7.71
10140,-5.09,-8.03,13.99,10140,-1.14,-1.21,-7.41
10150,-4.65,-8.17,12.59,10150,-1.1,-1.16,-7.14
10160,-3.89,-8.24,11.8,10160,-1.12,-1.01,-6.92
10170,-4.07,-8.02,11.74,10170,-1.14,-0.74,-6.74
10180,-4.12,-7.93,12.04,10180,-1.12,-0.49,-6.53
10190,-4.32,-7.88,12.17,10190,-1.05,-0.29,-6.36
10200,-4.47,-7.18,12.15,10200,-0.98,-0.17,-6.18
10210,-5.62,-6.5,12.43,10210,-0.96,-0.15,-5.96
10220,-6.99,-5.78,13.01,10220,-0.92,-0.2,-5.64
10230,-7.54,-5.27,13.5,10230,-0.79,-0.14,-5.25
10240,-7.96,-4.99,13.13,10240,-0.66,0.02,-4.84
10250,-8.69,-4.54,12.79,10250,-0.59,0.1,-4.39
10260,-8.94,-4.38,12.65,10260,-0.6,0,-3.91
10270,-9.04,-3.96,13.25,10270,-0.62,-0.05,-3.44
10280,-9.34,-3.6,13.63,10280,-0.58,-0.04,-2.99
10290,-9.95,-3.61,13.65,10290,-0.51,0.05,-2.52
10300,-10.1,-3.35,13.79,10300,-0.46,0.11,-1.98
10310,-6.53,-6.12,16.6,10310,-0.26,0.14,-1.69
10320,-10.68,-2.43,13.66,10320,-0.18,0.33,-1.42
10330,-13.58,-2.71,14.88,10330,-0.19,0.4,-0.67
10340,-12.41,-2.22,14.91,10340,-0.11,0.27,0.11
10350,-12.17,-2.64,15.27,10350,-0.02,0.25,0.71
10360,-12.37,-2.74,15.66,10360,0.08,0.15,1.31
10370,-11.78,-2.88,16.07,10370,0.24,0.08,1.94
10380,-9.67,-3.66,15.98,10380,0.43,0.04,2.48
10390,-7.68,-4.16,15.69,10390,0.63,0.09,2.86
10400,-6.96,-4.26,15.64,10400,0.78,0.11,3.19
10410,-7.42,-3.92,16.14,10410,0.91,0.18,3.53
10420,-8.54,-3.59,16.41,10420,1.05,0.08,3.96
10430,-9.46,-3.76,16.06,10430,1.17,-0.23,4.53
10440,-9.94,-4.05,15.86,10440,1.26,-0.48,5.15
10450,-8.93,-5.27,15.36,10450,1.48,-0.68,5.77
10460,-5.9,-7.31,13.6,10460,1.72,-0.72,6.23
10470,-2.09,-8.15,12.36,10470,1.92,-0.33,6.39
10480,-0.81,-8.09,11.39,10480,2.02,0.2,6.38
10490,-0.4,-7.78,11.28,10490,2,0.49,6.46
10500,-0.83,-7.34,10.05,10500,1.83,0.45,6.46
10510,-1.9,-7.13,11.26,10510,1.62,0.45,6.6
10520,-1.74,-7.02,11.64,10520,1.59,0.39,6.82
10530,-1.32,-7.35,11.74,10530,1.6,0.46,7.01
10540,-0.56,-7.61,12.18,10540,1.65,0.57,7.15
10550,0.48,-8.02,12.42,10550,1.74,0.65,7.21
10560,1.8,-8.48,12.41,10560,1.86,0.65,7.17
10570,2.2,-8,11.9,10570,1.91,0.56,7.06
10580,0.7,-7.61,11.69,10580,1.88,0.34,7.02
10590,-0.47,-7.23,11.42,10590,1.85,0.06,7.14
10600,-0.03,-7.82,9.81,10600,1.84,-0.2,7.34
10610,-0.04,-7.85,8.71,10610,1.73,-0.13,7.46
10620,-1.39,-7.89,9.51,10620,1.58,0.12,7.63
10630,-2.35,-8.43,10.64,10630,1.55,0.41,7.96
10640,-2.34,-9.16,12.22,10640,1.61,0.79,8.34
10650,-0.04,-10.74,13.69,10650,1.76,0.99,8.67
10660,3.38,-11.58,14.42,10660,1.95,1.12,8.73
10670,6.45,-11.8,15.27,10670,2.11,1.02,8.53
10680,8.47,-11.26,14.16,10680,2.31,0.76,8.17
10690,9.65,-10.61,12.59,10690,2.38,0.74,7.71
10700,10.6,-9.82,12.22,10700,2.32,0.78,7.15
10710,9.99,-8.51,12.76,10710,2.3,0.94,6.61
10720,10.08,-7.38,13.27,10720,2.36,1.14,6.21
10730,11.22,-7.1,13.84,10730,2.47,1.24,5.84
10740,13.66,-6.84,12.72,10740,2.6,1.28,5.41
10750,16.26,-6.71,11.31,10750,2.6,1.39,4.8
10760,17.84,-6.6,9.73,10760,2.46,1.39,4.02
10770,18.25,-5.88,8.59,10770,2.18,1.36,3.14
10780,15.6,-4.88,7.77,10780,1.79,1.26,2.32
10790,12.33,-4.03,7.71,10790,1.32,1.04,1.85
10800,11.09,-3.61,8.55,10800,0.94,0.82,1.58
10810,11.34,-3.31,9.27,10810,0.66,0.64,1.33
10820,12.17,-2.94,10.31,10820,0.47,0.52,1.04
10830,13,-2.66,11.19,10830,0.41,0.49,0.69
10840,13.85,-2.59,10.98,10840,0.44,0.48,0.26
10850,14.04,-2.72,10.16,10850,0.45,0.49,-0.22
10860,13.51,-2.79,9.1,10860,0.37,0.46,-0.79
10870,12.45,-2.66,8.23,10870,0.21,0.35,-1.26
10880,11,-2.44,7.64,10880,-0.02,0.21,-1.66
10890,9.66,-2,7.75,10890,-0.28,0.09,-1.96
10900,8.77,-1.76,8.16,10900,-0.5,-0.01,-2.19
10910,8.79,-1.63,8.41,10910,-0.7,-0.08,-2.4
10920,9.52,-1.58,9.01,10920,-0.88,-0.14,-2.67
10930,11.1,-1.72,9.49,10930,-1.07,-0.26,-3.05
10940,12.84,-1.96,10.03,10940,-1.25,-0.36,-3.57
10950,14.5,-2.61,10.23,10950,-1.39,-0.45,-4.25
10960,14.88,-3.54,10.11,10960,-1.55,-0.55,-5.05
10970,14.28,-4.84,9.9,10970,-1.74,-0.68,-5.89
10980,12.72,-6.38,9.77,10980,-1.99,-0.84,-6.7
10990,10.43,-7.56,10.09,10990,-2.27,-1.01,-7.43
11000,7.7,-8.53,10.85,11000,-2.52,-1.15,-7.97
11010,5.31,-9.24,12.34,11010,-2.71,-1.23,-8.34
11020,3.05,-9.49,14.59,11020,-2.78,-1.24,-8.55
11030,0.63,-9,16.38,11030,-2.66,-1.19,-8.58
11040,-0.81,-8.27,16.93,11040,-2.39,-1.04,-8.43
11050,-0.82,-7.99,16.38,11050,-2.06,-0.78,-8.19
11060,-1.34,-7.35,15.56,11060,-1.77,-0.45,-8.02
11070,-1.35,-7.01,14.11,11070,-1.52,-0.12,-7.83
11080,-1.4,-6.65,12.8,11080,-1.38,0.15,-7.67
11090,-1.7,-6.53,12.09,11090,-1.4,0.16,-7.49
11100,-1.42,-6.15,12.24,11100,-1.48,0.01,-7.28
11110,-0.95,-5.42,11.97,11110,-1.54,-0.31,-7.16
11120,0.04,-5.8,13.1,11120,-1.62,-0.69,-7.12
11130,1.09,-7.33,13.87,11130,-1.57,-0.83,-7.19
11140,2.56,-7.95,13.93,11140,-1.46,-0.79,-7.4
11150,3.17,-8.6,13.22,11150,-1.34,-0.57,-7.68
11160,4.07,-9.41,12.33,11160,-1.26,-0.28,-7.92
11170,3.63,-10.15,10.74,11170,-1.26,-0.22,-8.33
11180,-0.04,-10.12,10.58,11180,-1.45,-0.11,-8.4
11190,-2.56,-9.13,11.47,11190,-1.61,-0.2,-8.2
11200,-4.5,-9.2,13.57,11200,-1.64,-0.16,-7.93
11210,-7.29,-6.93,16.29,11210,-1.38,0.45,-7.61
11220,-11.3,-5.09,17.71,11220,-0.84,1.23,-7.14
11230,-13.99,-3.82,17.14,11230,-0.12,1.86,-6.37
11240,-14.35,-2.71,14.18,11240,0.28,1.84,-5.56
11250,-13.29,-2.25,11.76,11250,0.27,1.33,-4.74
11260,-10.48,-2.16,11.65,11260,0.09,0.88,-4.06
11270,-6.97,-2.62,12.74,11270,0.13,0.76,-3.75
11280,-6.9,-2.56,11.98,11280,0.27,0.89,-3.55
11290,-7.33,-2.94,10.69,11290,0.26,0.81,-3.3
11300,-7.95,-2.37,10.77,11300,0.14,0.64,-3
11310,-8.79,-1.9,11.19,11310,0.06,0.51,-2.68
11320,-9.75,-0.96,12,11320,0.04,0.49,-2.29
11330,-10.15,-0.59,12.21,11330,0.08,0.4,-1.88
11340,-10.13,-0.17,12.04,11340,0.11,0.25,-1.47
11350,-9.79,0.17,11.95,11350,0.12,0.12,-1.06
11360,-8.58,0.29,12.05,11360,0.14,0.07,-0.67
11370,-7.13,0.23,11.82,11370,0.18,0.01,-0.37
11380,-5.98,0.25,11.39,11380,0.17,-0.09,-0.14
11390,-4.64,0.22,11.39,11390,0.16,-0.16,0.04
11400,-3.35,0.11,11.09,11400,0.15,-0.19,0.14
11410,-2.44,0.15,10.89,11410,0.11,-0.17,0.17
11420,-2.28,0.42,10.88,11420,0.05,-0.2,0.19
11430,-2.31,0.65,11.09,11430,0.01,-0.24,0.23
11440,-2.27,0.85,11.28,11440,-0.02,-0.25,0.27
11450,-2.28,1.05,11.51,11450,-0.03,-0.25,0.32
11460,-2.04,1.13,11.71,11460,-0.03,-0.24,0.36
11470,-1.69,1.16,11.82,11470,-0.02,-0.24,0.4
11480,-1.1,1.19,11.82,11480,0,-0.26,0.41
11490,-0.68,1.08,11.65,11490,0.01,-0.26,0.39
11500,-0.3,1.07,11.49,11500,0,-0.26,0.36
11510,-0.1,1.12,11.38,11510,-0.02,-0.24,0.3
11520,-0.15,1.2,11.41,11520,-0.05,-0.22,0.24
11530,-0.15,1.14,11.36,11530,-0.07,-0.18,0.2
11540,0.02,1.24,11.38,11540,-0.1,-0.14,0.13
11550,-0.15,1.32,11.59,11550,-0.12,-0.1,0.07
11560,-0.48,1.45,11.73,11560,-0.12,-0.09,0.02
11570,-0.9,1.47,11.65,11570,-0.12,-0.09,0
11580,-0.82,1.44,11.62,11580,-0.12,-0.08,-0.01
11590,-0.74,1.45,11.57,11590,-0.13,-0.06,-0.03
11600,-0.92,1.48,11.63,11600,-0.14,-0.06,-0.05
11610,-1.15,1.51,11.48,11610,-0.14,-0.08,-0.06
11620,-1.14,1.5,11.4,11620,-0.15,-0.06,-0.05
11630,-1.13,1.58,11.44,11630,-0.16,-0.01,-0.05
11640,-1.28,1.63,11.52,11640,-0.17,0,-0.04
11650,-1.43,1.69,11.68,11650,-0.17,-0.02,-0.03
11660,-1.53,1.7,11.69,11660,-0.16,-0.02,0
11670,-1.52,1.63,11.65,11670,-0.13,0.01,0.03
11680,-1.14,1.34,11.13,11680,-0.14,0.03,0.05
11690,-0.72,1.34,11.19,11690,-0.2,0.02,0.03
11700,-0.76,1.38,11.8,11700,-0.22,-0.01,0
11710,-0.88,1.44,12.11,11710,-0.2,-0.03,-0.01
11720,-0.92,1.49,12.17,11720,-0.16,-0.02,-0.02
11730,-1.12,1.51,12.11,11730,-0.14,-0.02,-0.02
11740,-1.1,1.51,12.02,11740,-0.13,-0.04,-0.01
11750,-1.03,1.53,12.07,11750,-0.13,-0.06,0
11760,-1.05,1.53,12.09,11760,-0.12,-0.06,0.01
11770,-0.92,1.5,11.96,11770,-0.09,-0.03,0.01
11780,-0.69,1.45,11.77,11780,-0.07,0.02,0
11790,-0.56,1.37,11.48,11790,-0.1,0.02,-0.02
11800,-0.59,1.45,11.5,11800,-0.14,0.02,-0.04
11810,-0.84,1.61,11.73,11810,-0.16,0.03,-0.06
11820,-1.08,1.73,11.75,11820,-0.16,0.06,-0.05
11830,-1.07,1.76,11.84,11830,-0.17,0.08,-0.03
11840,-0.88,1.74,12.08,11840,-0.16,0.09,-0.02
11850,-0.73,1.67,12.26,11850,-0.16,0.08,-0.02
11860,-0.71,1.71,12.24,11860,-0.14,0.06,-0.02
11870,-0.59,1.64,12.23,11870,-0.12,0.04,-0.03
11880,-0.51,1.58,12.19,11880,-0.1,0.02,-0.05
11890,-0.47,1.48,12.12,11890,-0.08,-0.01,-0.07
11900,-0.37,1.43,11.94,11900,-0.08,-0.02,-0.11
11910,-0.35,1.38,11.9,11910,-0.07,0,-0.14
11920,-0.43,1.41,11.78,11920,-0.08,0.02,-0.18
11930,-0.6,1.46,11.75,11930,-0.08,0.04,-0.21
11940,-0.86,1.55,11.69,11940,-0.08,0.05,-0.23
11950,-1.07,1.62,11.66,11950,-0.09,0.05,-0.23
11960,-1.11,1.63,11.5,11960,-0.1,0.04,-0.22
11970,-1.19,1.71,11.4,11970,-0.11,0.04,-0.22
11980,-1.19,1.71,11.36,11980,-0.13,0.05,-0.2
11990,-1.27,1.59,11.45,11990,-0.15,0.06,-0.19
12000,-1.22,1.56,11.53,12000,-0.16,0.07,-0.17
12010,-1.07,1.45,11.59,12010,-0.17,0.07,-0.17
12020,-1.01,1.42,11.6,12020,-0.17,0.08,-0.18
12030,-1.09,1.44,11.56,12030,-0.17,0.07,-0.19
12040,-1.21,1.44,11.5,12040,-0.17,0.06,-0.19
12050,-1.15,1.45,11.65,12050,-0.19,0.08,-0.18
12060,-1.13,1.43,11.84,12060,-0.19,0.07,-0.18
12070,-1.1,1.47,11.96,12070,-0.18,0.05,-0.18
12080,-0.98,1.49,11.95,12080,-0.17,0.03,-0.18
12090,-1.01,1.52,11.87,12090,-0.15,0.01,-0.19
12100,-1.03,1.49,11.62,12100,-0.15,0.02,-0.18
12110,-0.93,1.42,11.61,12110,-0.16,0.04,-0.18
12120,-0.86,1.5,11.77,12120,-0.17,0.05,-0.19
12130,-0.91,1.53,11.77,12130,-0.18,0.05,-0.19
12140,-0.99,1.63,11.85,12140,-0.17,0.06,-0.2
12150,-1.11,1.64,11.78,12150,-0.17,0.05,-0.19
12160,-1.08,1.57,11.67,12160,-0.16,0.04,-0.18
12170,-0.96,1.6,11.66,12170,-0.17,0.03,-0.18
12180,-0.93,1.62,11.76,12180,-0.17,0.02,-0.18
12190,-0.93,1.67,11.78,12190,-0.17,0.02,-0.18
12200,-0.96,1.65,11.7,12200,-0.16,0.01,-0.18
12210,-0.88,1.61,11.59,12210,-0.16,0.01,-0.18
12220,-0.56,1.55,11.55,12220,-0.17,0.03,-0.19
12230,-0.5,1.51,11.6,12230,-0.18,0.04,-0.22
12240,-0.63,1.56,11.62,12240,-0.19,0.04,-0.24
12250,-0.86,1.56,11.73,12250,-0.19,0.03,-0.25
12260,-0.91,1.6,11.84,12260,-0.18,0.03,-0.25
12270,-0.95,1.6,11.92,12270,-0.17,0.03,-0.25
12280,-0.96,1.56,12.05,12280,-0.16,-0.01,-0.24
12290,-1.02,1.57,11.98,12290,-0.15,-0.03,-0.24
12300,-1.12,1.54,11.93,12300,-0.13,-0.03,-0.24
12310,-1.08,1.49,11.83,12310,-0.12,-0.03,-0.23
12320,-0.95,1.41,11.6,12320,-0.12,-0.02,-0.23
12330,-0.9,1.42,11.58,12330,-0.13,-0.01,-0.24
12340,-1.08,1.5,11.58,12340,-0.14,-0.01,-0.25
12350,-1.18,1.53,11.64,12350,-0.15,0.01,-0.25
12360,-1.15,1.49,11.67,12360,-0.16,0.02,-0.24
12370,-1.14,1.51,11.67,12370,-0.17,0.01,-0.23
12380,-1.22,1.49,11.8,12380,-0.17,0,-0.22
12390,-1.23,1.48,11.9,12390,-0.17,0.01,-0.21
12400,-1.16,1.46,11.93,12400,-0.16,0.02,-0.2
12410,-1.05,1.41,11.93,12410,-0.16,0.01,-0.2
12420,-1.04,1.41,12.01,12420,-0.15,0,-0.2
12430,-1.03,1.41,11.99,12430,-0.14,0.01,-0.2
