Timestamp,AccelerometerX,AccelerometerY,AccelerometerZ,Timestamp,GyroscopeX,GyroscopeY,GyroscopeZ,,Accel Min,-39.23
0,0.41,4.36,10.09,0,-0.5,-0.49,0.13,,Accel Max,39.23
10,1,4,10.76,10,-0.56,-0.32,0.18,,Gyro Min,-8.73
20,1.98,4.17,11.01,20,-0.55,-0.37,0.15,,Gyro Max,8.73
30,2.3,4.18,10.98,30,-0.51,-0.33,0.02,,,
40,1.9,3.84,11.11,40,-0.46,-0.75,-0.09,,,
50,1.16,3.72,10.95,50,-0.52,-0.48,-0.1,,,
60,1.87,3.7,11.27,60,-0.47,-0.3,-0.11,,,
70,2.19,3.87,10.74,70,-0.44,-0.38,-0.15,,,
80,2.29,3.54,10.68,80,-0.44,-0.34,-0.23,,,
90,2.19,3.52,10.43,90,-0.44,-0.3,-0.3,,,
100,2.01,3.65,10.37,100,-0.45,-0.26,-0.35,,,
110,1.69,3.75,10.48,110,-0.46,-0.24,-0.38,,,
120,1.5,3.59,10.69,120,-0.45,-0.23,-0.37,,,
130,1.58,3.55,10.98,130,-0.43,-0.2,-0.37,,,
140,1.71,3.54,10.97,140,-0.39,-0.15,-0.38,,,
150,1.5,3.51,11.09,150,-0.37,-0.1,-0.39,,,
160,1.39,3.47,10.99,160,-0.35,-0.06,-0.39,,,
170,1.45,3.36,11.11,170,-0.35,-0.03,-0.38,,,
180,1.53,3.41,11.39,180,-0.34,-0.01,-0.38,,,
190,1.48,3.47,11.63,190,-0.3,0.01,-0.39,,,
200,1.23,3.63,11.88,200,-0.24,0.06,-0.39,,,
210,0.53,3.93,12.4,210,-0.15,0.12,-0.36,,,
220,0.19,3.98,12.55,220,-0.02,0.15,-0.27,,,
230,0.51,3.97,12.17,230,0.11,0.2,-0.18,,,
240,0.73,3.86,11.49,240,0.17,0.25,-0.13,,,
250,0.91,3.81,10.9,250,0.15,0.29,-0.11,,,
260,1.02,3.68,10.83,260,0.08,0.29,-0.1,,,
270,1.19,3.72,11.13,270,0.02,0.26,-0.09,,,
280,1.25,3.75,11.18,280,-0.03,0.21,-0.09,,,
290,1.27,3.73,11.21,290,-0.07,0.17,-0.09,,,
300,1.17,3.7,11.28,300,-0.1,0.14,-0.1,,,
310,1.12,3.73,11.32,310,-0.14,0.14,-0.09,,,
320,1.1,3.78,11.48,320,-0.14,0.12,-0.08,,,
330,1.15,3.68,11.49,330,-0.14,0.11,-0.07,,,
340,1.44,3.56,11.47,340,-0.14,0.11,-0.08,,,
350,1.6,3.54,11.51,350,-0.14,0.12,-0.11,,,
360,1.44,3.59,11.46,360,-0.13,0.14,-0.15,,,
370,1.29,3.53,11.36,370,-0.12,0.14,-0.18,,,
380,1.23,3.53,11.25,380,-0.13,0.15,-0.2,,,
390,1.14,3.53,11.36,390,-0.14,0.15,-0.21,,,
400,1.05,3.6,11.35,400,-0.14,0.15,-0.21,,,
410,1.03,3.48,11.29,410,-0.13,0.15,-0.22,,,
420,1.07,3.51,11.08,420,-0.13,0.16,-0.23,,,
430,0.99,3.53,11.04,430,-0.13,0.17,-0.23,,,
440,1.03,3.53,10.99,440,-0.14,0.17,-0.23,,,
450,1.09,3.45,11,450,-0.15,0.16,-0.24,,,
460,1.1,3.43,10.88,460,-0.16,0.15,-0.26,,,
470,1.11,3.43,10.76,470,-0.18,0.14,-0.27,,,
480,0.98,3.45,10.73,480,-0.21,0.12,-0.28,,,
490,0.74,3.41,10.85,490,-0.24,0.09,-0.27,,,
500,0.67,3.48,10.88,500,-0.26,0.07,-0.26,,,
510,0.7,3.51,10.81,510,-0.28,0.05,-0.23,,,
520,0.77,3.52,11.04,520,-0.3,0.06,-0.21,,,
530,0.75,3.4,11.2,530,-0.3,0.09,-0.22,,,
540,0.93,3.43,11.36,540,-0.32,0.03,-0.19,,,
550,1,3.36,11.35,550,-0.32,0.01,-0.2,,,
560,1.01,3.38,11.16,560,-0.33,-0.01,-0.2,,,
570,0.99,3.48,11.19,570,-0.34,-0.03,-0.21,,,
580,0.95,3.47,11.06,580,-0.35,-0.04,-0.2,,,
590,1.01,3.47,11.03,590,-0.38,-0.04,-0.19,,,
600,0.9,3.45,11.22,600,-0.39,-0.06,-0.19,,,
610,1.06,3.54,11.31,610,-0.39,-0.06,-0.19,,,
620,1.02,3.48,11.19,620,-0.38,-0.05,-0.2,,,
630,0.96,3.45,11.01,630,-0.38,-0.04,-0.2,,,
640,0.84,3.45,10.82,640,-0.4,-0.02,-0.2,,,
650,0.79,3.45,10.96,650,-0.44,-0.02,-0.2,,,
660,0.87,3.52,11.15,660,-0.46,-0.03,-0.2,,,
670,0.84,3.53,11.23,670,-0.48,-0.04,-0.2,,,
680,0.75,3.56,11.32,680,-0.5,-0.04,-0.21,,,
690,0.75,3.58,11.6,690,-0.52,-0.07,-0.2,,,
700,0.81,3.61,11.96,700,-0.53,-0.08,-0.21,,,
710,0.78,3.74,12.6,710,-0.54,-0.09,-0.22,,,
720,0.72,3.84,13.24,720,-0.52,-0.13,-0.23,,,
730,0.72,3.94,13.51,730,-0.46,-0.15,-0.22,,,
740,0.9,3.87,13.48,740,-0.42,-0.17,-0.22,,,
750,1.17,3.6,13.57,750,-0.42,-0.18,-0.22,,,
760,1.91,3.36,14.55,760,-0.47,-0.16,-0.25,,,
770,3.14,3.09,16.77,770,-0.45,-0.12,-0.34,,,
780,4.09,3.03,19.1,780,-0.31,-0.03,-0.5,,,
790,3.81,3.11,20.83,790,-0.02,0.07,-0.69,,,
800,2.62,3.45,21.65,800,0.35,0.15,-0.84,,,
810,0.93,3.86,21.85,810,0.73,0.19,-0.86,,,
820,-0.49,4.23,21.96,820,1.11,0.14,-0.74,,,
830,-1,4.43,21.44,830,1.5,0.08,-0.53,,,
840,-0.65,4.24,20.13,840,1.88,0.05,-0.33,,,
850,-0.02,3.95,18.61,850,2.21,0.09,-0.2,,,
860,0.34,3.71,17.07,860,2.49,0.23,-0.14,,,
870,0.1,3.77,16.99,870,2.71,0.41,-0.11,,,
880,-0.81,4.01,18.16,880,2.99,0.53,-0.02,,,
890,-1.85,4.25,19.79,890,3.41,0.52,0.19,,,
900,-2.22,4.03,20.57,900,4.01,0.48,0.47,,,
910,-2.07,3.24,19.94,910,4.7,0.5,0.77,,,
920,-1.03,2.22,18.11,920,5.36,0.64,1.01,,,
930,-0.11,1.27,16.15,930,5.91,0.92,1.13,,,
940,0.57,0.55,14.78,940,6.32,1.18,1.21,,,
950,1.31,0.04,13.64,950,6.63,1.27,1.24,,,
960,2.05,-0.01,11.87,960,6.92,1.24,1.25,,,
970,3.2,0.05,10.88,970,7.08,1,1.22,,,
980,4.89,0.59,9.52,980,7.27,0.42,1.06,,,
990,3.98,-0.68,7.42,990,7.26,0.38,0.68,,,
1000,2.85,-0.57,6.25,1000,7.23,0.42,0.45,,,
1010,2.01,4.3,6.4,1010,7.46,0.59,0.27,,,
1020,2.11,-1.35,5.86,1020,7.64,0.89,0.04,,,
1030,1.21,-2.6,3.09,1030,7.82,1.49,-0.02,,,
1040,0.11,-2.78,0.22,1040,7.8,2.26,0.12,,,
1050,0.14,-2.44,-1.26,1050,7.42,2.88,0.54,,,
1060,1.55,-1.94,-2.1,1060,6.98,3.08,0.97,,,
1070,3.4,-1.19,-2.67,1070,6.61,3.08,1.2,,,
1080,4.5,-1.4,-3.68,1080,6.32,3.09,1.31,,,
1090,4.87,-1.95,-5.41,1090,6.03,3.11,1.39,,,
1100,5.43,-2.59,-7.81,1100,5.59,3.2,1.46,,,
1110,6.74,-2.84,-10.79,1110,4.81,3.06,1.41,,,
1120,9.03,-2.26,-13.45,1120,3.83,2.59,1.2,,,
1130,11.29,-1.75,-15.88,1130,2.71,1.9,0.69,,,
1140,12.18,-2.42,-18.83,1140,1.28,0.76,-0.01,,,
1150,8.53,-3.56,-16.19,1150,-0.21,0.73,-0.59,,,
1160,7.31,-2.88,-12.27,1160,-1.28,0.59,-0.88,,,
1170,7.05,-3.19,-11.52,1170,-1.9,0.34,-1.06,,,
1180,7.65,-3.8,-12.63,1180,-2.61,0.11,-1.29,,,
1190,8.67,-4.5,-13.26,1190,-3.44,-0.1,-1.63,,,
1200,8.55,-5.02,-14.18,1200,-4.37,-0.33,-2.05,,,
1210,7.46,-5.12,-13.44,1210,-5.35,-0.61,-2.38,,,
1220,5.99,-5.26,-11.72,1220,-6.2,-0.94,-2.59,,,
1230,5.38,-5.83,-10.91,1230,-7,-1.27,-2.71,,,
1240,4.36,-5.75,-10.4,1240,-7.88,-1.47,-2.85,,,
1250,3.3,-9.48,-10.81,1250,-8.73,-1.75,-2.81,,,
1260,5.18,-11.05,-9.95,1260,-8.73,-1.86,-3.06,,,
1270,4.9,-14.28,-6.62,1270,-8.73,-2.4,-3.41,,,
1280,3.24,-17.18,-0.89,1280,-8.73,-3.02,-3.65,,,
1290,1.45,-20.04,6.51,1290,-8.73,-3.46,-3.67,,,
1300,0.21,-22.59,14.23,1300,-8.73,-3.75,-3.53,,,
1310,0.34,-21.75,23.66,1310,-8.73,-3.82,-3.25,,,
1320,1.36,-19.63,31.87,1320,-8.73,-4.29,-2.85,,,
1330,5.02,-15.81,39.23,1330,-8.73,-4.78,-2.52,,,
1340,6.4,-10.14,39.23,1340,-8.73,-4.6,-2.58,,,
1350,3.36,-3.91,39.23,1350,-8.51,-3.63,-2.82,,,
1360,-1.69,-1.89,39.23,1360,-5.96,-2.34,-2.65,,,
1370,-4.03,-1.2,29.37,1370,-4.48,-1.18,-2.08,,,
1380,-4.26,-0.47,25.7,1380,-3.93,-0.26,-1.45,,,
1390,-3.9,0.51,29.3,1390,-3.46,0.42,-0.84,,,
1400,-1.61,0.96,31.77,1400,-2.53,0.8,-0.28,,,
1410,2.16,0.59,28.8,1410,-1.58,0.83,0.07,,,
1420,5.22,0.13,23.73,1420,-1.03,0.68,0.03,,,
1430,4.76,0.62,20.5,1430,-0.94,0.2,-0.16,,,
1440,4.82,0.24,18.6,1440,-1.05,-0.41,-0.26,,,
1450,3.75,1.36,18.61,1450,-1,-0.62,-0.48,,,
1460,1.24,1.62,17.89,1460,-0.89,-1.04,-0.42,,,
1470,0.69,2.52,17.46,1470,-0.65,-0.97,-0.35,,,
1480,0.6,2.28,16.99,1480,-0.4,-0.79,-0.32,,,
1490,-0.88,2.48,14.55,1490,-0.15,-0.49,-0.22,,,
1500,-0.24,2.12,12.77,1500,-0.11,-0.33,0,,,
1510,0.91,1.89,12.43,1510,-0.11,-0.14,0.07,,,
1520,1.19,1.86,13.15,1520,-0.08,-0.02,0.08,,,
1530,1.31,1.72,13.03,1530,0.06,0.08,0.08,,,
1540,1.49,1.3,12.42,1540,0.15,0.22,0.07,,,
1550,1.47,1.15,12.49,1550,0.16,0.24,0.07,,,
1560,1.63,1.06,12.82,1560,0.21,0.25,0.09,,,
1570,1.83,1.01,12.9,1570,0.29,0.26,0.09,,,
1580,2.07,0.77,12.37,1580,0.37,0.29,0.06,,,
1590,2.49,0.56,11.66,1590,0.39,0.29,0.02,,,
1600,2.59,0.44,11.21,1600,0.34,0.3,-0.06,,,
1610,2.48,0.4,10.66,1610,0.25,0.26,-0.12,,,
1620,2.29,0.53,10.68,1620,0.12,0.21,-0.18,,,
1630,2,0.67,11.3,1630,0.04,0.17,-0.22,,,
1640,1.78,0.81,11.62,1640,0.03,0.14,-0.24,,,
1650,1.56,0.88,11.3,1650,0.03,0.11,-0.24,,,
1660,1.63,0.84,10.99,1660,0.01,0.12,-0.23,,,
1670,1.74,0.74,10.91,1670,-0.02,0.15,-0.23,,,
1680,1.76,0.73,11,1680,-0.04,0.2,-0.25,,,
1690,1.63,0.66,11.34,1690,-0.07,0.2,-0.25,,,
1700,1.57,0.65,11.71,1700,-0.08,0.16,-0.25,,,
1710,1.49,0.65,11.71,1710,-0.09,0.11,-0.23,,,
1720,1.5,0.55,11.52,1720,-0.1,0.07,-0.22,,,
1730,1.63,0.42,11.51,1730,-0.14,0.05,-0.22,,,
1740,1.71,0.48,11.63,1740,-0.17,0.05,-0.23,,,
1750,1.73,0.57,11.96,1750,-0.17,0.07,-0.25,,,
1760,1.56,0.62,12.12,1760,-0.17,0.08,-0.25,,,
1770,1.61,0.69,12.44,1770,-0.17,0.07,-0.24,,,
1780,1.77,0.69,12.56,1780,-0.17,0.06,-0.23,,,
1790,2.01,0.75,13,1790,-0.17,0.09,-0.25,,,
1800,1.9,0.92,13.68,1800,-0.14,0.13,-0.3,,,
1810,1.57,1.13,14.46,1810,-0.08,0.16,-0.33,,,
1820,1.41,1.28,15.01,1820,-0.01,0.16,-0.34,,,
1830,1.18,1.66,15.5,1830,0.05,0.15,-0.34,,,
1840,1.42,1.37,16.02,1840,0.09,0.02,-0.27,,,
1850,2.01,1.35,17.42,1850,0.2,0.16,-0.37,,,
1860,1.63,1.44,18.83,1860,0.34,0.24,-0.43,,,
1870,1.44,1.36,21.19,1870,0.53,0.28,-0.43,,,
1880,1.47,1.54,24.16,1880,0.9,0.24,-0.38,,,
1890,1.93,1.15,26.42,1890,1.41,0.09,-0.27,,,
1900,2.87,0.47,28.35,1900,1.98,-0.01,-0.21,,,
1910,2.85,0.16,30.8,1910,2.61,-0.07,-0.21,,,
1920,1.19,0.42,32.9,1920,3.52,-0.19,-0.11,,,
1930,0.1,-0.39,33.14,1930,4.51,-0.25,0.15,,,
1940,0.14,-1.33,32.76,1940,5.54,-0.22,0.41,,,
1950,0.64,-2.88,29.49,1950,6.56,-0.25,0.66,,,
1960,2.4,-4.22,25.12,1960,7.42,-0.13,0.73,,,
1970,3.17,-5.37,20.58,1970,7.98,0.05,0.67,,,
1980,3.77,-5.88,18.06,1980,8.3,0.24,0.53,,,
1990,3.35,-5.8,16.94,1990,8.63,0.43,0.33,,,
2000,2.73,-5.71,16.08,2000,8.73,0.67,0.21,,,
2010,2.98,-6.7,13.83,2010,8.73,0.94,0.12,,,
2020,2.81,-6.91,11.63,2020,8.73,1.28,0.01,,,
2030,3.11,-7.03,9.63,2030,8.73,1.6,-0.08,,,
2040,2.91,-7.19,7.36,2040,8.73,2.01,-0.16,,,
2050,2.28,-7.17,4.48,2050,8.73,2.26,-0.19,,,
2060,1.76,-7.44,2.4,2060,8.73,2.69,-0.1,,,
2070,1.23,-7.31,0.71,2070,8.73,2.69,0.06,,,
2080,-0.24,-7.13,0.01,2080,8.73,2.29,0.37,,,
2090,-0.31,-6.6,-1.44,2090,8.73,1.99,0.75,,,
2100,0.84,-6.28,-3.45,2100,8.73,1.84,1.07,,,
2110,3.13,-5.83,-5.97,2110,8.73,1.65,1.17,,,
2120,4.71,-5.29,-7.61,2120,8.2,1.39,1.04,,,
2130,5.45,-5.07,-9.93,2130,7.45,1.23,0.73,,,
2140,5.23,-4.67,-11.41,2140,6.54,1.1,0.43,,,
2150,5.02,-4.34,-13.48,2150,5.52,0.91,0.24,,,
2160,4.75,-4.37,-15.54,2160,4.34,0.66,0.08,,,
2170,4.36,-4.09,-16.06,2170,3.06,0.61,-0.04,,,
2180,3.95,-4.1,-15.47,2180,1.91,0.53,-0.07,,,
2190,3.7,-3.71,-14.47,2190,0.91,0.44,-0.06,,,
2200,3.38,-3.81,-13.12,2200,0.09,0.34,-0.01,,,
2210,3.36,-4.07,-11.65,2210,-0.49,0.25,0.05,,,
2220,3.71,-4.88,-11.7,2220,-0.94,0.22,0.08,,,
2230,4.08,-5.85,-12.08,2230,-1.43,0.23,0.04,,,
2240,3.72,-6.92,-12.73,2240,-2.03,0.25,-0.02,,,
2250,5.59,-8.14,-13.87,2250,-2.8,0.1,-0.19,,,
2260,7.33,-9.01,-14.13,2260,-3.71,0.17,-0.6,,,
2270,7.47,-9.92,-14.56,2270,-4.69,0.22,-1.17,,,
2280,6.97,-10.35,-14.85,2280,-5.78,0.21,-1.67,,,
2290,6.05,-10.97,-14.54,2290,-6.94,0.1,-2.1,,,
2300,4.98,-12.12,-14.08,2300,-8.17,-0.1,-2.42,,,
2310,4.45,-14.81,-14.55,2310,-8.73,-0.52,-2.73,,,
2320,4.58,-18.24,-14.6,2320,-8.73,-1.01,-3.07,,,
2330,3.49,-23.45,-14.01,2330,-8.73,-1.47,-3.45,,,
2340,2.68,-30.21,-10.36,2340,-8.73,-2.06,-3.69,,,
2350,2.79,-37.45,-2.03,2350,-8.73,-2.42,-3.82,,,
2360,5.38,-39.23,11.4,2360,-8.73,-2.89,-3.78,,,
2370,10.46,-39.23,25.45,2370,-8.73,-3.68,-3.93,,,
2380,14.82,-39.23,39.23,2380,-8.73,-4.25,-4.59,,,
2390,13.22,-35.52,39.23,2390,-8.73,-4.38,-5.83,,,
2400,-0.64,-21.21,39.23,2400,-8.73,-4.27,-6.6,,,
2410,-18.25,-7.59,39.23,2410,-8.73,-2.81,-5.67,,,
2420,-27.27,0.65,39.23,2420,-6.8,-0.49,-3.25,,,
2430,-21.44,4.55,39.23,2430,-3.94,-0.03,-0.37,,,
2440,-6.69,1.03,36.94,2440,-2.28,1.16,1.37,,,
2450,7.72,-2.14,34.05,2450,-1.32,2.25,1.61,,,
2460,14.09,-2.77,31.85,2460,-0.63,2.57,0.81,,,
2470,11.89,-1.87,25.01,2470,-0.4,1.84,-0.13,,,
2480,6.87,-0.47,19.49,2480,-0.82,0.59,-0.71,,,
2490,2.28,1.58,19.51,2490,-1.4,-0.64,-0.93,,,
2500,-0.51,3.11,21.27,2500,-1.46,-1.65,-0.84,,,
2510,-4.23,3.7,17.96,2510,-1.24,-1.91,-0.65,,,
2520,-5.01,4.34,16.73,2520,-1.03,-1.83,-0.21,,,
2530,-4.57,3.92,15.26,2530,-0.72,-1.51,0.19,,,
2540,-3.49,4.49,14.62,2540,-0.48,-0.93,0.57,,,
2550,-1.19,2.51,13.19,2550,-0.31,-0.72,0.7,,,
2560,-0.26,2.24,12.41,2560,-0.16,-0.27,0.65,,,
2570,0.07,1.84,12.21,2570,-0.16,-0.15,0.59,,,
2580,0.03,1.55,12.02,2580,-0.1,-0.03,0.5,,,
2590,-0.58,1.24,10.85,2590,-0.15,-0.04,0.51,,,
2600,0.31,2.05,11.05,2600,-0.3,-0.1,0.54,,,
2610,0.55,1.14,12.88,2610,-0.39,-0.18,0.47,,,
2620,-0.5,1.69,14.08,2620,-0.23,-0.26,0.46,,,
2630,0.11,1.32,13.17,2630,-0.06,-0.44,0.58,,,
2640,0.92,0.99,12.23,2640,0.07,-0.49,0.61,,,
2650,1.43,0.6,11.03,2650,0.07,-0.49,0.58,,,
2660,1.9,0.23,10.81,2660,0.04,-0.43,0.51,,,
2670,1.92,0.11,10.22,2670,0,-0.34,0.38,,,
2680,1.58,0.05,9.77,2680,-0.1,-0.25,0.31,,,
2690,1.69,0,10.09,2690,-0.22,-0.1,0.18,,,
2700,1.38,0.17,11.23,2700,-0.29,0.02,0.07,,,
2710,0.56,0.47,12.21,2710,-0.26,0.11,0.01,,,
2720,0.3,0.51,12.74,2720,-0.18,0.11,0.04,,,
2730,0.53,0.45,12.93,2730,-0.06,0.12,0.07,,,
2740,1.26,0.13,12.87,2740,0.09,0.26,0.03,,,
2750,1.9,0.07,12.67,2750,0.21,0.33,-0.04,,,
2760,2.45,-0.35,12.34,2760,0.32,0.49,-0.18,,,
2770,2.69,-0.45,11.97,2770,0.39,0.7,-0.37,,,
2780,3.23,-0.83,10.59,2780,0.35,0.96,-0.64,,,
2790,1.77,-0.24,9.72,2790,0.24,1.01,-0.9,,,
2800,0.37,1.51,10.91,2800,0.09,1.04,-0.98,,,
2810,-0.66,-0.33,10.3,2810,0.1,0.79,-0.95,,,
2820,-1.55,0.23,9.1,2820,-0.03,0.86,-0.8,,,
2830,-1.07,0.74,8.66,2830,-0.25,0.69,-0.66,,,
2840,-1.38,0.35,8.92,2840,-0.46,0.54,-0.53,,,
2850,-1.41,0.35,9.46,2850,-0.61,0.44,-0.38,,,
2860,-0.9,0.24,10.12,2860,-0.65,0.36,-0.24,,,
2870,-0.38,-0.15,9.51,2870,-0.67,0.29,-0.12,,,
2880,0.39,-0.64,9.09,2880,-0.8,0.3,-0.05,,,
2890,1.25,-0.9,9.49,2890,-0.93,0.42,-0.1,,,
2900,1.25,-0.8,9.99,2900,-0.97,0.56,-0.22,,,
2910,0.7,-0.59,10,2910,-1.01,0.69,-0.33,,,
2920,-0.38,-0.38,9.51,2920,-1.1,0.65,-0.37,,,
2930,-1.44,-0.21,9.08,2930,-1.32,0.47,-0.31,,,
2940,-1.69,0.09,10.33,2940,-1.58,0.2,-0.18,,,
2950,-1.24,0.28,12.07,2950,-1.69,-0.05,-0.04,,,
2960,-0.34,0.07,12.28,2960,-1.68,-0.26,0.03,,,
2970,0.75,-0.3,12.33,2970,-1.7,-0.34,0.01,,,
2980,1.99,-0.67,12.69,2980,-1.8,-0.29,-0.13,,,
2990,2.52,-0.93,13.86,2990,-1.82,-0.18,-0.35,,,
3000,2.46,-0.78,15.37,3000,-1.74,0.03,-0.59,,,
3010,2.89,-1.27,17.1,3010,-1.63,0.16,-0.88,,,
3020,2.99,-2.77,20,3020,-1.49,-0.52,-1.3,,,
3030,1.22,0.17,20.07,3030,-1.46,-0.93,-1.49,,,
3040,-0.79,0.46,22.77,3040,-1.43,-1.25,-1.48,,,
3050,-2.18,0.08,25.22,3050,-1.26,-1.51,-1.3,,,
3060,-2.19,0.33,27.31,3060,-0.97,-1.68,-1.06,,,
3070,-2.38,0.06,29.19,3070,-0.6,-1.76,-0.78,,,
3080,-1.62,-0.86,33.41,3080,-0.31,-1.32,-0.67,,,
3090,-1.28,-1.81,38.81,3090,0.54,-1.02,-0.53,,,
3100,-0.56,-2.33,39.23,3100,1.82,-0.62,-0.37,,,
3110,0.44,-3.17,39.23,3110,3.17,-0.15,-0.22,,,
3120,0.64,-4.42,39.23,3120,4.15,0.29,-0.09,,,
3130,-0.26,-5.72,39.23,3130,5.07,0.5,0.1,,,
3140,-1,-7.12,39.23,3140,6.21,0.59,0.43,,,
3150,-1.23,-9.23,37.1,3150,7.37,0.59,0.84,,,
3160,-1.61,-10.51,33.44,3160,8.26,0.66,1.26,,,
3170,-0.07,-13.92,32.06,3170,8.73,0.86,1.65,,,
3180,0.68,-15.92,28.23,3180,8.73,1.09,1.9,,,
3190,1.82,-17.87,26.63,3190,8.73,1.55,2.11,,,
3200,3.32,-20.2,25.48,3200,8.73,1.94,2.2,,,
3210,3.53,-21.65,23.44,3210,8.73,2.17,2.24,,,
3220,4.51,-23.39,19.43,3220,8.73,2.21,2.3,,,
3230,6.39,-24.57,13.68,3230,8.73,2.02,2.19,,,
3240,6.69,-23.94,8.82,3240,8.73,1.64,1.9,,,
3250,6.15,-22.85,4.33,3250,8.73,1.21,1.61,,,
3260,6.15,-21.2,-1.04,3260,8.73,0.87,1.31,,,
3270,6.64,-19.17,-5.75,3270,8.73,0.66,0.95,,,
3280,5.77,-16.62,-7.84,3280,8.73,0.71,0.53,,,
3290,4.92,-14.76,-8.07,3290,8.69,0.98,0.21,,,
3300,4.27,-13.15,-9.66,3300,8.15,1.43,-0.04,,,
3310,3.25,-11.78,-11.69,3310,7.58,1.9,-0.17,,,
3320,3.09,-10.74,-10.95,3320,7.13,2.76,-0.05,,,
3330,4.41,-10.35,-15.93,3330,6.52,2.58,-0.03,,,
3340,3.38,-8.98,-18.69,3340,5.24,2.26,-0.03,,,
3350,3.93,-8,-17.61,3350,3.94,2.02,0.08,,,
3360,4.5,-7.05,-16.84,3360,2.85,1.58,0.1,,,
3370,5.1,-6.53,-17.08,3370,1.88,1.12,0.09,,,
3380,6.01,-6.53,-18.62,3380,0.78,0.64,-0.03,,,
3390,5.9,-6.63,-18.57,3390,-0.41,0.33,-0.23,,,
3400,5.25,-6.79,-17.42,3400,-1.61,-0.02,-0.38,,,
3410,5.49,-7.15,-15.05,3410,-2.57,-0.41,-0.49,,,
3420,6,-7.52,-14.61,3420,-3.35,-0.69,-0.64,,,
3430,6.51,-8.72,-15.27,3430,-4.2,-1,-0.8,,,
3440,7.09,-10.48,-16.48,3440,-5.22,-1.31,-1.02,,,
3450,7.82,-12.04,-16.62,3450,-6.52,-1.52,-1.36,,,
3460,8.26,-13.8,-15.13,3460,-7.7,-1.69,-1.78,,,
3470,7.83,-15.8,-14.68,3470,-8.73,-1.78,-2.28,,,
3480,6.63,-18.37,-13.81,3480,-8.73,-1.85,-2.76,,,
3490,5.29,-21.13,-10.39,3490,-8.73,-2.03,-3.19,,,
3500,1.75,-23.66,-7.57,3500,-8.73,-2.1,-3.49,,,
3510,0.69,-29.54,-4.86,3510,-8.73,-2.75,-3.47,,,
3520,0.87,-33.81,-0.66,3520,-8.73,-2.88,-3.52,,,
3530,1.87,-38.06,3.36,3530,-8.73,-3.14,-3.63,,,
3540,1.66,-39.23,16.19,3540,-8.73,-3.39,-3.81,,,
3550,0.67,-37.56,34.91,3550,-8.73,-3.37,-3.86,,,
3560,0.63,-32.78,39.23,3560,-8.73,-3.83,-3.56,,,
3570,5.04,-24.1,39.23,3570,-8.73,-3.86,-3.15,,,
3580,8.73,-18.9,39.23,3580,-8.73,-3.69,-3.24,,,
3590,4.56,-14.94,39.23,3590,-8.73,-2.91,-3.36,,,
3600,-4.65,-10.24,39.23,3600,-7.86,-2.38,-3.01,,,
3610,-10.1,-7,37.82,3610,-6.37,-1.43,-1.76,,,
3620,-5.05,-6.4,33.62,3620,-5.23,-0.49,-0.41,,,
3630,1.49,-6.39,31.55,3630,-4.3,0.83,0.15,,,
3640,4.32,-6.29,31.99,3640,-3.41,1.71,0.18,,,
3650,5.38,-6.54,30.91,3650,-2.49,1.99,0.03,,,
3660,9.49,-5.22,30.62,3660,-2.11,1.62,-0.01,,,
3670,5.7,-6.65,23.9,3670,-1.96,0.7,-0.32,,,
3680,6.42,-5.03,24.62,3680,-2.13,-0.17,-0.53,,,
3690,4.81,-4.33,25.43,3690,-1.95,-0.81,-0.82,,,
3700,1.33,-3.56,25.7,3700,-1.54,-1.25,-0.91,,,
3710,-0.78,-1.95,24.38,3710,-1.02,-1.41,-0.89,,,
3720,-3.68,-1.54,22.16,3720,-0.54,-1.61,-0.65,,,
3730,-5.17,-0.67,19.68,3730,-0.22,-1.79,-0.17,,,
3740,-4.17,-0.66,18.68,3740,0.1,-1.81,0.36,,,
3750,-2.19,-1.14,17.42,3750,0.52,-1.64,0.68,,,
3760,-0.01,-1.99,15.45,3760,0.93,-1.2,0.79,,,
3770,1.15,-2.41,12.16,3770,1.16,-0.69,0.74,,,
3780,1.3,-2.86,10.81,3780,1.14,-0.18,0.66,,,
3790,1.75,-2.71,11.33,3790,1.08,0.14,0.63,,,
3800,2.23,-2.74,12.12,3800,1.07,0.25,0.58,,,
3810,2.47,-2.73,12.17,3810,1.08,0.21,0.53,,,
3820,2.71,-2.39,12.75,3820,1.09,0.1,0.48,,,
3830,2.35,-2.98,11.99,3830,1.17,-0.16,0.43,,,
3840,2.79,-3.07,10.73,3840,1.1,-0.32,0.38,,,
3850,2.98,-2.71,11.46,3850,1.08,-0.28,0.29,,,
3860,2.95,-2.91,10.69,3860,1.12,-0.21,0.18,,,
3870,2.66,-2.65,9.75,3870,1.1,-0.08,0.08,,,
3880,2.44,-2.71,9.11,3880,0.94,-0.05,0.03,,,
3890,2.53,-2.7,8.93,3890,0.74,-0.03,-0.01,,,
3900,2.32,-2.65,8.74,3900,0.46,-0.07,-0.06,,,
3910,1.93,-2.15,9.42,3910,0.24,0,-0.07,,,
3920,1.58,-1.95,9.97,3920,0.15,0.05,-0.07,,,
3930,1.36,-1.91,10.04,3930,0.09,0.15,-0.03,,,
3940,1.73,-2.11,9.94,3940,0.03,0.23,0.01,,,
3950,2.39,-2.39,9.74,3950,-0.05,0.31,-0.01,,,
3960,2.65,-2.55,10,3960,-0.15,0.37,-0.09,,,
3970,2.7,-2.51,10.4,3970,-0.23,0.41,-0.21,,,
3980,2.25,-2.49,10.63,3980,-0.3,0.45,-0.3,,,
3990,1.71,-2.43,10.62,3990,-0.38,0.42,-0.35,,,
4000,1.35,-2.47,10.41,4000,-0.48,0.38,-0.37,,,
4010,0.97,-2.38,10.12,4010,-0.61,0.4,-0.37,,,
4020,1.17,-2.53,10.13,4020,-0.79,0.4,-0.36,,,
4030,1.34,-2.64,10.57,4030,-0.96,0.44,-0.37,,,
4040,1.79,-2.54,11.67,4040,-1.04,0.56,-0.42,,,
4050,2.23,-2.63,12.84,4050,-1.07,0.67,-0.52,,,
4060,1.92,-2.49,13.39,4060,-1.1,0.69,-0.61,,,
4070,1.98,-2.38,14.73,4070,-1.11,0.69,-0.68,,,
4080,2.33,-2.53,16.02,4080,-1.07,0.71,-0.76,,,
4090,2.56,-2.91,17.09,4090,-1.03,0.84,-0.92,,,
4100,2.43,-2.99,19.52,4100,-0.99,1.1,-1.15,,,
4110,1.38,-3.12,22.78,4110,-0.84,1.28,-1.37,,,
4120,0.34,-3.52,26.07,4120,-0.62,1.34,-1.47,,,
4130,-0.26,-4.08,30.81,4130,-0.33,1.3,-1.5,,,
4140,-1.03,-4.46,36.23,4140,0.17,1.27,-1.47,,,
4150,-2.62,-4.54,39.23,4150,0.95,1.33,-1.37,,,
4160,-5.4,-4.47,39.23,4160,2.03,1.38,-1.03,,,
4170,-7.48,-5.08,39.23,4170,3.29,1.54,-0.32,,,
4180,-6.11,-6.49,39.23,4180,4.55,1.89,0.56,,,
4190,-3.42,-8.71,39.23,4190,5.84,2.46,1.27,,,
4200,-1.36,-11.4,39.23,4200,7.23,3.1,1.79,,,
4210,-0.76,-14.97,39.23,4210,8.72,3.57,2.3,,,
4220,-0.25,-18.33,39.23,4220,8.73,3.72,2.78,,,
4230,-0.01,-21.35,36.28,4230,8.73,3.53,3.24,,,
4240,-1.16,-24.5,32.79,4240,8.73,2.99,3.72,,,
4250,-2.6,-27.63,28.53,4250,8.73,2.24,4.25,,,
4260,-3.2,-31.09,23.62,4260,8.73,1.4,4.74,,,
4270,-2.96,-34.3,17.34,4270,8.73,0.76,5.1,,,
4280,-1.22,-36.05,13.52,4280,8.73,0.48,5.21,,,
4290,-0.66,-38.72,6.25,4290,8.73,0.59,5.23,,,
4300,2.53,-38.6,-0.75,4300,8.73,1.01,5.18,,,
4310,6.38,-35.91,-5.9,4310,8.73,1.49,4.84,,,
4320,9.85,-34.5,-11.15,4320,8.73,1.88,4.27,,,
4330,13.7,-31.89,-16.83,4330,8.73,1.93,3.37,,,
4340,15.76,-28.71,-23.04,4340,8.73,1.83,2.21,,,
4350,15.53,-25.14,-26.39,4350,7.91,2.11,1.02,,,
4360,15.9,-22.83,-28.74,4360,6.24,2.51,-0.05,,,
4370,15.55,-20.48,-31.75,4370,4.49,2.64,-1.05,,,
4380,13.35,-18.74,-32.1,4380,2.45,2.15,-1.84,,,
4390,10.41,-17.07,-30.12,4390,0.36,1.22,-2.39,,,
4400,6.82,-16.18,-27.18,4400,-1.82,0.12,-2.74,,,
4410,3.75,-15.92,-24.59,4410,-3.7,-0.63,-2.9,,,
4420,1.11,-16.07,-21.64,4420,-5.47,-1.13,-2.93,,,
4430,-1.25,-16.77,-18.8,4430,-7.14,-1.45,-2.82,,,
4440,-2.44,-17.82,-14.96,4440,-8.68,-1.69,-2.58,,,
4450,-1.74,-19.22,-12.66,4450,-8.73,-1.74,-2.37,,,
4460,-0.31,-21.73,-12.17,4460,-8.73,-1.64,-2.32,,,
4470,1.96,-26.63,-11.28,4470,-8.73,-2.01,-2.33,,,
4480,4.32,-32.31,-9.01,4480,-8.73,-2.7,-2.51,,,
4490,5.66,-38.85,-2.03,4490,-8.73,-3.21,-2.8,,,
4500,7.35,-39.23,7.72,4500,-8.73,-3.71,-3.14,,,
4510,10.6,-39.23,19.51,4510,-8.73,-4.1,-3.58,,,
4520,10.53,-39.23,37.12,4520,-8.73,-4.02,-4.35,,,
4530,8.31,-39.23,39.23,4530,-8.73,-4.2,-4.95,,,
4540,3.93,-29.02,39.23,4540,-8.73,-4.07,-5.29,,,
4550,-3.24,-18.35,39.23,4550,-8.73,-3.17,-5.1,,,
4560,-11.5,-11.29,39.23,4560,-8.46,-1.85,-4.18,,,
4570,-16.21,-7.1,35.56,4570,-6.76,-1.64,-2.61,,,
4580,-12.1,-7.25,28.39,4580,-6.01,-1.68,-0.7,,,
4590,-2.43,-9.41,27.9,4590,-5.72,-0.67,0.61,,,
4600,9.7,-11.59,37.4,4600,-5.17,0.11,0.83,,,
4610,14.26,-8.82,36.8,4610,-4.04,1.18,-0.14,,,
4620,9.39,-9.67,34.28,4620,-3.29,1.28,-0.98,,,
4630,1.2,-7.1,34.79,4630,-2.78,0.66,-1.14,,,
4640,4.03,-6.61,29.14,4640,-2.58,0.15,-1.2,,,
4650,0.2,-4.41,31.98,4650,-2.13,-0.32,-1.09,,,
4660,-3.79,-2.62,33.56,4660,-1.25,-0.49,-0.69,,,
4670,-1.29,-3.36,24.63,4670,-0.49,-0.52,-0.2,,,
4680,0.24,-3.93,20.95,4680,-0.31,-0.54,0.1,,,
4690,2.03,-4.02,20.88,4690,-0.1,-0.25,0.2,,,
4700,2.76,-4.04,20.15,4700,0.21,0.14,0.09,,,
4710,1.59,-3.77,18.93,4710,0.48,0.53,-0.08,,,
4720,0.14,-3.42,16.99,4720,0.6,0.65,-0.11,,,
4730,-0.7,-3,15.75,4730,0.63,0.55,-0.05,,,
4740,-0.59,-2.68,15.43,4740,0.67,0.4,0.04,,,
4750,-0.56,-2.5,14.73,4750,0.78,0.32,0.09,,,
4760,-0.69,-2.45,13.35,4760,0.86,0.22,0.15,,,
4770,-0.62,-2.52,12.23,4770,0.87,0.08,0.24,,,
4780,-0.12,-2.74,11.63,4780,0.84,-0.06,0.32,,,
4790,0.36,-2.68,11.55,4790,0.82,-0.16,0.35,,,
4800,0.68,-2.93,11.23,4800,0.85,-0.26,0.37,,,
4810,1.05,-3.14,10.62,4810,0.85,-0.36,0.38,,,
4820,1.79,-3.35,9.95,4820,0.81,-0.48,0.35,,,
4830,2.42,-3.58,9.42,4830,0.76,-0.51,0.27,,,
4840,1.94,-3.46,8.89,4840,0.68,-0.47,0.19,,,
4850,1.96,-3.43,8.69,4850,0.59,-0.44,0.16,,,
4860,2.16,-3.39,8.77,4860,0.52,-0.39,0.12,,,
4870,2.2,-3.31,8.64,4870,0.47,-0.32,0.05,,,
4880,2.09,-3.28,8.74,4880,0.41,-0.26,0,,,
4890,1.83,-3.27,8.73,4890,0.36,-0.17,-0.04,,,
4900,1.66,-3.14,8.83,4900,0.31,-0.1,-0.06,,,
4910,1.6,-3.19,8.97,4910,0.25,-0.06,-0.07,,,
4920,1.61,-3.22,9.35,4920,0.2,-0.02,-0.08,,,
4930,1.7,-3.3,9.34,4930,0.14,0,-0.1,,,
4940,1.67,-3.27,9.63,4940,0.06,0,-0.14,,,
4950,1.55,-3.24,10.08,4950,0,-0.02,-0.16,,,
4960,1.55,-3.28,10.49,4960,-0.04,-0.05,-0.18,,,
4970,1.61,-3.35,10.58,4970,-0.07,-0.05,-0.23,,,
4980,1.14,-3.32,10.56,4980,-0.11,-0.03,-0.27,,,
4990,0.6,-3.14,10.92,4990,-0.17,0.01,-0.26,,,
5000,0.46,-3.08,11.48,5000,-0.19,0.02,-0.21,,,
5010,0.74,-3.21,12.03,5010,-0.18,0.01,-0.16,,,
5020,1.05,-3.34,12.08,5020,-0.14,0,-0.15,,,
5030,1.19,-3.36,11.9,5030,-0.12,0.03,-0.16,,,
5040,1.19,-3.38,11.73,5040,-0.14,0.05,-0.18,,,
5050,1.16,-3.32,11.87,5050,-0.16,0.06,-0.2,,,
5060,1.07,-3.21,12.31,5060,-0.16,0.06,-0.22,,,
5070,0.87,-3.13,12.3,5070,-0.12,0.03,-0.23,,,
5080,0.53,-3.07,11.97,5080,-0.12,0,-0.22,,,
5090,0.45,-2.96,11.79,5090,-0.14,-0.03,-0.19,,,
5100,0.41,-2.85,11.94,5100,-0.16,-0.04,-0.15,,,
5110,0.52,-2.79,12.11,5110,-0.14,-0.05,-0.12,,,
5120,0.62,-2.76,11.93,5120,-0.09,-0.04,-0.09,,,
5130,0.71,-2.84,11.63,5130,-0.08,-0.02,-0.08,,,
5140,0.8,-2.82,11.39,5140,-0.09,0.01,-0.06,,,
5150,0.77,-2.79,11.33,5150,-0.12,0.01,-0.04,,,
5160,0.91,-2.86,11.54,5160,-0.15,-0.01,-0.02,,,
5170,1.19,-2.84,11.86,5170,-0.16,-0.01,-0.01,,,
5180,1.37,-2.85,11.94,5180,-0.14,-0.01,-0.03,,,
5190,1.36,-2.87,11.66,5190,-0.12,-0.01,-0.05,,,
5200,1.28,-2.87,11.4,5200,-0.14,-0.02,-0.06,,,
5210,1.39,-2.85,11.55,5210,-0.17,-0.04,-0.06,,,
5220,1.36,-2.81,11.67,5220,-0.17,-0.04,-0.07,,,
5230,1.36,-2.77,11.65,5230,-0.16,-0.02,-0.08,,,
5240,1.42,-2.79,11.57,5240,-0.16,0,-0.1,,,
5250,1.48,-2.83,11.64,5250,-0.16,0.02,-0.11,,,
5260,1.47,-2.81,11.73,5260,-0.16,0.02,-0.13,,,
5270,1.43,-2.79,11.72,5270,-0.16,0.02,-0.15,,,
5280,1.44,-2.81,11.59,5280,-0.16,0.02,-0.16,,,
5290,1.46,-2.83,11.59,5290,-0.16,0.03,-0.17,,,
5300,1.5,-2.84,11.63,5300,-0.16,0.04,-0.19,,,
5310,1.35,-2.83,11.55,5310,-0.15,0.05,-0.21,,,
5320,1.27,-2.83,11.46,5320,-0.15,0.07,-0.22,,,
5330,1.12,-2.84,11.45,5330,-0.17,0.09,-0.22,,,
5340,1.16,-2.88,11.5,5340,-0.18,0.1,-0.2,,,
5350,1.3,-2.83,11.65,5350,-0.18,0.09,-0.2,,,
5360,1.42,-2.92,11.56,5360,-0.16,0.1,-0.22,,,
5370,1.38,-2.96,11.37,5370,-0.16,0.12,-0.24,,,
5380,1.32,-2.95,11.34,5380,-0.17,0.14,-0.26,,,
5390,1.24,-2.94,11.32,5390,-0.18,0.14,-0.28,,,
5400,1.12,-2.95,11.26,5400,-0.2,0.13,-0.28,,,
5410,1.04,-2.93,11.32,5410,-0.22,0.13,-0.29,,,
5420,1.04,-2.95,11.46,5420,-0.23,0.14,-0.29,,,
5430,1.03,-2.88,11.39,5430,-0.22,0.15,-0.29,,,
5440,0.98,-2.96,11.26,5440,-0.23,0.18,-0.29,,,
5450,1,-2.94,11.23,5450,-0.24,0.22,-0.29,,,
5460,0.93,-2.9,11.12,5460,-0.25,0.28,-0.29,,,
5470,0.97,-2.89,11.08,5470,-0.26,0.35,-0.31,,,
5480,0.87,-2.86,11.09,5480,-0.26,0.42,-0.32,,,
5490,0.8,-2.85,11.07,5490,-0.28,0.46,-0.33,,,
5500,0.74,-2.85,11.06,5500,-0.3,0.48,-0.34,,,
5510,0.76,-2.82,11.11,5510,-0.33,0.48,-0.34,,,
5520,0.71,-2.78,11.08,5520,-0.36,0.44,-0.35,,,
5530,0.75,-2.81,11.27,5530,-0.39,0.39,-0.35,,,
5540,0.89,-2.91,11.25,5540,-0.43,0.34,-0.35,,,
5550,1.06,-2.94,11.17,5550,-0.47,0.29,-0.39,,,
5560,1.1,-2.95,11.24,5560,-0.51,0.27,-0.42,,,
5570,1.04,-2.97,11.3,5570,-0.55,0.28,-0.46,,,
5580,0.87,-2.99,11.38,5580,-0.59,0.32,-0.48,,,
5590,0.83,-2.92,11.55,5590,-0.59,0.41,-0.52,,,
5600,0.67,-3.03,11.74,5600,-0.59,0.57,-0.54,,,
5610,0.82,-3.36,12.2,5610,-0.6,0.68,-0.55,,,
5620,1.22,-3.62,12.47,5620,-0.6,0.62,-0.59,,,
5630,1.24,-3.74,12.15,5630,-0.61,0.48,-0.66,,,
5640,1.2,-4.07,11.88,5640,-0.7,0.35,-0.75,,,
5650,1.06,-3.98,12.36,5650,-0.81,0.32,-0.85,,,
5660,0.45,-3.94,13.12,5660,-0.88,0.35,-0.93,,,
5670,0.19,-4.08,14.64,5670,-0.9,0.48,-0.98,,,
5680,0.21,-4.46,16.68,5680,-0.82,0.68,-1.06,,,
5690,0.03,-4.56,19.45,5690,-0.66,0.99,-1.19,,,
5700,-0.83,-4.51,22.46,5700,-0.38,1.24,-1.28,,,
5710,-1.53,-4.82,25.47,5710,-0.04,1.3,-1.27,,,
5720,-1.85,-4.9,28.16,5720,0.34,1.17,-1.22,,,
5730,-2.96,-4.92,30.55,5730,0.77,1.01,-1.13,,,
5740,-3.91,-4.92,33.88,5740,1.37,0.93,-0.94,,,
5750,-5.25,-4.65,36.92,5750,2.09,0.89,-0.72,,,
5760,-7.43,-4.49,39.23,5760,3.02,0.92,-0.33,,,
5770,-8.81,-4.84,39.23,5770,4.13,0.9,0.28,,,
5780,-8.32,-6.37,39.23,5780,5.31,0.87,1.02,,,
5790,-6.4,-8.86,35.88,5790,6.37,0.8,1.7,,,
5800,-3.93,-11.73,32.46,5800,7.21,0.77,2.22,,,
5810,-1.95,-13.79,31.44,5810,7.96,0.84,2.57,,,
5820,-1.19,-15.58,31.11,5820,8.73,0.94,2.89,,,
5830,-0.74,-18.08,30.79,5830,8.73,1.05,3.23,,,
5840,-1.37,-20.89,31.23,5840,8.73,1.16,3.55,,,
5850,-2.08,-24.35,28.22,5850,8.73,1.27,3.98,,,
5860,-0.19,-28.5,21.7,5860,8.73,1.4,4.39,,,
5870,3.13,-30.43,14.79,5870,8.73,1.59,4.5,,,
5880,5.71,-30.69,8.02,5880,8.73,1.67,4.31,,,
5890,6.18,-28.64,3.62,5890,8.73,1.72,3.95,,,
5900,6.18,-26.23,0.81,5900,8.73,1.56,3.59,,,
5910,6.08,-24.19,-1.74,5910,8.73,1.36,3.16,,,
5920,5.23,-23.39,-4.78,5920,8.73,1.57,2.71,,,
5930,6.12,-22.37,-9.88,5930,8.73,2.28,2.23,,,
5940,8.36,-20.93,-14.04,5940,8.73,2.9,1.75,,,
5950,10.26,-19.41,-18.12,5950,8.62,3.27,1.13,,,
5960,10.48,-17.59,-19.12,5960,7.23,3.58,0.49,,,
5970,10.67,-15.85,-18.74,5970,5.9,3.48,-0.01,,,
5980,10.44,-14.72,-19.12,5980,4.67,2.98,-0.4,,,
5990,11.02,-14.05,-20.88,5990,3.37,2.45,-0.77,,,
6000,10.68,-13.61,-22.31,6000,1.92,1.85,-1.21,,,
6010,9.25,-12.96,-22.05,6010,0.37,1.29,-1.62,,,
6020,7.63,-12.32,-20.36,6020,-1.1,0.83,-1.94,,,
6030,6.25,-11.97,-18.6,6030,-2.43,0.44,-2.19,,,
6040,5.37,-11.99,-16.53,6040,-3.69,0.19,-2.45,,,
6050,4.69,-12.2,-14.57,6050,-4.87,0.04,-2.74,,,
6060,4.62,-12.54,-12.58,6060,-6.01,-0.14,-3.07,,,
6070,5.28,-13.72,-10.48,6070,-7.09,-0.42,-3.49,,,
6080,5.78,-16.08,-10.8,6080,-8.2,-0.7,-4.08,,,
6090,5.88,-18.65,-10.77,6090,-8.73,-1.06,-4.77,,,
6100,5.56,-22.74,-8.9,6100,-8.73,-1.57,-5.47,,,
6110,4.11,-28.17,-8.69,6110,-8.73,-2.01,-6.17,,,
6120,-0.24,-34.71,-2.63,6120,-8.73,-2.44,-6.75,,,
6130,-3.74,-39.23,8.83,6130,-8.73,-3.2,-6.85,,,
6140,-5.72,-39.23,25.22,6140,-8.73,-3.48,-6.94,,,
6150,-10.23,-38.76,39.23,6150,-8.73,-3.13,-7.07,,,
6160,-15.31,-28.71,39.23,6160,-8.73,-3.09,-6.47,,,
6170,-17.24,-17.99,39.23,6170,-8.73,-2.65,-5.45,,,
6180,-17.88,-10.37,39.23,6180,-8.73,-2.75,-4.21,,,
6190,-14.94,-7.54,39.23,6190,-7.7,-2.78,-2.96,,,
6200,-9.95,-7.97,31.51,6200,-6.62,-2.33,-2.01,,,
6210,-4.68,-9.49,25.1,6210,-6.37,-1.62,-1.6,,,
6220,2.68,-12.73,31.68,6220,-6.12,-1.26,-1.58,,,
6230,4.53,-10.57,28.48,6230,-5.74,-0.25,-2.19,,,
6240,1.75,-10.99,33.17,6240,-5.22,0.6,-2.89,,,
6250,-6.22,-5.55,37.69,6250,-4.16,1.1,-3.09,,,
6260,-12.52,-4.5,36.1,6260,-3.4,0.93,-2.61,,,
6270,-15.03,-2.45,35.64,6270,-2.68,0.53,-1.74,,,
6280,-15.39,-1.31,36.81,6280,-1.56,0.11,-0.61,,,
6290,-9.4,-2.3,30.97,6290,-0.65,-0.47,0.42,,,
6300,-3.78,-3.98,25.06,6300,-0.08,-0.69,0.71,,,
6310,-2.18,-4.56,21.43,6310,0.14,-0.64,0.69,,,
6320,-1.1,-4.49,19.98,6320,0.35,-0.61,0.58,,,
6330,-1,-4.36,17.57,6330,0.51,-0.57,0.42,,,
6340,-1.53,-3.87,16.23,6340,0.55,-0.69,0.31,,,
6350,-2.21,-3.55,14.94,6350,0.59,-0.93,0.27,,,
6360,-2.37,-3.3,13.8,6360,0.61,-1.13,0.29,,,
6370,-2.63,-3.14,13.13,6370,0.65,-1.18,0.34,,,
6380,-2.53,-3.19,11.8,6380,0.73,-1.16,0.43,,,
6390,-1.59,-3.28,10.44,6390,0.76,-1.05,0.48,,,
6400,-1,-3.45,9.54,6400,0.73,-0.85,0.46,,,
6410,-0.5,-3.57,9.06,6410,0.69,-0.63,0.43,,,
6420,-0.02,-3.64,8.6,6420,0.62,-0.48,0.38,,,
6430,0.37,-3.54,8.52,6430,0.52,-0.39,0.3,,,
6440,0.7,-3.51,8.76,6440,0.45,-0.35,0.21,,,
6450,0.9,-3.45,8.59,6450,0.39,-0.39,0.12,,,
6460,0.96,-3.42,8.29,6460,0.29,-0.46,0.05,,,
6470,1.14,-3.45,8.15,6470,0.21,-0.48,-0.03,,,
6480,1.32,-3.53,8.03,6480,0.13,-0.46,-0.11,,,
6490,1.36,-3.56,7.96,6490,0.05,-0.4,-0.2,,,
6500,1.29,-3.73,7.77,6500,-0.05,-0.3,-0.3,,,
6510,1.21,-3.83,7.84,6510,-0.17,-0.19,-0.37,,,
6520,1.03,-3.83,8.44,6520,-0.26,-0.09,-0.45,,,
6530,0.74,-3.93,9.14,6530,-0.34,-0.03,-0.5,,,
6540,0.47,-3.82,9.93,6540,-0.38,0.01,-0.55,,,
6550,-0.08,-3.74,10.4,6550,-0.37,0.05,-0.57,,,
6560,-0.58,-3.59,10.62,6560,-0.34,0.09,-0.55,,,
6570,-1.01,-3.7,10.49,6570,-0.33,0.09,-0.49,,,
6580,-1.15,-3.62,10.86,6580,-0.33,0.12,-0.42,,,
6590,-1.05,-3.71,10.99,6590,-0.31,0.13,-0.36,,,
6600,-0.9,-3.82,11.14,6600,-0.31,0.12,-0.32,,,
6610,-0.64,-3.91,11.3,6610,-0.31,0.1,-0.29,,,
6620,-0.5,-3.91,11.43,6620,-0.31,0.09,-0.3,,,
6630,-0.51,-3.89,11.72,6630,-0.3,0.08,-0.31,,,
6640,-0.79,-3.8,11.72,6640,-0.31,0.03,-0.32,,,
6650,-1.04,-3.62,11.91,6650,-0.31,-0.02,-0.29,,,
6660,-1.16,-3.47,12.14,6660,-0.28,-0.05,-0.26,,,
6670,-1.2,-3.5,12.13,6670,-0.23,-0.03,-0.22,,,
6680,-1.05,-3.6,11.88,6680,-0.19,0,-0.2,,,
6690,-1.13,-3.5,11.31,6690,-0.19,0.03,-0.18,,,
6700,-1.2,-3.47,11.49,6700,-0.21,0.06,-0.15,,,
6710,-1.11,-3.49,11.71,6710,-0.19,0.08,-0.12,,,
6720,-0.89,-3.53,11.82,6720,-0.15,0.11,-0.1,,,
6730,-0.72,-3.64,11.58,6730,-0.13,0.1,-0.1,,,
6740,-0.68,-3.59,11.35,6740,-0.14,0.07,-0.1,,,
6750,-0.7,-3.55,11.42,6750,-0.15,0.04,-0.1,,,
6760,-0.57,-3.57,11.54,6760,-0.14,0.01,-0.09,,,
6770,-0.36,-3.71,11.43,6770,-0.11,0.01,-0.1,,,
6780,-0.29,-3.73,11,6780,-0.11,0.04,-0.12,,,
6790,-0.29,-3.76,10.86,6790,-0.14,0.08,-0.15,,,
6800,-0.22,-3.73,11.01,6800,-0.18,0.09,-0.17,,,
6810,-0.18,-3.69,11.28,6810,-0.19,0.07,-0.2,,,
6820,-0.19,-3.63,11.35,6820,-0.2,0.07,-0.22,,,
6830,-0.34,-3.53,11.34,6830,-0.19,0.07,-0.25,,,
6840,-0.62,-3.41,11.44,6840,-0.18,0.06,-0.26,,,
6850,-0.77,-3.4,11.33,6850,-0.16,0.05,-0.24,,,
6860,-0.76,-3.43,11.1,6860,-0.16,0.05,-0.22,,,
6870,-0.74,-3.44,11.06,6870,-0.18,0.06,-0.21,,,
6880,-0.81,-3.43,11.35,6880,-0.19,0.06,-0.18,,,
6890,-0.73,-3.46,11.53,6890,-0.17,0.07,-0.16,,,
6900,-0.56,-3.48,11.5,6900,-0.14,0.08,-0.15,,,
6910,-0.49,-3.51,11.43,6910,-0.11,0.09,-0.15,,,
6920,-0.59,-3.53,11.42,6920,-0.09,0.09,-0.15,,,
6930,-0.51,-3.57,11.43,6930,-0.08,0.08,-0.14,,,
6940,-0.3,-3.67,11.34,6940,-0.07,0.06,-0.14,,,
6950,-0.22,-3.64,11.27,6950,-0.07,0.05,-0.17,,,
6960,-0.28,-3.62,11.35,6960,-0.06,0.04,-0.19,,,
6970,-0.26,-3.65,11.15,6970,-0.04,0.05,-0.2,,,
6980,-0.07,-3.78,10.62,6980,-0.07,0.02,-0.22,,,
6990,-0.05,-3.67,10.99,6990,-0.13,0.03,-0.26,,,
7000,-0.16,-3.75,10.86,7000,-0.14,0.03,-0.28,,,
7010,-0.13,-3.67,11.12,7010,-0.17,0.03,-0.3,,,
7020,-0.23,-3.73,11.32,7020,-0.18,-0.01,-0.32,,,
7030,-0.42,-3.63,11.37,7030,-0.17,0.02,-0.34,,,
7040,-0.7,-3.68,11.27,7040,-0.17,0.05,-0.32,,,
7050,-0.47,-3.81,11.49,7050,-0.19,0.03,-0.3,,,
7060,-0.21,-3.87,11.63,7060,-0.19,0.01,-0.32,,,
7070,0,-3.86,11.65,7070,-0.17,0.01,-0.36,,,
7080,0.15,-3.94,11.38,7080,-0.16,0.01,-0.41,,,
7090,-0.06,-3.87,11,7090,-0.18,0,-0.48,,,
7100,-0.3,-3.81,10.78,7100,-0.22,-0.02,-0.53,,,
7110,-0.47,-3.78,10.52,7110,-0.28,-0.04,-0.57,,,
7120,-0.29,-3.76,10.47,7120,-0.35,-0.01,-0.61,,,
7130,-0.09,-3.56,10.82,7130,-0.41,0.1,-0.69,,,
7140,-0.06,-3.66,11.29,7140,-0.37,0.26,-0.76,,,
7150,-0.3,-3.69,10.81,7150,-0.32,0.4,-0.83,,,
7160,-0.1,-3.78,10.43,7160,-0.34,0.5,-0.88,,,
7170,0.95,-4.38,11.04,7170,-0.41,0.82,-1.13,,,
7180,0.68,-6.27,12.3,7180,-0.31,-0.31,-1.31,,,
7190,1.86,-1.9,9.56,7190,-0.3,0.34,-1.34,,,
7200,0.59,-3.54,10.56,7200,-0.44,0.49,-1.52,,,
7210,-0.65,-4.04,10.76,7210,-0.5,0.35,-1.53,,,
7220,-1.55,-3.22,10.9,7220,-0.61,0.13,-1.44,,,
7230,-2.24,-3,11.9,7230,-0.71,-0.05,-1.28,,,
7240,-2.51,-3.15,12.96,7240,-0.73,-0.09,-1.1,,,
7250,-2.07,-3.25,14.66,7250,-0.68,-0.14,-0.93,,,
7260,-1.16,-3.06,16.24,7260,-0.53,-0.2,-0.86,,,
7270,-0.53,-3.44,17.15,7270,-0.38,-0.34,-0.82,,,
7280,0.43,-3.9,18.17,7280,-0.32,-0.45,-0.85,,,
7290,0.96,-4.2,20.1,7290,-0.29,-0.47,-0.97,,,
7300,0.35,-4.39,23.17,7300,-0.21,-0.31,-1.14,,,
7310,-1.33,-4.11,26.69,7310,0,-0.03,-1.25,,,
7320,-3.83,-3.8,31.11,7320,0.39,0.4,-1.2,,,
7330,-6.11,-3.7,35.54,7330,0.99,0.89,-0.89,,,
7340,-7.39,-4.13,39.23,7340,1.78,1.4,-0.37,,,
7350,-7.49,-4.95,39.23,7350,2.74,1.92,0.25,,,
7360,-6.9,-6.47,39.23,7360,4.01,2.41,0.9,,,
7370,-5.49,-9.25,39.23,7370,5.48,2.71,1.56,,,
7380,-2.6,-12.32,39.23,7380,6.86,2.66,2.13,,,
7390,0,-15.74,39.23,7390,8.03,2.24,2.49,,,
7400,1.46,-19.15,37.22,7400,8.73,1.69,2.66,,,
7410,1.58,-21.17,35.14,7410,8.73,1.19,2.71,,,
7420,0.33,-23.56,33.63,7420,8.73,0.79,2.79,,,
7430,-0.63,-26.41,31.15,7430,8.73,0.58,2.95,,,
7440,-0.98,-29.54,26.49,7440,8.73,0.48,3.14,,,
7450,0.17,-32.32,19.27,7450,8.73,0.41,3.3,,,
7460,1.88,-33.1,13.48,7460,8.73,0.55,3.26,,,
7470,3.94,-32.66,6.91,7470,8.73,0.64,2.94,,,
7480,3.78,-30.72,2.18,7480,8.73,0.98,2.53,,,
7490,5.08,-28.54,-1.98,7490,8.73,1.41,2.17,,,
7500,5.67,-26.03,-6.13,7500,8.73,1.69,1.72,,,
7510,4.82,-23.46,-8.72,7510,8.73,1.9,1.28,,,
7520,3.59,-20.17,-9.47,7520,8.73,2.07,1.01,,,
7530,-1.76,-16.08,-6.63,7530,8.73,2.49,1.32,,,
7540,-1.2,-20.02,-8.51,7540,8.73,2.54,1.89,,,
7550,2.6,-18.25,-13,7550,8.73,2.34,2.05,,,
7560,4.4,-17.52,-17.62,7560,8.29,2.91,1.85,,,
7570,7,-18,-23.02,7570,6.89,3.13,1.49,,,
7580,8.54,-16.87,-27.36,7580,4.9,2.7,1,,,
7590,11.93,-13.72,-29.6,7590,2.67,1.85,0.32,,,
7600,9.91,-13.73,-28.03,7600,0.42,1.43,-0.65,,,
7610,7.66,-13.85,-23.99,7610,-1.45,1.17,-1.23,,,
7620,6.77,-14.04,-20.72,7620,-2.95,0.73,-1.61,,,
7630,6.59,-14.26,-18.64,7630,-4.22,0.22,-1.91,,,
7640,5.67,-14.58,-16.72,7640,-5.37,-0.18,-2.2,,,
7650,3.84,-15.76,-14.65,7650,-6.49,-0.54,-2.4,,,
7660,2.9,-16.94,-13.53,7660,-7.57,-0.82,-2.54,,,
7670,2.22,-18.53,-12.04,7670,-8.72,-1.03,-2.69,,,
7680,2.8,-20.44,-10.22,7680,-8.73,-1.15,-2.92,,,
7690,3.27,-23.45,-9.19,7690,-8.73,-1.21,-3.31,,,
7700,3.97,-28.38,-7.8,7700,-8.73,-1.26,-3.86,,,
7710,5.76,-33.73,-4.57,7710,-8.73,-1.42,-4.63,,,
7720,3.94,-39.23,1.59,7720,-8.73,-1.87,-5.51,,,
7730,0.12,-39.23,10.88,7730,-8.73,-2.23,-6.28,,,
7740,-3.76,-39.23,25.95,7740,-8.73,-2.33,-6.82,,,
7750,-8.22,-39.23,39.23,7750,-8.73,-2.33,-7.02,,,
7760,-11.99,-35.6,39.23,7760,-8.73,-2.02,-6.74,,,
7770,-16.38,-21.34,39.23,7770,-8.73,-1.58,-6.12,,,
7780,-23.73,-10.13,39.23,7780,-8.73,-1.61,-4.64,,,
7790,-22.78,-5.89,39.23,7790,-6.72,-1.74,-2.49,,,
7800,-13.57,-7.23,34.08,7800,-5.9,-2.15,-0.76,,,
7810,-4.19,-8.52,30.02,7810,-6.2,-2.42,0.06,,,
7820,5.79,-10.27,39.23,7820,-5.9,-2.24,0.05,,,
7830,9.56,-8.36,35.92,7830,-4.79,-1.44,-0.65,,,
7840,6.57,-8.76,32.6,7840,-3.82,-0.5,-1.62,,,
7850,1.09,-7.51,27.39,7850,-3.36,0.12,-2.12,,,
7860,-2.74,-6.38,27.16,7860,-3.2,0.4,-2.2,,,
7870,-5.22,-4.41,30.25,7870,-2.87,0.66,-2.08,,,
7880,-7.87,-2.39,33.48,7880,-2.04,0.99,-1.85,,,
7890,-10.57,-1.53,31.6,7890,-1.04,1.12,-1.33,,,
7900,-11.43,-1.34,28.86,7900,-0.23,0.9,-0.58,,,
7910,-9.53,-2.32,23.35,7910,0.31,0.51,0.25,,,
7920,-5.74,-3.41,19.57,7920,0.5,0.03,0.79,,,
7930,-2.69,-4.21,17.76,7930,0.58,-0.19,0.93,,,
7940,-0.7,-4.62,16.4,7940,0.73,-0.29,0.85,,,
7950,0.33,-4.59,14.71,7950,0.87,-0.31,0.66,,,
7960,0.49,-4.4,13.35,7960,0.98,-0.2,0.4,,,
7970,-0.05,-4.1,12.5,7970,1.06,-0.03,0.18,,,
7980,-0.71,-3.74,11.97,7980,1.17,0.21,0.01,,,
7990,-0.98,-3.54,11.65,7990,1.28,0.55,-0.12,,,
8000,-0.36,-3.25,10.99,8000,1.37,0.94,-0.3,,,
8010,-1.28,-3.22,11.39,8010,1.49,1.14,-0.45,,,
8020,-1.53,-3.3,10.78,8020,1.63,1.3,-0.48,,,
8030,-1.11,-3.29,9.84,8030,1.72,1.37,-0.53,,,
8040,-0.85,-3.41,9.08,8040,1.75,1.39,-0.62,,,
8050,-0.81,-3.4,8.74,8050,1.72,1.44,-0.7,,,
8060,-1.59,-3.55,8.26,8060,1.65,1.32,-0.7,,,
8070,-1.9,-1.36,8.58,8070,1.43,1.26,-0.68,,,
8080,-2.81,-1.4,9.51,8080,1.25,0.99,-0.55,,,
8090,-2.52,-1.94,9.88,8090,1.16,0.6,-0.44,,,
8100,-4.07,-2.01,10.2,8100,1.14,0.95,-0.31,,,
8110,-3.54,-1.62,9.45,8110,1.13,0.97,-0.05,,,
8120,-2.9,-2.81,9.12,8120,0.9,0.96,0.12,,,
8130,-0.91,-2.96,8.01,8130,0.6,0.77,0.16,,,
8140,0.31,-3.1,6.38,8140,0.01,0.39,-0.05,,,
8150,-0.31,-3.27,6.29,8150,-0.75,0.03,-0.26,,,
8160,-1.14,-3.22,8.33,8160,-1.36,-0.18,-0.38,,,
8170,-1.68,-2.96,9.5,8170,-1.75,-0.34,-0.43,,,
8180,-2.21,-2.58,11.36,8180,-1.87,-0.4,-0.47,,,
8190,-3.25,-2.12,13.62,8190,-1.62,-0.35,-0.49,,,
8200,-4.36,-2.28,13.78,8200,-1.23,-0.47,-0.33,,,
8210,-4.42,-2.54,12.96,8210,-0.95,-0.66,-0.05,,,
8220,-3.46,-2.97,11.85,8220,-0.8,-0.84,0.19,,,
8230,-2.37,-3.24,11.01,8230,-0.76,-0.99,0.29,,,
8240,-1.76,-3.22,10.75,8240,-0.74,-1.05,0.27,,,
8250,-1.92,-3.09,10.81,8250,-0.72,-1.04,0.22,,,
8260,-2.3,-3.03,10.77,8260,-0.69,-1.03,0.18,,,
8270,-2.16,-2.86,10.04,8270,-0.68,-1.16,0.21,,,
8280,-2.25,-3.24,10.16,8280,-0.81,-1.18,0.21,,,
8290,-2.22,-3.48,11.6,8290,-0.82,-0.96,0.24,,,
8300,-1.7,-3.15,12.17,8300,-0.66,-0.76,0.25,,,
8310,-0.95,-3.14,12.08,8310,-0.51,-0.65,0.22,,,
8320,-0.39,-3.3,11.61,8320,-0.41,-0.62,0.12,,,
8330,-0.4,-3.22,11.01,8330,-0.4,-0.64,-0.02,,,
8340,-0.78,-3.22,10.8,8340,-0.45,-0.7,-0.12,,,
8350,-2.03,-3.82,11.33,8350,-0.48,-0.81,-0.12,,,
8360,-1.98,-2.69,10.99,8360,-0.51,-0.82,-0.01,,,
8370,-1.66,-3.14,11.71,8370,-0.49,-0.79,0.04,,,
8380,-2.04,-2.87,12.24,8380,-0.43,-0.73,0.1,,,
8390,-1.5,-3.45,12.46,8390,-0.3,-0.65,0.19,,,
8400,-1.05,-3.39,11.59,8400,-0.21,-0.59,0.16,,,
8410,-0.59,-3.35,11.36,8410,-0.22,-0.52,0.11,,,
8420,-0.56,-3.41,11.38,8420,-0.23,-0.48,0.04,,,
8430,-0.42,-3.45,11.36,8430,-0.23,-0.46,-0.02,,,
8440,-0.51,-3.41,11.42,8440,-0.24,-0.45,-0.08,,,
8450,-0.79,-3.31,11.83,8450,-0.23,-0.45,-0.12,,,
8460,-0.68,-3.48,11.71,8460,-0.2,-0.48,-0.15,,,
8470,-1.33,-3.51,11.85,8470,-0.17,-0.4,-0.17,,,
8480,-1.3,-3.37,11.74,8480,-0.14,-0.39,-0.13,,,
8490,-0.85,-3.37,11.51,8490,-0.11,-0.38,-0.1,,,
8500,-0.27,-3.43,11.15,8500,-0.1,-0.35,-0.13,,,
8510,0.08,-3.47,10.71,8510,-0.12,-0.33,-0.23,,,
8520,-0.07,-3.45,10.41,8520,-0.19,-0.29,-0.33,,,
8530,-0.36,-3.31,10.4,8530,-0.26,-0.28,-0.39,,,
8540,-0.83,-3.62,10.45,8540,-0.33,-0.31,-0.4,,,
8550,-0.68,-3.52,10.4,8550,-0.41,-0.35,-0.41,,,
8560,-0.83,-3.47,10.45,8560,-0.47,-0.32,-0.43,,,
8570,-1.01,-3.47,10.64,8570,-0.52,-0.31,-0.43,,,
8580,-1.23,-3.46,10.92,8580,-0.53,-0.25,-0.4,,,
8590,-1.19,-3.56,11.05,8590,-0.51,-0.23,-0.34,,,
8600,-0.37,-3.45,10.36,8600,-0.52,-0.27,-0.34,,,
8610,-0.36,-3.62,10.35,8610,-0.61,-0.27,-0.43,,,
8620,-0.77,-3.69,10.63,8620,-0.68,-0.24,-0.45,,,
8630,-0.78,-3.67,10.83,8630,-0.72,-0.22,-0.44,,,
8640,-0.58,-3.69,11.07,8640,-0.74,-0.17,-0.45,,,
8650,-0.48,-3.67,11.32,8650,-0.75,-0.15,-0.46,,,
8660,-0.4,-3.73,11.61,8660,-0.76,-0.16,-0.47,,,
8670,-0.14,-3.79,11.53,8670,-0.77,-0.16,-0.49,,,
8680,0.1,-3.84,11.73,8680,-0.8,-0.17,-0.52,,,
8690,0.42,-3.93,11.89,8690,-0.84,-0.15,-0.57,,,
8700,0.54,-3.94,12.83,8700,-0.89,-0.02,-0.65,,,
8710,0.55,-3.88,14.49,8710,-0.85,0.12,-0.76,,,
8720,0.37,-4.02,15.63,8720,-0.71,0.19,-0.86,,,
8730,0.18,-4.23,16.64,8730,-0.6,0.18,-0.92,,,
8740,0.23,-4.7,18.07,8740,-0.52,0.16,-0.99,,,
8750,0.47,-5.03,20.62,8750,-0.41,0.17,-1.08,,,
8760,0.12,-5.31,24.08,8760,-0.2,0.19,-1.2,,,
8770,-0.98,-5.29,27.89,8770,0.16,0.18,-1.24,,,
8780,-2.23,-5.23,32.11,8780,0.73,0.22,-1.19,,,
8790,-3.84,-5.45,35.72,8790,1.52,0.24,-1.01,,,
8800,-5.27,-5.63,37.54,8800,2.43,0.25,-0.64,,,
8810,-5.47,-6.47,38.78,8810,3.44,0.25,-0.08,,,
8820,-5.32,-7.07,39.23,8820,4.42,0.31,0.41,,,
8830,-5.52,-8.4,39.23,8830,5.52,0.41,0.92,,,
8840,-4.92,-10.61,39.23,8840,6.72,0.62,1.48,,,
8850,-3.02,-13.37,39.23,8850,8.07,1.02,1.97,,,
8860,-1.46,-16.82,38.74,8860,8.73,1.44,2.39,,,
8870,-0.72,-19.98,34.46,8870,8.73,1.7,2.81,,,
8880,0.9,-23.28,31.74,8880,8.73,1.83,3.16,,,
8890,1.63,-26.01,30.51,8890,8.73,1.91,3.36,,,
8900,1.67,-28.58,28.68,8900,8.73,1.87,3.48,,,
8910,2.57,-31.07,24.62,8910,8.73,1.68,3.55,,,
8920,4.37,-32.66,19.28,8920,8.73,1.45,3.44,,,
8930,5.33,-32.71,14.94,8930,8.73,1.33,3.17,,,
8940,5.04,-32.68,8.29,8940,8.73,1.03,2.77,,,
8950,4.05,-31.25,1.4,8950,8.73,1.04,2.4,,,
8960,2.51,-26.71,-1.07,8960,8.73,1.82,2.02,,,
8970,2.49,-27.28,-3.14,8970,8.73,2.42,2,,,
8980,3.55,-25.49,-8.95,8980,8.73,2.39,1.91,,,
8990,4.41,-25.12,-13.61,8990,8.73,2.58,1.62,,,
9000,4.28,-23.06,-17.91,9000,8.73,2.55,1.31,,,
9010,5.58,-18.72,-23.74,9010,8.56,2.36,1.01,,,
9020,6.93,-16.79,-27.82,9020,6.53,2.1,0.55,,,
9030,5.96,-14.69,-29.05,9030,4.14,1.62,0.07,,,
9040,4.26,-13.27,-25.86,9040,2.05,1.13,-0.07,,,
9050,4.27,-11.7,-21.7,9050,0.57,0.7,-0.14,,,
9060,3.36,-11.12,-19.27,9060,-0.45,0.38,-0.25,,,
9070,2.56,-11.04,-18.85,9070,-1.4,0.16,-0.3,,,
9080,2.68,-11.08,-18.49,9080,-2.47,0.02,-0.38,,,
9090,2.62,-11.59,-17.02,9090,-3.63,-0.1,-0.5,,,
9100,3.36,-11.84,-14.72,9100,-4.6,-0.15,-0.62,,,
9110,4.74,-12.69,-12.93,9110,-5.47,-0.15,-0.86,,,
9120,5.89,-13.72,-12.1,9120,-6.39,-0.22,-1.24,,,
9130,7.47,-14.37,-11.71,9130,-7.48,-0.42,-1.74,,,
9140,8.29,-15.82,-10.58,9140,-8.66,-0.78,-2.38,,,
9150,7,-18.2,-10.17,9150,-8.73,-1.17,-3.07,,,
9160,4.78,-21.91,-10.01,9160,-8.73,-1.5,-3.63,,,
9170,3.71,-27.08,-8.52,9170,-8.73,-1.8,-4.12,,,
9180,2.82,-33.93,-5.91,9180,-8.73,-2.23,-4.52,,,
9190,2.36,-39.23,-1.14,9190,-8.73,-2.84,-4.77,,,
9200,2.37,-39.23,14.48,9200,-8.73,-3.35,-4.98,,,
9210,2.18,-39.23,31.95,9210,-8.73,-3.62,-5.15,,,
9220,-0.97,-39.23,39.23,9220,-8.73,-3.6,-5.28,,,
9230,-2.21,-34.63,39.23,9230,-8.73,-3.86,-4.78,,,
9240,3.44,-29.01,39.23,9240,-8.73,-3.65,-4.23,,,
9250,8.48,-23.67,39.23,9250,-8.73,-3.13,-4.35,,,
9260,5.98,-21.87,39.23,9260,-8.73,-2.35,-4.73,,,
9270,-1.13,-16.07,39.23,9270,-8.73,-1.12,-4.96,,,
9280,-10.02,-9.05,39.23,9280,-7.94,-0.42,-4.57,,,
9290,-17.79,-5.98,39.23,9290,-6.1,-0.24,-3.3,,,
9300,-15.88,-4.87,39.23,9300,-4.89,-0.09,-1.39,,,
9310,-7.43,-3.55,39.23,9310,-3.37,0.26,-0.02,,,
9320,-2.14,-5.91,35.3,9320,-2.53,0.96,0.08,,,
9330,-1.84,-6.04,34.42,9330,-1.9,1.15,0.18,,,
9340,0.86,-5.79,32.84,9340,-1.27,0.92,0.31,,,
9350,2.52,-5.63,31.54,9350,-0.72,0.52,0.19,,,
9360,0.38,-4.92,28.66,9360,-0.12,0.03,0.03,,,
9370,-0.78,-4.53,24.98,9370,0.25,-0.64,0.13,,,
9380,-1.16,-4.23,22.39,9380,0.54,-1.11,0.21,,,
9390,-2.06,-3.89,19.04,9390,0.84,-1.38,0.32,,,
9400,-2.15,-3.78,16.61,9400,1.06,-1.36,0.44,,,
9410,-2.39,-3.7,14.32,9410,1.24,-1.2,0.53,,,
9420,-2.46,-3.69,12.36,9420,1.32,-0.98,0.65,,,
9430,-1.97,-3.57,11.35,9430,1.34,-0.74,0.78,,,
9440,-1.32,-3.6,11.14,9440,1.38,-0.48,0.85,,,
9450,-0.58,-3.68,11.19,9450,1.44,-0.26,0.88,,,
9460,0.08,-3.82,10.79,9460,1.51,-0.12,0.88,,,
9470,0.62,-3.91,9.92,9470,1.5,-0.06,0.85,,,
9480,1.12,-4.02,9.43,9480,1.44,-0.05,0.78,,,
9490,1.62,-3.98,8.91,9490,1.34,-0.08,0.7,,,
9500,2,-3.84,8.57,9500,1.2,-0.1,0.58,,,
9510,1.99,-3.54,8.5,9510,1.08,-0.12,0.46,,,
9520,1.7,-3.2,8.52,9520,0.98,-0.14,0.38,,,
9530,1.54,-2.91,8.35,9530,0.88,-0.17,0.33,,,
9540,1.63,-2.81,8.39,9540,0.79,-0.21,0.31,,,
9550,1.68,-2.7,8.17,9550,0.7,-0.22,0.27,,,
9560,1.91,-2.67,8.05,9560,0.6,-0.18,0.22,,,
9570,2.16,-2.72,8.23,9570,0.5,-0.12,0.16,,,
9580,2.42,-2.78,8.51,9580,0.4,-0.05,0.05,,,
9590,2.38,-2.86,8.8,9590,0.29,0.01,-0.07,,,
9600,2.06,-2.63,9.26,9600,0.19,0.08,-0.19,,,
9610,1.36,-2.49,9.58,9610,0.1,0.09,-0.27,,,
9620,0.83,-2.29,10.22,9620,0.03,0.08,-0.29,,,
9630,0.48,-2.28,10.69,9630,0,0.05,-0.3,,,
9640,0.03,-2.07,11.22,9640,-0.02,0.07,-0.29,,,
9650,-0.54,-1.95,11.73,9650,0,0.09,-0.24,,,
9660,-0.71,-1.97,11.93,9660,0.05,0.09,-0.15,,,
9670,-0.37,-2.14,11.86,9670,0.09,0.06,-0.05,,,
9680,0.19,-2.38,11.83,9680,0.11,0.04,-0.01,,,
9690,0.41,-2.49,11.67,9690,0.11,0.05,-0.02,,,
9700,0.53,-2.58,11.52,9700,0.1,0.06,-0.04,,,
9710,0.72,-2.6,11.38,9710,0.08,0.08,-0.06,,,
9720,0.75,-2.65,11.29,9720,0.05,0.09,-0.1,,,
9730,0.79,-2.63,11.52,9730,0.03,0.09,-0.14,,,
9740,0.58,-2.44,11.86,9740,0.02,0.1,-0.19,,,
9750,0.25,-2.39,11.81,9750,0.02,0.1,-0.2,,,
9760,-0.11,-2.42,11.75,9760,0.01,0.11,-0.19,,,
9770,-0.01,-2.38,11.76,9770,-0.02,0.12,-0.17,,,
9780,0.23,-2.35,12.08,9780,-0.04,0.1,-0.15,,,
9790,0.4,-2.32,12.22,9790,-0.02,0.08,-0.15,,,
9800,0.38,-2.33,12.36,9800,0,0.08,-0.17,,,
9810,0.23,-2.17,12.12,9810,0.02,0.06,-0.19,,,
9820,0.02,-2.11,12.03,9820,0.02,0.02,-0.18,,,
9830,0.06,-2.06,11.89,9830,0.02,-0.02,-0.15,,,
9840,0.2,-2.09,11.82,9840,0.04,-0.05,-0.14,,,
9850,0.36,-2.21,11.51,9850,0.03,-0.03,-0.15,,,
9860,0.42,-2.15,11.46,9860,0.01,0.01,-0.17,,,
9870,0.32,-1.98,11.41,9870,-0.01,0.07,-0.19,,,
9880,0.24,-1.97,11.58,9880,-0.03,0.06,-0.2,,,
9890,0.26,-1.94,11.49,9890,-0.04,0.04,-0.19,,,
9900,0.45,-1.98,11.5,9900,-0.07,0.06,-0.21,,,
9910,0.47,-1.92,11.5,9910,-0.09,0.05,-0.24,,,
9920,0.21,-1.79,11.49,9920,-0.11,0.04,-0.25,,,
9930,0.12,-1.8,11.51,9930,-0.12,0.02,-0.24,,,
9940,0.2,-1.83,11.59,9940,-0.13,0.02,-0.23,,,
9950,0.21,-1.84,11.71,9950,-0.13,0.05,-0.25,,,
9960,-0.14,-1.67,11.75,9960,-0.13,0.08,-0.24,,,
9970,-0.3,-1.67,11.98,9970,-0.12,0.1,-0.2,,,
9980,-0.16,-1.7,11.97,9980,-0.09,0.1,-0.15,,,
9990,0.07,-1.8,11.96,9990,-0.08,0.1,-0.13,,,
10000,0.3,-1.9,11.94,10000,-0.07,0.12,-0.12,,,
10010,0.44,-1.96,11.79,10010,-0.06,0.14,-0.14,,,
10020,0.45,-2.04,11.7,10020,-0.07,0.15,-0.16,,,
10030,0.43,-2.05,11.84,10030,-0.08,0.17,-0.17,,,
10040,0.52,-2.01,12.03,10040,-0.08,0.16,-0.19,,,
10050,0.47,-1.97,12.17,10050,-0.08,0.16,-0.2,,,
10060,0.42,-1.96,12.13,10060,-0.07,0.15,-0.22,,,
10070,0.28,-1.88,12.09,10070,-0.06,0.13,-0.22,,,
10080,0.23,-1.95,11.86,10080,-0.05,0.09,-0.22,,,
10090,0.22,-1.9,11.74,10090,-0.06,0.05,-0.21,,,
10100,0.21,-1.94,11.66,10100,-0.09,0.02,-0.21,,,
10110,0.3,-1.94,11.79,10110,-0.1,0.02,-0.22,,,
10120,0.28,-1.9,11.85,10120,-0.1,0.04,-0.23,,,
10130,0.19,-1.92,11.74,10130,-0.09,0.06,-0.24,,,
10140,0.04,-1.86,11.66,10140,-0.1,0.06,-0.25,,,
10150,0.06,-1.86,11.64,10150,-0.12,0.07,-0.25,,,
10160,0.01,-1.81,11.77,10160,-0.14,0.08,-0.25,,,
10170,-0.17,-1.72,12,10170,-0.15,0.05,-0.23,,,
10180,-0.11,-1.65,11.95,10180,-0.14,0.02,-0.21,,,
10190,-0.09,-1.69,11.85,10190,-0.13,-0.01,-0.2,,,
10200,-0.03,-1.71,11.66,10200,-0.14,-0.02,-0.19,,,
10210,0.08,-1.72,11.69,10210,-0.16,0,-0.18,,,
10220,0.17,-1.7,11.78,10220,-0.16,0.02,-0.19,,,
10230,0.09,-1.65,11.96,10230,-0.15,0.04,-0.2,,,
10240,0.12,-1.67,12,10240,-0.14,0.03,-0.2,,,
10250,0.08,-1.64,11.94,10250,-0.13,0.01,-0.19,,,
10260,0.14,-1.67,12.01,10260,-0.13,0,-0.18,,,
10270,0.21,-1.59,12,10270,-0.13,-0.01,-0.17,,,
10280,0.31,-1.61,12.03,10280,-0.12,-0.01,-0.18,,,
10290,0.35,-1.75,11.8,10290,-0.11,-0.01,-0.18,,,
10300,0.42,-1.81,11.57,10300,-0.12,0.01,-0.2,,,
10310,0.52,-1.79,11.71,10310,-0.15,0.03,-0.22,,,
10320,0.39,-1.73,11.85,10320,-0.15,0.04,-0.25,,,
10330,0.28,-1.7,11.91,10330,-0.15,0.04,-0.26,,,
10340,0.15,-1.65,11.98,10340,-0.15,0.03,-0.26,,,
10350,0.06,-1.63,12.11,10350,-0.15,0.03,-0.24,,,
10360,0.14,-1.67,12.11,10360,-0.12,0.02,-0.24,,,
10370,0.2,-1.72,11.95,10370,-0.11,0.03,-0.24,,,
10380,0.18,-1.76,11.77,10380,-0.11,0.03,-0.24,,,
10390,0.16,-1.79,11.78,10390,-0.12,0.04,-0.25,,,
10400,0.17,-1.77,11.95,10400,-0.14,0.07,-0.27,,,
10410,0.06,-1.7,12.12,10410,-0.13,0.08,-0.28,,,
10420,-0.17,-1.63,11.96,10420,-0.12,0.08,-0.27,,,
10430,-0.24,-1.66,12,10430,-0.11,0.08,-0.26,,,
10440,-0.27,-1.7,12.01,10440,-0.11,0.07,-0.23,,,
10450,-0.2,-1.74,11.97,10450,-0.11,0.07,-0.21,,,
10460,-0.02,-1.8,11.91,10460,-0.1,0.06,-0.2,,,
10470,0.05,-1.81,11.68,10470,-0.11,0.06,-0.21,,,
10480,-0.07,-1.75,11.72,10480,-0.13,0.06,-0.21,,,
10490,-0.15,-1.75,11.89,10490,-0.14,0.05,-0.2,,,
10500,0.01,-1.75,12.05,10500,-0.13,0.04,-0.19,,,
10510,0.11,-1.77,12.01,10510,-0.11,0.03,-0.19,,,
10520,0.15,-1.81,11.65,10520,-0.12,0.01,-0.2,,,
10530,0.09,-1.84,11.56,10530,-0.15,0.02,-0.21,,,
10540,0.16,-1.79,11.74,10540,-0.17,0.05,-0.22,,,
10550,0.11,-1.68,12.01,10550,-0.16,0.06,-0.24,,,
1,,,,,,,,,,
